-- MySQL dump 10.13  Distrib 5.6.19, for debian-linux-gnu (x86_64)
--
-- Host: aurospaces.c1wxygxeznm5.us-west-2.rds.amazonaws.com    Database: neighbourhoodplatformdb
-- ------------------------------------------------------
-- Server version	5.6.22-log

/*!40101 SET @OLD_CHARACTER_SET_CLIENT=@@CHARACTER_SET_CLIENT */;
/*!40101 SET @OLD_CHARACTER_SET_RESULTS=@@CHARACTER_SET_RESULTS */;
/*!40101 SET @OLD_COLLATION_CONNECTION=@@COLLATION_CONNECTION */;
/*!40101 SET NAMES utf8 */;
/*!40103 SET @OLD_TIME_ZONE=@@TIME_ZONE */;
/*!40103 SET TIME_ZONE='+00:00' */;
/*!40014 SET @OLD_UNIQUE_CHECKS=@@UNIQUE_CHECKS, UNIQUE_CHECKS=0 */;
/*!40014 SET @OLD_FOREIGN_KEY_CHECKS=@@FOREIGN_KEY_CHECKS, FOREIGN_KEY_CHECKS=0 */;
/*!40101 SET @OLD_SQL_MODE=@@SQL_MODE, SQL_MODE='NO_AUTO_VALUE_ON_ZERO' */;
/*!40111 SET @OLD_SQL_NOTES=@@SQL_NOTES, SQL_NOTES=0 */;

--
-- Table structure for table `category`
--

DROP TABLE IF EXISTS `category`;
/*!40101 SET @saved_cs_client     = @@character_set_client */;
/*!40101 SET character_set_client = utf8 */;
CREATE TABLE `category` (
  `categoryId` varchar(36) NOT NULL DEFAULT '',
  `categoryName` varchar(50) DEFAULT NULL,
  `categoryDesc` varchar(10) DEFAULT NULL,
  PRIMARY KEY (`categoryId`)
) ENGINE=InnoDB DEFAULT CHARSET=latin1;
/*!40101 SET character_set_client = @saved_cs_client */;

--
-- Dumping data for table `category`
--

LOCK TABLES `category` WRITE;
/*!40000 ALTER TABLE `category` DISABLE KEYS */;
INSERT INTO `category` VALUES ('5249d4a5-fad0-44ab-9570-68abd7b12513','Health Care',''),('b213a572-e94a-4c8e-bd66-0a4767751fb5','Up keeping','');
/*!40000 ALTER TABLE `category` ENABLE KEYS */;
UNLOCK TABLES;

--
-- Table structure for table `customer`
--

DROP TABLE IF EXISTS `customer`;
/*!40101 SET @saved_cs_client     = @@character_set_client */;
/*!40101 SET character_set_client = utf8 */;
CREATE TABLE `customer` (
  `customerId` varchar(40) NOT NULL,
  `customerName` varchar(30) DEFAULT NULL,
  `mobileNumber` varchar(13) DEFAULT NULL,
  `email` varchar(50) DEFAULT NULL,
  `address1` varchar(300) DEFAULT NULL,
  `address2` varchar(100) DEFAULT NULL,
  `city` varchar(30) DEFAULT NULL,
  `pincode` varchar(6) DEFAULT NULL,
  `state` varchar(30) DEFAULT NULL,
  `password` varchar(30) DEFAULT NULL,
  PRIMARY KEY (`customerId`)
) ENGINE=InnoDB DEFAULT CHARSET=latin1;
/*!40101 SET character_set_client = @saved_cs_client */;

--
-- Dumping data for table `customer`
--

LOCK TABLES `customer` WRITE;
/*!40000 ALTER TABLE `customer` DISABLE KEYS */;
INSERT INTO `customer` VALUES ('028f9e52-6892-478c-b1f6-fbe4c1190f23',NULL,'9902312404','sandipbosecat2013@gmail.com','Jain boys Hostel, (1st floor) Jp nagar 6th phase, Behind Inchara Hotel, Landmark: Foodcity, Bangalore',NULL,NULL,NULL,NULL,'sandeep'),('04ba7f17-c8ff-4222-a3a4-121b3cc23981',NULL,'8888888888','h@j.com','kejwf',NULL,NULL,NULL,NULL,'9999999999999'),('05e2c428-bb11-406a-9fc7-14f698f8989d',NULL,'9026197616','mrashidakhan7@gmail.com','B-1102, Confident Aquila,Sompura circle,sarjapur road,blore\nMONEY REFER- Rishabh\nOrder refer- Sagar',NULL,NULL,NULL,NULL,'rashis'),('0ba7089e-95f5-4835-aafc-4b4c238d4833',NULL,'7411366041','ravichand.aryan@greenhoodgroup.com','St Johns Hospital, Koramangala Bangalore 560034',NULL,NULL,NULL,NULL,'123456'),('0c1a6c76-1083-497f-bb14-2f9c6482941a',NULL,'8553427983','mallikakumar093@gmail.com','108/6, Sri Ranga Nilaya, 7th cross, Thavarkere main road, Bangalore-560029',NULL,NULL,NULL,NULL,'mallika'),('0c73cbad-0aa8-419f-9770-6a684a24d615',NULL,'9916333791','6kishore6@gmail.com','#23 , 2nd cross 515 colony HAL 3rd stage New thippasandra, Bengaluru-560075',NULL,NULL,NULL,NULL,'basketball'),('0cdd0e0b-8f9a-461b-b772-e5faf3c5f470',NULL,'9535583513','rohith@gmail.com','dhwkghdwcuigduhoigduwqwhu',NULL,NULL,NULL,NULL,'9535772289'),('0cee0a8c-4f6a-4905-a14c-e2c022f7a77b',NULL,'9591039130','anisnational317@gmail.com','#774,17th main 23rd cross Hsr layout bangalore',NULL,NULL,NULL,NULL,'1234567'),('0e0f0186-61ed-4858-a2ec-217f730a5f67',NULL,'0980987565','g9090980987565@gmail.com','jhh',NULL,NULL,NULL,NULL,'90'),('0f014bd6-c8dd-4e9b-8c1d-abf8dfb3e7e6',NULL,'8971668699','wmogdoom@yahoo.com','#70/29,7th cross ,Balaji Nagar',NULL,NULL,NULL,NULL,'1234567'),('0ff52d38-f361-42d2-b1af-b2703cd7f5ae',NULL,'9916743775','rajat.isme141@gmail.com','B-1102, Confident Aquila, Sompura circle,sarjapur roadmblore\n Money refer- rishabh,\n Order by Sagar',NULL,NULL,NULL,NULL,'rajatt'),('107d2fd7-3af6-4cc1-a8cb-9812b1dd5ba9',NULL,'9738229871','sjarunkumar341@gmail.com','No 14 12TH CROSS 1ST MAIN SOMESHWARANAGAR JAYANGAGAR 1ST BLOCK BANGALORE -560011',NULL,NULL,NULL,NULL,'07bvc10019'),('10c787b5-49cd-4e1b-a4f9-4bd6a95422b6',NULL,'7022154962','sujeet.das2@gmail.com','\nhouse no. 9, 21st main, 19th cross, 5th phase, s.m.s layout, backside gate bohara masjid, JP nagar, 560078',NULL,NULL,NULL,NULL,'sujeet'),('10d171a2-d19e-4a62-8a14-6b9e2ef47fba',NULL,'9916825268','shahsunil1994@gmail.com','Jain boys Hostel, (2nd floor) Jp nagar 6th phase, Behind Inchara Hotel, Landmark: Foodcity, Bangalore',NULL,NULL,NULL,NULL,'sunils'),('11f36877-1837-460a-8b99-fb7ac3dfb871',NULL,'9880914370','mail2ravi_kumar@yahoo.com','48, 2nd main road, vinayaknagar, wilosn garden. Bangalore-560027',NULL,NULL,NULL,NULL,'ravi9999'),('12873b88-4a79-4925-a263-06244782e518',NULL,'9591347776','madhukv020@gmail.com','Doddabalapur main road, behind bmsite college, yelhanka 64 ',NULL,NULL,NULL,NULL,'9591347776'),('12cc1645-fb89-4c04-9534-7bff28f1672a',NULL,'9456787654','gtfrdesdf@gmail.com','rtgyhgtfr',NULL,NULL,NULL,NULL,'yhgtfrd'),('15dc010f-a2ad-4412-9936-53a506fc79ca',NULL,'9739501507','saurabh.jain.cool@gmail.com','#28, 8th main, 16 cross, ramaswamy layout, lakkasandra,',NULL,NULL,NULL,NULL,'saurav'),('16b1c6e4-bb44-497a-a3e9-5cb0e35cc597',NULL,'7022158131','jainanimesh13@gmail.com','#2, 17th Cross, 26th Main, JP Nagar 6th Phase Bangalore.',NULL,NULL,NULL,NULL,'1301ansh'),('1a318f94-3363-48bc-a7db-3753af5a3377',NULL,'9742607811','ashish.shukla2005@gmail.com','Ashish Shukla,\nFlat no F 202,\nMantri Woodlands,\nNear BPL,\nArekere , Bannergatta Main Road,\nBangalore - 560076',NULL,NULL,NULL,NULL,'rajaji'),('1aa1148b-1bd5-4bfe-84d5-4768731e9859',NULL,'9901022118','ankitkumargupta19@gmail.com','D401, Renaissance brindavan appartments, Uttarahalli main road, bangalore- 61',NULL,NULL,NULL,NULL,'punitt'),('1aa5cb29-c060-47ce-aad9-7fbb829b5d42',NULL,'8025501487','psr@hotmail.com','psr@hotmail.com',NULL,NULL,NULL,NULL,'test123'),('1bfc20ae-ee1d-43dc-bbd7-82a41233b245',NULL,'9886680449','Sumitchoudhary1@gmail.com','Hrs layout Sec 2',NULL,NULL,NULL,NULL,'India@121'),('1cfc6392-9311-4a47-b2c4-70694959cf54',NULL,'9880915829','sharelfran123@gmail.com','jain girls hostel, 403-D, abbaih reddy layout, behind inchara hotel, JP Nagar 6th phase, puttenhalli road.\nmoney ref_rishabh\nOrder_by sagar',NULL,NULL,NULL,NULL,'sharel'),('1d4d044c-56a8-4de0-af95-181f0b4a8c3f',NULL,'9901172704','enabirrahman@gmail.com','J 4/7, Phase 1,DRDO Complex, C V Raman Nagar, Bangalore , Karnataka, 560093',NULL,NULL,NULL,NULL,'noorena'),('1d740904-0780-4bb3-b74b-0e7d929d14ee',NULL,'8959595824','sagar.sndeep99@gmail.com','Bangalore, KA',NULL,NULL,NULL,NULL,'12345678'),('1d8a7241-dbf6-4d13-9d64-0174d27f31d1',NULL,'9945503165','srini.verve@gmail.com','No 204, Srinivasa Enclave, Green Glen Layout, Bellandur, Bangalore 560103',NULL,NULL,NULL,NULL,'savinirs'),('1e4d482a-d086-41bb-8329-8c13563375db',NULL,'9341226999','costbr@yahoo.co.in','#15,3rd main,anuguraha layout,bliekahalli',NULL,NULL,NULL,NULL,'1234567'),('1e65b7af-04b5-4e3b-a365-0a8774b73200',NULL,'9743645072','nancyjain2106@gmail.com','jain girls hostel, 403-D, abbaih reddy layout, behind inchara hotel, JP Nagar 6th phase, puttenhalli road.',NULL,NULL,NULL,NULL,'nancyj'),('1f38543c-c3fc-4211-9db8-15b989f387c9',NULL,'9883838090','chiddu@gmail.com','goro gd',NULL,NULL,NULL,NULL,'komodo'),('1f76545f-5622-4917-be6b-9816b652ffef',NULL,'8050495309','asarma42@gmail.com','jp nagar 5th phase near zeeshan restaurant ',NULL,NULL,NULL,NULL,'8050495309'),('1fdaede3-1522-4de5-a63e-1319d04dd165',NULL,'7022158312','sohamdasgupta16@gmail.com','JP Nagar 6th phase, Jain boys hostel, behind inchara hotel, landmark- foodcity.',NULL,NULL,NULL,NULL,'sohamm'),('2175c5a8-56bb-4ef6-98d6-f4b2c16135b6',NULL,'9810925588','ram@yahoo.com','jhgjhg',NULL,NULL,NULL,NULL,'147852'),('237f7524-0329-45d8-830e-896994c93cb5',NULL,'9999999999','test@test.com','Nothing great about',NULL,NULL,NULL,NULL,'9999999999'),('23e61aaf-2cfe-4173-8bb8-82c7c7196803',NULL,'9886988688','prash_suv@yahoo.co.in','202, Ashraya Apartments, Lane F-3, Thimmareddy Layout, Jeevanbimanagar, Bangalore 560075',NULL,NULL,NULL,NULL,'prash123'),('25b6dc5d-df02-473d-8a69-08b3475f506b',NULL,'9916749836','dhanjay33@gmail.com','1/18, 2 A cross, Dwarkanagar bsk 3rd stage, Hoskerhalli\n\n',NULL,NULL,NULL,NULL,'123456'),('2634d1a9-e1a9-4e48-bdb7-c454bc560648',NULL,'8147118396','merony9851@gmail.com','JP NAGAR 5TH PHASE, 18TH CROSS, 21ST MAIN,SHAMANA GARDEN\nHOUSE NO: 27, LANDMARK:GRILLS ',NULL,NULL,NULL,NULL,'abhik15'),('27f4124b-b507-4df1-8ee3-50b1e53f8648',NULL,'9916177199','sahana@aurospaces.com','76/4 30th cross,4th T block, tilaknagar,jayanagar,bangalore-41',NULL,NULL,NULL,NULL,'9916177199'),('2c4bb16c-9006-420d-8ca1-7f0abe590f21',NULL,'9738630144','sivabangaram279@gmail.com','#18,1st floor kripa telecom,Near D-mart,Electronic city phase-2,Bangalore.',NULL,NULL,NULL,NULL,'bangaram'),('2d81dfda-080a-4e3c-a3bf-c2c60318ce15',NULL,'9986983873','murthyn.1506@gmail.com','#423/4,4th floor,6th cross, 9th main,hsr layout,sector-1,banglore-560102',NULL,NULL,NULL,NULL,'123456'),('329a204c-95b8-43c3-bcba-3f29c22a3a10',NULL,'9742576988','wmogdoom@yahoo.com','#46/1,room no:114,7th cross,Balaji nagar',NULL,NULL,NULL,NULL,'1234567'),('32b1cfd8-f3ba-43eb-b916-e3432162d7eb',NULL,'9342045178','jayanna@gmail.com','Hsr layout bangalore',NULL,NULL,NULL,NULL,'123456'),('32e7b144-7c2b-49c7-8e57-3e30c0ad90f7',NULL,'9876543211','a@gmail.com','dubai main road',NULL,NULL,NULL,NULL,'123456'),('35dc90de-2f30-454f-b10e-36a9155ef267',NULL,'9986499119','swaathi.s11@gmail.com','145, 3rd E cross kasturinagar 2nd main road 560043',NULL,NULL,NULL,NULL,'jerrytom'),('36ddf6c9-2244-4b91-b1af-95e70aabf555',NULL,'9089787878','abc@fty.com','17 ashoka pillar bangalore',NULL,NULL,NULL,NULL,'wwwwww'),('375e2585-b390-4bab-b811-ae0bfab7b914',NULL,'9916781133','jabir.mnnit@gmail.com','Flat no. 301, 2nd floor, house no. 1551, 26th main road, sector 2, HSR Layout, Bangalore 560102',NULL,NULL,NULL,NULL,'salwmiad'),('388d80b6-855c-43dd-a31e-0120d274aa36',NULL,'8971369697','ami.lost1185@gmail.com','house no. 9, 21st main, 19th cross, 5th phase, s.m.s layout, backside gate bohara masjid, JP nagar, 560078',NULL,NULL,NULL,NULL,'ayushh'),('38d66c7d-54bc-432f-92c4-28c7e34419f8',NULL,'8861719526','amaljoy91@gmail.com','#16/44,18th cross,rajiv gandhi nagar,hsr layout,6th sector,bangalore',NULL,NULL,NULL,NULL,'pass123'),('39146c66-9912-4eff-8ce8-6dc45922f9ce',NULL,'9986412588','Natarajj316@gmail.com','Shamanna nursery jayanagar 1st block 3rd cross near pta school bang-560011',NULL,NULL,NULL,NULL,'123456'),('39378c38-7cd6-4ac9-9561-5c13b97c8059',NULL,'7259273968','prathima.deepamohan@gmail.com','No 177 VHBCS LYT MAHALAKSHMIPURAM 3RD CROSS NEAR MODI HOSPITAL (OR) PAVITHRA PARADISE BANGALORE 86',NULL,NULL,NULL,NULL,'123456'),('3da1505e-a3be-43c7-83f0-f4d4559ff1cc',NULL,'9900976682','naveeen444@gmail.com','singanayakana halli, behind post office, yelhanka-64',NULL,NULL,NULL,NULL,'9900976682'),('40b8783e-1cac-4b96-aa32-354007124cc4',NULL,'9035602487','md.ashraf073@gmail.com','#926, 16th cross, near water tank,  k s layout, bangalore- 560078',NULL,NULL,NULL,NULL,'ashraf'),('42411d61-d267-454e-aa9e-602ac07a1958',NULL,'9742666126','suvarnaanuj@gmail.com','F-208, Raheja Park apartments, Magadi main Road, Bangalore - 560079',NULL,NULL,NULL,NULL,'kannibhai101'),('43fffd71-0db4-4e6e-8c34-48d4d59e323f',NULL,'9698410991','asd@gmail.com','asdsadasjdnasjkn',NULL,NULL,NULL,NULL,'123456789'),('488d3f43-2ce6-471e-be78-8a55883d10f3',NULL,'9972747476','chetanrbjain@yahoo.in','Mahaveer Citadel,\n#104, 24th main, Opp to shobha apartments, 5th phase , JP Nagar, Bangalore 560078\nLandmark-nandini hotel',NULL,NULL,NULL,NULL,'chetan'),('493965a0-c0fd-4c99-af25-12c3ee174a86',NULL,'9590959002','fdgfdghgf@gmail.com','fdggfdgsdf',NULL,NULL,NULL,NULL,'fgfdgfgsdg'),('4a926103-23b0-4c40-99ac-0abb8748a5c3',NULL,'9435129907','merony9851@gmail.com','JP nagar 5th phase shamana garden near zeeshan restaurnat',NULL,NULL,NULL,NULL,'9435129907'),('4bae9afc-2cce-4df0-ae93-3f34c89b654b',NULL,'9900651621','anchita@aurospaces.com','B-24, Diamond District\nBangalore-560102',NULL,NULL,NULL,NULL,'krishna'),('4d3dc114-fe0c-46c7-8358-59d46dcc36b4',NULL,'9731664865','jagavarthy.n1991@gmail.com','Venkoba apartments,6th main,6th cross,kartik nethralaya hospital road,Ashok nagar,NR Colony,Basavanagudi-560050',NULL,NULL,NULL,NULL,'9731394455'),('4dd7e595-a4ba-482c-beb4-fe3cc98b0ec0',NULL,'8147581266','aaliya_sidd@yahoo.com','#22, jain hostel (girls), near foodcity, jp nagar 6th phase, behind inchara hotel, Bangalore\n\n',NULL,NULL,NULL,NULL,'aliyaa'),('5030eede-42a1-45b6-9c56-a27c80075eb2',NULL,'8884220260','gorantlagovardhan@gmail.com','Room - S5,srs pg home, no-2,17th cross, 26th main, murthappa garden, jp nagar 6th phase',NULL,NULL,NULL,NULL,'8884220260'),('50506173-f4cd-4b00-9965-c2b1fc8a8af7',NULL,'9631225778','mathuindia@gmail.com','Powai',NULL,NULL,NULL,NULL,'leader03'),('507680ff-7970-41d2-a5ba-a440e65c089e',NULL,'9980732289','rgowda22@gmail.com','407,28th main Hsr layout  1st sector. Near police station',NULL,NULL,NULL,NULL,'1234567'),('51d91803-6f1e-40da-9249-edcd30d745cf',NULL,'5223093213','hellothere@yahoo.com','hello there optimal',NULL,NULL,NULL,NULL,'resetpassword'),('537c2a98-5e46-4808-9c07-cb5f02c242a4',NULL,'8884369686','rajesh@creotech.in','790',NULL,NULL,NULL,NULL,'rare0825'),('538a2a08-63e6-46af-ae06-b90a71bfe260',NULL,'9090909090','a@gmail.com','booking again on same service id',NULL,NULL,NULL,NULL,'87u'),('53ca0cbe-0d04-492e-b819-a452c7c31099',NULL,'9980048899','saga.apple@gmail.com','NO1 ananda NR Layout Konena Agrahara Behind Rajeshwari theatre Old airport road Bangalore 560017',NULL,NULL,NULL,NULL,'Tjvunw5$'),('54770f21-5937-437f-b57f-eafba27c4851',NULL,'8959595824','daf@jkdf.ch','jkhflsdsd',NULL,NULL,NULL,NULL,'12345678'),('56971969-4c67-4043-897d-376222d6a325',NULL,'9035523504','sheilacherian7@yahoo.co.in','222, 3rd Cross, 4th Main,\nKoramangala 1st Block',NULL,NULL,NULL,NULL,'sheilacherian'),('576f16df-a0d5-45db-9ce5-b49e507d13f1',NULL,'1111111111','1111@1111.111','123\n456',NULL,NULL,NULL,NULL,'11111111'),('57f40909-72a7-4ec4-9f7f-f4db547b0a93',NULL,'8048739062','veena.sai84@gmail.com','2703 livingstone ln, Vienna , VA',NULL,NULL,NULL,NULL,'Sairam@2015'),('588061f9-d0b7-4b0b-a0b0-e99f32120e01',NULL,'8553460539','kishoremkrm@gmail.com','46/1,room no.116,7th cross balaji nagar ,',NULL,NULL,NULL,NULL,'1234567'),('58e3f7ab-6bfc-4e3a-8a20-c462b1ee06f8',NULL,'9916744478','sharma.gaurav051@gmail.com','2nd floor, No.51 \nSri Sai Nilayam\nVasantha layout,\nNear vadevi school\nMunnekolala\nBangalore - 560037',NULL,NULL,NULL,NULL,'sarita'),('5907a71d-5ed4-4728-bc70-ed8d38f97554',NULL,'8722226325','neerajain03@gmail.com','Jain boys Hostel, (1st floor) Jp nagar 6th phase, Behind Inchara Hotel, Landmark: Foodcity, Bangalore\n',NULL,NULL,NULL,NULL,'neeraj'),('594f13f1-2cf7-48e0-84ab-aa1a833839fa',NULL,'9538197217','divyavachani@yahoo.in','jain girls hostel, 403-D, abbaih reddy layout, behind inchara hotel, JP Nagar 6th phase, puttenhalli road.\n(3rd floor)',NULL,NULL,NULL,NULL,'divyaa'),('5a34bc26-c627-4792-a99f-45e8ebc00f7f',NULL,'8147239008','sudhirchiwate@gmail.com','103/A, VP Road, Old Madivala\nLand Mark: Near Someshwara Temple',NULL,NULL,NULL,NULL,'sudeera'),('5ad6cf67-c1dc-46da-9e39-32f67ab9301e',NULL,'9035064311','swathi.soniyo@gmail.com','#276,3rd B cross , 3rd stage, 2nd block, basaveshwaranagar, bangalore-79',NULL,NULL,NULL,NULL,'9035064311'),('5b798f3d-49f0-48fb-9a48-e41835677cd8',NULL,'undefined','undefined','undefined',NULL,NULL,NULL,NULL,'undefined'),('5be4c020-b709-4915-bd23-539f913bde12',NULL,'9886370182','shankard25@gmail.com','#738 15A main 3rd sector hsr layout hsr club road',NULL,NULL,NULL,NULL,'123456'),('5c367e4c-fe44-40c7-8d94-ee9ee96fa78e',NULL,'9916752812','Uppalapathi@gmail.com','#746,7th cross, 13th main BTM 2nd stage bangalore-76',NULL,NULL,NULL,NULL,'9916752812'),('5d9088f2-dbed-4beb-b861-9316e18c944b',NULL,'8884190407','charu.priya@gympik.com','near CMS B School, lane opposite to SBI ATM, near Food city, JP nagar 6th Phase, Bangalore',NULL,NULL,NULL,NULL,'884190407'),('5e163d2a-749e-4f1d-a865-89f7fdf840c1',NULL,'9916963108','gurureddy66@gmail.com','room number-S5, srs pg homes, neare food city, jp nagar 6th phase ',NULL,NULL,NULL,NULL,'9916963108'),('5f853e99-3b32-466f-8468-41e80218f992',NULL,'9901200552','praha1991@gmail.com','SF02, Zaanz Apartments, ST Bed Layout,\nKoramangala 4th Block',NULL,NULL,NULL,NULL,'aurospaces'),('63af7b3e-0f53-41c3-9d76-1ee421d999f4',NULL,'9916963036','uma.judi@gmail.com','76/4 30th cross 4th T block tilaknagar jayanagar bangalore 41',NULL,NULL,NULL,NULL,'1234567'),('649b2a05-c8b9-4e2c-a191-c9951432e377',NULL,'8884342888','supreeth.siddu@gmail.com','#65, 3rd floor , SURYA VAMSHI layout, \nDoddaballapur mainroad, Naganahalli,\nYalahanka-64 ',NULL,NULL,NULL,NULL,'8884342888'),('64a1c480-80e5-4971-86f8-2156f1b6bbce',NULL,'9176016949','krishnakumar.nair83@icloud.com','Room -9,#80,7th cross Balaji Nagar ',NULL,NULL,NULL,NULL,'1234567'),('6583a5e8-d270-4ee5-bde9-2b9e4d10f540',NULL,'9663828220','mrahulkanth@gmail.com','SRS PG Homes, near CMS B School, near food city',NULL,NULL,NULL,NULL,'9663828220'),('65d518cc-7e72-457f-bccb-81feba63bdeb',NULL,'8105995003','alkaahelleya@gmail.com','Flat 801, Block 17A\nSuncity Apartments, Sarjapur Outer Ring road junction,\nIbblur, Bangalore',NULL,NULL,NULL,NULL,'spinoza0'),('66106c1b-5195-41fc-af84-c23bd411872c',NULL,'9900740936','hppetrolbunk@gmail.com','HSR Layout',NULL,NULL,NULL,NULL,'123456'),('67934818-cb45-4475-a7e3-ff305dedb005',NULL,'8951015042','sarfarazbaig581@gmail.com','#3038, 5th cross, water tank, k s layout, bangalore- 560078',NULL,NULL,NULL,NULL,'baig3038'),('67e74b4d-23d8-434a-a9bd-340da9cd0144',NULL,'8043346315','praveen.java7@gmail.com','2302 hickorycreek cir',NULL,NULL,NULL,NULL,'password123'),('6850e751-87eb-4476-a619-e9d751684cf8',NULL,'9141932580','lakshmimn16@gmail.com','1674,5th cross ,6th main,rpc layout,hampinagar,vijayanagar',NULL,NULL,NULL,NULL,'1234567'),('69d37097-1c87-4049-bc47-3abb1eb69f79',NULL,'9986137065','uma.judi@gmail.com','#76/4,30th cross,4th T block,thilak Nagar,jayanagar',NULL,NULL,NULL,NULL,'1234567'),('6b29949e-e933-4436-bbde-24b1832af84f',NULL,'9742770799','sunitha.sap@gmail.com','205 6th blk 18th main rd koramangala ground floor bangalore',NULL,NULL,NULL,NULL,'123456'),('6b406568-c875-47bb-9756-a874260efbf5',NULL,'9986342290','sahanaspoojari@gmail.com','76/4 30th cross 4thT block tilaknagar jayanagar bangalore -41 ',NULL,NULL,NULL,NULL,'9986342290'),('6d10c60b-e686-4cd8-8613-c885711bce40',NULL,'7760746303','Mithundj06@gmail.com','#3/21 , 1st floor\n7th cross\nBhavani layout\nOpp thavarekere park\nBangalore\nKarnataka 560029',NULL,NULL,NULL,NULL,'yennaAURO'),('6d3011e0-e6da-4760-8340-6f2f04da2e2a',NULL,'9663429007','nshona32@gmail.com','house no 24/1, 31st main, abbiah reddy layout, jp nagar 6th phase bangalore',NULL,NULL,NULL,NULL,'vickyneha'),('6ec66a90-cc4c-4b95-a4b3-4a3cf4178d59',NULL,'9845402456','vekatesh.cm@gmail.com','#40 1st main KR garden Murugeshpalya Bangalore 17',NULL,NULL,NULL,NULL,'Tjvunw4$'),('71a15f27-f663-41e4-ae23-3666a7a05c5e',NULL,'7204088798','ishwardhotargaon@gmail.com',' no. 7th main, 1st cross veerabadhra swami temple, doddanagamangala, e-city post, bangalore 560100.',NULL,NULL,NULL,NULL,'ishwar'),('71d718ef-187a-4668-92ae-3a33e280f1f9',NULL,'9886018233','anand.anwekar@gmail.com','2024 Sobha Cinnamon Haralur Road Off Sarjapur Road Bangalore',NULL,NULL,NULL,NULL,'Siya4jan'),('7273e1a0-c15a-4f76-a722-26d46522eb57',NULL,'9731012598','pinkydev0@gmail.com','jain girls hostel, 403-D, abbaih reddy layout, behind inchara hotel, JP Nagar 6th phase, puttenhalli road.',NULL,NULL,NULL,NULL,'pinkyy'),('745fed8d-b135-4cd0-b986-a05d881a07a1',NULL,'8892072059','kripastores@yahoo.com','KRIPA TELECOM ,NO.18,FIRST FLOOR, ELECTRONICS CITY .PHASE-2,Bangalore.\n',NULL,NULL,NULL,NULL,'123456'),('74a51b71-ac32-491f-97dc-6e9bd94c9230',NULL,'8056352099','vidyash21@gmail.com','G2, sapthagiri meadows, jp nagar 6th phase\nNear big market\nPuttenahali',NULL,NULL,NULL,NULL,'dunnowassup'),('752f8e3d-d1ae-46ad-b626-b4de1207d3c8',NULL,'9901232591','kkiran0894@gmail.com','145 3rd E cross 2nd main road kasturinagar 560043',NULL,NULL,NULL,NULL,'jerrytom'),('76787762-68fd-4684-8ba2-14cc6dc3ac50',NULL,'8792729264','sonaldaga35@gmail.com','#22, 2nd floor, jain hostel (girls), near foodcity, jp nagar 6th phase, behind inchara hotel, bangalore\n',NULL,NULL,NULL,NULL,'sonald'),('77bca3f5-ade3-4ea0-98f6-928a97367260',NULL,'8095991377','namitjain990@gmail.com','#24, 001 ground floor shradhmangal apt., VV Puram, Bangalore - 560004',NULL,NULL,NULL,NULL,'namitj'),('79357038-6b60-44d2-aa86-f3a5278d57fb',NULL,'8792575852','vidhansanghvi18@gmail.com','#8/1, Opposite Shradha nursing home, Near Shiva Theater, Kormangala 8th Block.',NULL,NULL,NULL,NULL,'123456'),('79906bd4-bf43-4a2f-9ced-9133efd6d906',NULL,'7275890625','abhinav.159793@gmail.com','B-1102, Confident Aquila, Sompura circle,sarjapur roadmblore\n Money refer- rishabh, \nOrder by Sagar',NULL,NULL,NULL,NULL,'abhinav'),('7c3da4e3-d35e-43a3-b657-a9dc186bb1e4',NULL,'8095045886','Muralikumar819@gmail.com','#37 1st main Manjunatha layout  Bangalore 68',NULL,NULL,NULL,NULL,'123456'),('7d3f3a9f-0d5d-4273-95e0-4a0bdb4dd001',NULL,'9945646013','witsyraksha@gmail.com','#18, Sri Cauvery Nilaya, 5th cross. Balaji layout, Hongasandra, Begur main road, Blore - 560 068',NULL,NULL,NULL,NULL,'shinchan'),('7da55964-a8d0-41b5-a848-12fd7b94d2ba',NULL,'8028717263','abc@gmail.com','Andhra Pradesh',NULL,NULL,NULL,NULL,'srirama'),('7e95f81d-00c4-4bca-afab-3054f7e7c6f2',NULL,'7259699314','akashbafna93@gmail.com','No.15, 3rd Floor, 23rd main, JP Nagar 2nd phase, Marenahalli, Bangalore-560078',NULL,NULL,NULL,NULL,'123456'),('7e990ec4-7671-4723-9606-fbb9287fea5e',NULL,'9886225023','nirmalya.mohanty12@gmail.com','54, 3rd cross, royal shelters, devarachikanahalli, Bangalore- 76',NULL,NULL,NULL,NULL,'neel1224'),('80799946-873c-454a-9818-923ffc0cedb3',NULL,'9448826557','jenitha_i@yahoo.com','# B304 Salarpuria Apts HSR Lyt 7th sector Bangalore 560102',NULL,NULL,NULL,NULL,'123456'),('80b0807e-384d-4a56-9d79-930a5d5a2e4a',NULL,'9535573333','sandeshrocks777@gmail.com','#5, shree sagar,HMT main road, opposite to munishwara temple, Mathikere , bangalore-560054',NULL,NULL,NULL,NULL,'sony@123'),('80ba6d72-cb59-41d9-a558-218ee92b2379',NULL,'9742329446','lokesh.ramamurthy@gmail.com','NO.123, Balaji Layout, 3rd Cross\nBabbusapalya bangalore-43',NULL,NULL,NULL,NULL,'keshloki123'),('816a1fef-f1f4-49ee-990d-c8f8e96ef80c',NULL,'9632003084','guru.2015@yahoo.com','#402/22, 13th main ,17th cross ,Venkateshwara layout ,Madiwala',NULL,NULL,NULL,NULL,'1234567'),('822e694f-c232-467b-8b87-d593b13aff84',NULL,'9632840005','nagarajkorrapati99@gmail.com','Bellandur 7th cross, Bangalore, Naear bellandur central mall',NULL,NULL,NULL,NULL,'Jamesbond001'),('82ecb68f-7fb2-45b7-a979-3b9ed3dd34fb',NULL,'8884666202','sharon.augustian@gmail.com','Flat no 104, house no 6 , 3rd cross, K R layout, J P nagar 6th phase, bangalore',NULL,NULL,NULL,NULL,'sharon'),('8411ea30-144c-475c-9831-568c9a6f8a46',NULL,'7411648721','jig.doshi1993@gmail.com','5th block hbr layout nagwara kalyanagar post\nbangalore -43',NULL,NULL,NULL,NULL,'jigar doshi'),('849580d7-514d-4de4-a13a-c0f1a2a13fdb',NULL,'9845175194','dsouza.david5@gmail.com','No 2B Cornwell Classic, 13 Cornwell Road, Langford Gardens Bangalore 560025',NULL,NULL,NULL,NULL,'123456'),('84ece5bb-2887-4077-8f08-1aea7bee69f6',NULL,'9343823345','rahulvijaykumar086@gmail.com','#71/b,7th cross ,Balaji nagar',NULL,NULL,NULL,NULL,'1234567'),('85c90c98-0db6-4be7-b686-53986cd11b59',NULL,'8197506806','gauravgj0610@gmail.com','#28, 8th main, 16th cross, Ramaswamy Layout,Bangalore,\n\nMoney order by Rishabh\n\nOrder refered by Sagar',NULL,NULL,NULL,NULL,'gaurav'),('861ae407-e6ce-46f5-bfd0-290082da05b8',NULL,'9880752439','d.sangeeta13@gmail.com','E-603, Jacaranda Block, Brigade Millenium, JP Nagar 7th Phase\nBangalore 560085',NULL,NULL,NULL,NULL,'1234567'),('8756ecbf-3e84-487b-a0b5-ed88291850fb',NULL,'9686451631','u.swati.24@gmail.com','jain girls hostel (3rd floor ), 403-D, abbaih reddy layout, behind inchara hotel, JP Nagar 6th phase, puttenhalli road.\n',NULL,NULL,NULL,NULL,'swatii'),('87e1ef9a-bbc5-4f9a-a69a-ee384e13297c',NULL,'9880763941','chiddu@aurospa.com','#218, 1st floor, 9th main, HSR Layout Sector 6, Bangalore - 560034',NULL,NULL,NULL,NULL,'chiddu'),('887cec02-1111-4db6-a1be-43900d4f59a2',NULL,'7829783277','caneha31@gmail.com','house no. 3384, 2nd main, 13th cross, Shastrinagar, KR Road, Bangalore-560028',NULL,NULL,NULL,NULL,'nehaaa'),('88edf27e-9776-4455-b99c-232b37c614ff',NULL,'9620159757','iamjnbharath@gmail.com','#52,EWS, 63 Experimental House,707 SFS, 4th phase,near dairy circle  Yelahanka newtown Bangalore-560065',NULL,NULL,NULL,NULL,'123456789'),('897183b5-abfb-44a3-8398-78212311a11d',NULL,'9892989298','Sss@fff.com','Hello street',NULL,NULL,NULL,NULL,'hhhggh'),('89ac741a-75bb-43ec-8773-df3a3f18a283',NULL,'9620666901','sameer.agarwal.blr@gmail.com','hsr sector 3',NULL,NULL,NULL,NULL,'rare0825'),('8b8bbd17-df25-4d41-9411-38c952e9576f',NULL,'9810991160','dhananjay.maan@gmail.com','A-1533',NULL,NULL,NULL,NULL,'123456'),('8cead587-abe3-4aa2-9d74-e08dcc30e34a',NULL,'9916997503','lopamudra.sen@gmail.com','Doddanakundi, Marathalli',NULL,NULL,NULL,NULL,'apol1984'),('8d7fe1d0-fc06-4dff-a621-28c21d49f25f',NULL,'9611125430','raj@aurospaces.com','2013, Sobha Cinnamon Apartments, Harlur Road, Near Kudlu village, bangalore- 560102',NULL,NULL,NULL,NULL,'123456'),('8ef0f550-0f04-4ff2-9c45-76df64f864f0',NULL,'9797979797','testing@gmail.com','Just testing how it works.\nNot need to worry.',NULL,NULL,NULL,NULL,'tb123321'),('900e0aa3-a25c-4cd6-a46d-6b2261d2047c',NULL,'9739987299','ramadevi.kolukula@gmail.com','101 srinivasa enclave 98/100 green glen layout\nbellandur, bangalore 560103',NULL,NULL,NULL,NULL,'mahalakshmi'),('921bf2c0-c553-4d2a-a59c-f380eeed1ae5',NULL,'8105370401','digan77@gmail.com','b-1102,Confident Aquilla, Sompura circle,Sarjapur road,Blore.\n\nMoney refer- Rishabh\nOrder by Sagar',NULL,NULL,NULL,NULL,'digann'),('9424d0df-86bb-441f-9634-6558d72f4877',NULL,'9686967669','hiteshsub@gmail.com','#19/A 23rd cross hsr layout 3rd sector near narayana health',NULL,NULL,NULL,NULL,'123456'),('94348691-abef-4b58-8b16-494802e2cbbf',NULL,'3543543543','dgfdg@dfgdfg.dfg','sdfdsfdfdsfdfsdf',NULL,NULL,NULL,NULL,'123'),('95443625-75b9-4691-bd81-34cd831ffca2',NULL,'9845401568','Adhikary.laxmi@gmail.com','686. 12 cross. 27 main. 1 sector. Hsr layout. Booked by raj. Make sure service is free. ',NULL,NULL,NULL,NULL,'laxmia'),('9730625c-d9ff-4713-93d0-74c2659f920a',NULL,'9124123242','das.atul2012@gmail.com','Flat No-D/2,2nd Floor,Bishnupriya Apartment,Jayadev Vihar,Bhubaneswar-13,Orissa\nSalia Sahi',NULL,NULL,NULL,NULL,'saibaba@1010'),('99bae633-acd5-4544-bc91-d588c7180788',NULL,'9916267482','karthika.kr89@gmail.com','No 42, Chaitra nilaya, 1st floor 6th cross,\nBhuvaneshwarinagar, kempapura Hebbal, \nBangalore - 560024',NULL,NULL,NULL,NULL,'anujisapain'),('9ab3ccc7-894c-436f-9354-2e96c9a3ae02',NULL,'9964984551','rshabhjain.jain48@gmail.com','Jain boys Hostel, (1st floor) Jp nagar 6th phase, Behind Inchara Hotel, Landmark: Foodcity, Bangalore\n',NULL,NULL,NULL,NULL,'rishabh'),('9af97447-db08-41ae-b2f6-260bcf67f738',NULL,'9886294322','pwoolvara@gmail.com','No 9 Pooja Nilaya 20g Cross Ejipura Main Rd Viveknagar Post Bangalore',NULL,NULL,NULL,NULL,'123456'),('9ba2f0d7-9679-4696-945c-a95faf2f1411',NULL,'9743656568','murali@auropsaces.com','#218, 1st floor, 9th main, HSR 6th sector, banglore 560102',NULL,NULL,NULL,NULL,'123456'),('9c6b76b7-31ce-4e52-9e8b-5b0e105332fe',NULL,'9742706932','nimisha1191@gmail.com','#20,annaiah layout,near manasa vidya kendra, jp nagar 6th phase',NULL,NULL,NULL,NULL,'9742706932'),('9ccd1895-20c7-408b-be74-1e15b60d74b3',NULL,'9019923769','nikitasinghania@outlook.com','jain girls hostel (3rd floor), 403-D, abbaih reddy layout, behind inchara hotel, JP Nagar 6th phase, puttenhalli road.\n',NULL,NULL,NULL,NULL,'nikita'),('9d2feced-8d3b-466c-b3cd-8932245f68f4',NULL,'9740134673','pawaramita1201@gmail.com','Astalaxmi layout 1st main, jp nagar 6th phase, Bangalore\n\nNeed the service on Saturday 18th July time: Evening. 4 to 7 \nReferred by Sagar paul . ',NULL,NULL,NULL,NULL,'amitaa'),('9e7b1fe5-b38f-46aa-9715-a2dd6e9ab012',NULL,'9019396611','muralikumar819@gmail.com','#10,6th cross, 11th main vidya Jothi nagar, hongasandra bangalore 560068',NULL,NULL,NULL,NULL,'arun kumar'),('9e9087ce-18c4-4720-b19d-18738285f1bd',NULL,'8123102934','sunilchandverma@gmail.com','Jain boys Hostel, (2nd floor) Jp nagar 6th phase, Behind Inchara Hotel, Landmark: Foodcity, Bangalore',NULL,NULL,NULL,NULL,'sunilc'),('9eeeda12-ef49-41b8-90b6-dc8c061c72ce',NULL,'9538760705','sonica.agrawal27@gmail.com','Flat B-2, Abbaih Reddy Homes, near food city, JP Nagar, 6th phase, behind Inchara Hotel, Bangalore',NULL,NULL,NULL,NULL,'sonica'),('9fdc2e5d-0c21-4551-b02a-ef3cbe6c36a9',NULL,'8095033099','harshi9393@gmail.com',' Shankar puram\nNo.26 karnic road',NULL,NULL,NULL,NULL,'1234567'),('a07e221e-8377-4a63-b660-f0612983ecfb',NULL,'7022158128','shivangimundhra@yahoo.com','jain girls hostel 403-D, Abbhaih reddy layout, behind Inchara Hotel, JP Nagar, 6th phase, puttenahalli road',NULL,NULL,NULL,NULL,'shivangi'),('a1f999e4-1f94-4f84-ba2e-cefd89785d22',NULL,'8527852180','dipanshua32@gmail.com','room no. 208, Sri Sai Nest,\nNo.12, 30th main, 6th phase, JP Nagar, Bangalore -78',NULL,NULL,NULL,NULL,'dipanshu'),('a228af73-eda3-4d26-a2e9-8c313e9ab99c',NULL,'9972395358','mamtaarora969@gmail.com','#44/1, opp. brigade mellenium appartments, kothanoor main road, jp nagar 7th phase,bangalore-560078',NULL,NULL,NULL,NULL,'1234567'),('a48a21f3-06fd-4fb8-bf02-ea5fbdb73cb0',NULL,'9686233110','sachinshinde083@gmail.com','#212, Mahaveer Sanctum Annexe, first floor, LBS Nagar, Bangalore -560075',NULL,NULL,NULL,NULL,'man28ager'),('a542a2f5-4366-4d01-b987-612193830e03',NULL,'9964983739','amrutha.princess16@gmail.com','46/2 no.2 7th cross balaji Nagar ',NULL,NULL,NULL,NULL,'blacky16'),('a61c438c-d302-4b2c-92b3-f76e6c01b665',NULL,'9886828883','sagar.reddy003@gmail.com','#121/2, bassappa reddy circle, opp to HDFC bank ATM rupenarghara hosur raod banglore 68 ',NULL,NULL,NULL,NULL,'sagarreddy'),('a63656d1-71e2-441e-842f-0449ffebbf7c',NULL,'9945827347','ambi.aithal@gmail.com','#173, 2nd Floor, 13th Cross\nAvalahalli, Girinagar\nLand mark: Avalahalli BDA park bus stop ',NULL,NULL,NULL,NULL,'prashanth'),('a7059688-0ca4-4046-96de-39f469f9ba5a',NULL,'9845762275','vikasbafna86@gmail.com','No.71, 21st A main, JP Nagar 2nd Phase, Marenahalli, Bangalore-560078',NULL,NULL,NULL,NULL,'123456'),('aa6c9994-8f4d-469a-ab17-43602bf1ee22',NULL,'9632415786','jatinrx135@gmail.com','326, ground floor, 5th cross, 1st main, koramangla, 7th block.',NULL,NULL,NULL,NULL,'jatinn'),('abd4e6b6-d153-4be4-9834-724e247a454f',NULL,'9845065950','Prabhakarrao.cm@gmail.com','Site No 1 ',NULL,NULL,NULL,NULL,'pranal'),('af048f21-1411-42ea-9eba-11d6aba2026f',NULL,'9886937482','rajesh.vijayakumar@aurospaces.com','hjbdjsfdsfsdfdsf',NULL,NULL,NULL,NULL,'1234567890'),('b03facac-48e1-43e9-a376-1b296ecf627b',NULL,'9591888337','deepakhunk001@gmail.com','Mahaveer Citadel,\n#104, 24th main, Opp to shobha apartments, 5th phase , JP Nagar, Bangalore 560078\nLandmark-nandini hotel',NULL,NULL,NULL,NULL,'deepak'),('b0b8e70d-7c36-450c-8fba-6a2c6bbf2dc2',NULL,'9425204506','2305pawanksharma@gmail.com','2nd floor, No.51 \nSri Sai Nilayam\nVasantha layout,\nNear vadevi school\nMunnekolala\nBangalore - 560037',NULL,NULL,NULL,NULL,'pawans'),('b1f937c8-ec78-48a3-8f6a-c86cae10164c',NULL,'8147234701','md.ashraf073@gmail.com','962,16th cross, 1 stage, Kumar swamy layiut, Bangalore',NULL,NULL,NULL,NULL,'sahill'),('b3e6e51e-5a31-4466-864f-786d41db3e97',NULL,'9035555579','Seenureddy10@gmail.com','5/9 8th cross harikruppa govindrajanagar Bangalore -560040',NULL,NULL,NULL,NULL,'9035555570'),('b504060e-a4be-41b6-833d-6157e0e17804',NULL,'9742557757','abdul@aurospaces.com','Koramangala PIZZA HUT',NULL,NULL,NULL,NULL,'123456'),('b5d8c16d-2ed5-4c08-a2bc-697de2124498',NULL,'8095933790','lakshmimn16@gmail.com','Door no.1674,6th main,5th cross,2nd stage,rpc layout,vijayanagar',NULL,NULL,NULL,NULL,'1234567'),('b761ea49-3349-430a-9720-6d126556b4b2',NULL,'8867616563','ashutosh@gmail.com','yelahanka, Bellandur',NULL,NULL,NULL,NULL,'8867616563'),('b88af0a2-28a7-462f-9ed2-38b6940b40f2',NULL,'7777777777','e@d.com','747474',NULL,NULL,NULL,NULL,'uuuuuuuuuuuuu'),('b92f9caf-23bf-4448-904e-7e6855e0bb8d',NULL,'7353752042','sahanaspoojari@gmail.com','#20, annaiah lay near manasa vidhya Kendra jp nagar 6th phase bang-78 ',NULL,NULL,NULL,NULL,'7353752042'),('bb5d6143-634b-4fc6-b958-3f4923183e98',NULL,'9000004088','gorantlagovardhan@gmail.com','room no- S6, SRS pg, Jp nagar 6th phase',NULL,NULL,NULL,NULL,'9000004088'),('bea2bdc8-92a5-4102-bccf-e5ea79ce97fc',NULL,'9880909066','athmapatilgs@gmail.com','near Tavarekere bus stop',NULL,NULL,NULL,NULL,'savan123'),('c01cfebd-f682-476f-9ccd-e0a0d169841b',NULL,'9900142096','parkinn214@gmail.com','domlur club',NULL,NULL,NULL,NULL,'123456'),('c0dcdc70-7418-45d2-b315-a54a129f2b04',NULL,'8892104211','Pratiklaljoshi@gmail.com','Flat no 104, house no 6 , 3rd cross, k r Layout, J P nagar 6th phase',NULL,NULL,NULL,NULL,'cookie'),('c2c20926-5b6c-4694-b94e-b5e57d875e61',NULL,'9916611011','Siddubanse@gmail.com','40 2nd floor BTR Garden, Kudlu Gate, Blore',NULL,NULL,NULL,NULL,'123456'),('c35c1127-7c11-4231-b282-75247b2853a9',NULL,'7204226664','Pavuscorpion@gmail.com','#16,ground floor, 6th main , narayanappa block rt nagar Bangalore 32',NULL,NULL,NULL,NULL,'7204226664'),('c452692e-130c-4926-a02b-7ea65cbc47a5',NULL,'9731875649','hkdreams77@gmail.com','mr.hemanth, avalahalli, behind sai baba temple , yelhanka -64 ',NULL,NULL,NULL,NULL,'9731875649'),('c4d976aa-e764-4afd-ab68-3ef9dbdedb01',NULL,'8747015906','arasuvaimadhuram@gmail.com','#149/a,1st floor foodays complex,5th main,6th sector,hsr layout',NULL,NULL,NULL,NULL,'1234567'),('c4e64e10-7170-49f5-81fa-9e7fc53428a0',NULL,'9886822203','mohammed.moog@gmail.com','#77 5th main kumarswmi layout bangalore 560070',NULL,NULL,NULL,NULL,'20150730'),('c654a40b-c813-488b-bfe3-d9d1a6e067a9',NULL,'9986701263','hayyan273@gmail.com','Noor Mahal, Bunder Road 1 Cross, Bhatkal, Uttar Kannada District, Karnataka-581320',NULL,NULL,NULL,NULL,'123456'),('c65b7995-a9ca-48f2-9e68-e9036c829cff',NULL,'8025522271','cm.yogesh@gmail.com','296,19 main 6 blk,\nkoramangala',NULL,NULL,NULL,NULL,'crappy098'),('c97d2c53-23e5-46aa-8e24-5aa26eb366d0',NULL,'9008071007','csanilkumar.90@gmail.com','#45,MVA residency,ITI layout,8th cross, mallathalli , bangalore-560056',NULL,NULL,NULL,NULL,'9008071007'),('ca9a5bf2-65da-4b5f-a60a-c88c5b56811c',NULL,'9902978567','shashank.purushotham6@gmail.com','#3,Bassappa Road\nShanti Nagar\nBengaluru: 560027',NULL,NULL,NULL,NULL,'shivu123'),('cb575eaf-1d0b-4073-8e61-752c95960513',NULL,'9241228463','nathan25fharry@gmail.com','Sector 3. House number 933. Hsr ',NULL,NULL,NULL,NULL,'welcomeanand'),('cb66413f-c9d0-4762-9290-a223d7788497',NULL,'9663023322','ranjan.mit@gmail.com','House No 366, Apporva , 6th Main, Wipro park service lane , Koramangala 1st Block,  Bangalore , Pin - 560034',NULL,NULL,NULL,NULL,'Ranjan@123'),('cb9148a4-0d0a-4b8d-80ec-f8dedbab846e',NULL,'9535236491','parry4007@gmail.com','12 4th main, 2nd cross, behind cmr college, ombr layout banaswadi,\nbangalore north, kalyananagar, bangalore, karnataka -\n560043',NULL,NULL,NULL,NULL,'parry123'),('ce9d78d8-0386-4a69-8ca9-e3e368688065',NULL,'9591971561','sandeshrocks777@gmail.com','#5, shree sagar,HMT main road, opposite to munishwara temple, Mathikere , bangalore-560054',NULL,NULL,NULL,NULL,'123456'),('cefb899d-ccf7-4a4e-ba50-198feaf2be97',NULL,'9880617045','deepu404@gmail.com','#5,2nd floor, 7th cross,l n puram, Bangalore-560021',NULL,NULL,NULL,NULL,'9880617045'),('d07f42c4-0b08-42c5-932c-f6421d6bc082',NULL,'9986568939','Nanda4842@gmail.com','#126/19, 2nd cross, venkateshwara layout, sg palya Bangalore-29',NULL,NULL,NULL,NULL,'12345678'),('d0be8634-1336-4bc9-95f6-0ee5025aaa71',NULL,'9959508883','praveen.p@gmail.com','praveen.p@gmail.com',NULL,NULL,NULL,NULL,'bangalore'),('d1614f59-d0c8-4a15-aee6-4d9da1435562',NULL,'9876543210','a@a.com','23d df',NULL,NULL,NULL,NULL,'hvhbhjbhbj'),('d1c47e82-112c-4116-a4c2-9af09ad4be6e',NULL,'9880714267','kumarharshitha1@gmail.com','46/3, 7th cross ,Balaji nagar room no-103',NULL,NULL,NULL,NULL,'1234567'),('d68807a3-a856-4e05-be6d-90b21d7ef835',NULL,'9486865929','kailash.vsv@outlook.com','#44, 6th main near ssb school appareddy palya indranagar 2nd stage bangalore 38',NULL,NULL,NULL,NULL,'123456789'),('d72ab40f-5465-4400-9e0f-86d785998fcf',NULL,'9620797610','dileep.d82@gmail.com','flat-105, Elegance lalbagh view apartment,Lalbagh siddapura, jayanagar 1st block, bangalore-560011',NULL,NULL,NULL,NULL,'Hisamantha'),('d74d6e4d-5deb-40f7-97e9-4899c5f98e9b',NULL,'8884203142','ankitkashyap233@gmail.com','flat A3, suntech solar apartent,near beevee bakery, jp nagar 6th phase, behind inchara hotel',NULL,NULL,NULL,NULL,'ankitt'),('d84bf351-301c-4e43-9207-6a39e073a1ad',NULL,'9964083555','blinkykolkata2013@gmail.com','Hsr club',NULL,NULL,NULL,NULL,'lassie'),('d929bfd5-6324-45a5-a21f-48be0312d1be',NULL,'9952953869','hafeelahamd21@gmail.com','#306,shayadhri appt,100ft outer ring road,5th phase ,jp nagar',NULL,NULL,NULL,NULL,'1234567'),('d9788476-3cfd-4928-83a5-9e27a0ccf3b5',NULL,'8147933319','kevin_julius_dsilva@yahoo.com','Jain boys hostel, jp nagar 6th phase, behind inchara hotel, landmark-food city\nBangalore',NULL,NULL,NULL,NULL,'kevind'),('da2db8f6-dd79-47a2-985e-543f3ee38e41',NULL,'7899362988','cmgandhi27@gmail.com','B-1102, Confident Aquila, Sompura circle,sarjapur roadmblore\n\nMoney refer- rishabh,\nOrder by Sagar',NULL,NULL,NULL,NULL,'chiragg'),('daf32646-a4bf-4db1-8c1c-a0d67f5c0e79',NULL,'8951594233','arunabejawada@gmail.com','#65, d/n 101 1st floor suryavamshi layout, naganahalli, yelhanka -64 ',NULL,NULL,NULL,NULL,'8651594233'),('db9f3de6-19e0-4ed0-9541-b23cb470f7aa',NULL,'9449737568','wmogdoom@yahoo.com','#71,7th cross, Balaji nagar',NULL,NULL,NULL,NULL,'1234567'),('dbf2098e-f966-4bb5-a5b5-53f5077aa38c',NULL,'9880574428','sapnaveldhi@gmail.com','#2013,sobha cinnamon and saffron apts,harlur road,sarjapura,bangalore-560068',NULL,NULL,NULL,NULL,'aruna'),('dc180c80-0a09-424d-be6d-65f78f56d860',NULL,'9372459456','reddy@gmail.com','12345',NULL,NULL,NULL,NULL,'123456'),('dc51d123-35b9-496b-b5d0-2023d1a10a40',NULL,'8055874838','rohitgurnani843@gmail.com','B-1102, Confident Aquila, Sompura circle,sarjapur roadmblore \nMoney refer- rishabh\nOrder by Sagar',NULL,NULL,NULL,NULL,'rohitt'),('dc7890d2-09b7-4425-9285-1b0c4a42dc60',NULL,'9739655179','pavan.malepati@gmail.com','btm layout 1st stage\n65 35 main',NULL,NULL,NULL,NULL,'naresh123'),('dd8704de-0ee6-4225-9603-53aa446b9e61',NULL,'9739577569','shasank.mathur44@gmail.com','Jain boys Hostel, (1st floor) Jp nagar 6th phase, Behind Inchara Hotel, Landmark: Foodcity, Bangalore',NULL,NULL,NULL,NULL,'shasank'),('e0fbf2fd-a9f3-480c-a1ad-e59280e97a65',NULL,'9700355929','kaleswar@aurospaces.com','P.no 20, Near inchara hotel, Puttenhalli Main road, J P nagar 6th Phase, Banglore-560078',NULL,NULL,NULL,NULL,'9700355929'),('e108ada8-96f4-4156-9994-fcf1c19d8857',NULL,'9886750707','rakesh.cmpsc@gmail.com','#121/1 sree raghavendra nilaya 3rd cross sir m.v nagar off kalkere main raod ramamurthy nagar bangalore-560016',NULL,NULL,NULL,NULL,'omsairam123'),('e57c9e9c-0b0f-4e14-94c6-8d666bf78fcc',NULL,'1234567890','123456@gmail.com','qqqqqqqqqq',NULL,NULL,NULL,NULL,'123456789'),('e7373f8d-8797-4b1c-8789-cbebc2fe5cb8',NULL,'9632002226','purushotham05naidu@gmail.com','46/1,7th cross, Balaji nagar, room no-4',NULL,NULL,NULL,NULL,'1234567'),('ea3ba84d-44b7-4ccc-9d6c-bfa29ea4dcac',NULL,'9845331077','Girish.B1103@gmail.com','Btm 2nd stage, above Karnataka bank, behind IOB petrol pump, Bangalore, 560076',NULL,NULL,NULL,NULL,'s67g6395'),('eadad116-37c9-4450-ab25-907ad1609976',NULL,'9845193064','Raokoyi@gmail.com','Itpl main road',NULL,NULL,NULL,NULL,'rao123'),('efddd7b6-4400-4f79-8d0f-c09cebfbf96b',NULL,'9663960301','sahanaspoojari@gmail.com','#283,11th cross, 2nd phase,woc,manjunathnagar,near modi hospital KFC,bangalore-560010',NULL,NULL,NULL,NULL,'9663960301'),('f08e65c6-01bd-4c91-99a0-01c73c34e4f6',NULL,'9945026999','savithamurthy@aurospaces.com','hsr layout,banglore',NULL,NULL,NULL,NULL,'123456'),('f12893f0-b8b8-464d-941e-53f4b93d31d3',NULL,'8374856010','pagu.priyanka@gmail.com','room no-s3, srs pg, jp nagar 6th phase, near CMS B School',NULL,NULL,NULL,NULL,'8374856010'),('f1679121-0f29-4350-bcfb-9718eea24e94',NULL,'9964319333','Chachu03@gmail.com','#126/19 ,2nd cross, Venkateshwara layout, sg playa, Bangalore 29',NULL,NULL,NULL,NULL,'nakkan'),('f21e1ac2-abec-47e7-a2e0-cb8e659b2b37',NULL,'9941219305','vidyash21@gmail.com','G2; sapthagiri meadows; jp nagar 6th phase; near big market\nPuttenahali',NULL,NULL,NULL,NULL,'1234567'),('f30dea3a-e96f-467f-acd7-8ee2727e6ba3',NULL,'9880085604','narayanajucardio@gmail.com','# 1442 1st Floor 21st Cross 5th main 3rd sector HSR Layout Bangalore 560102',NULL,NULL,NULL,NULL,'123456'),('f43bcf2a-ac70-4a92-b9ff-012e8752f484',NULL,'8105538479','vidya_coolcat@yahoo.co.in','g2, sapthagiri meadows, jp naagr 6 the phase\nputenahli',NULL,NULL,NULL,NULL,'smahanta'),('f52afe3f-6b64-462b-9a1d-c8c6e29759fb',NULL,'5223093456','kkkkk@gmail.com','kkkkk desc',NULL,NULL,NULL,NULL,'wwwwww'),('f60de61f-52b3-46e2-b23f-5a5b045adc25',NULL,'9986825129','rahulv19@live.com','46/2 no.2 7th cross balaji layout behind lakshmi thetare',NULL,NULL,NULL,NULL,'shareee19594'),('f7277137-bc95-4d32-9dac-463ad574d355',NULL,'9449802157','surabhi.tomar@gmail.com','No 703 garden Apts 21 Vitall Mallya Rd Opp U.B city shell petrol bunk Bangalore 560001\n',NULL,NULL,NULL,NULL,'123456'),('ff418810-348a-4693-8e78-4015997dcc06',NULL,'9844045038','care@aurospaces.com','80/2, 15th cross, RT Street, B V K Iyanger road, chickpete, Bangalore-53',NULL,NULL,NULL,NULL,'shivkumar');
/*!40000 ALTER TABLE `customer` ENABLE KEYS */;
UNLOCK TABLES;

--
-- Table structure for table `customer_discount`
--

DROP TABLE IF EXISTS `customer_discount`;
/*!40101 SET @saved_cs_client     = @@character_set_client */;
/*!40101 SET character_set_client = utf8 */;
CREATE TABLE `customer_discount` (
  `customerId` varchar(40) DEFAULT NULL,
  `registerDate` datetime DEFAULT NULL,
  `discountUsedDate` datetime DEFAULT NULL,
  `customerDiscount` varchar(10) DEFAULT NULL,
  `orderId` varchar(40) DEFAULT NULL,
  KEY `customerId` (`customerId`),
  KEY `orderId` (`orderId`),
  CONSTRAINT `customer_discount_ibfk_1` FOREIGN KEY (`customerId`) REFERENCES `customer` (`customerId`) ON DELETE CASCADE ON UPDATE CASCADE,
  CONSTRAINT `customer_discount_ibfk_2` FOREIGN KEY (`orderId`) REFERENCES `order_info` (`orderId`) ON DELETE CASCADE ON UPDATE CASCADE
) ENGINE=InnoDB DEFAULT CHARSET=latin1;
/*!40101 SET character_set_client = @saved_cs_client */;

--
-- Dumping data for table `customer_discount`
--

LOCK TABLES `customer_discount` WRITE;
/*!40000 ALTER TABLE `customer_discount` DISABLE KEYS */;
INSERT INTO `customer_discount` VALUES ('9ba2f0d7-9679-4696-945c-a95faf2f1411',NULL,NULL,NULL,'AJFQ7K0EYM'),('9ba2f0d7-9679-4696-945c-a95faf2f1411',NULL,NULL,NULL,'GALOSNZN29'),('dbf2098e-f966-4bb5-a5b5-53f5077aa38c',NULL,NULL,NULL,'ESDEVF3DL8'),('94348691-abef-4b58-8b16-494802e2cbbf',NULL,NULL,NULL,'CEL8Y0639A'),('67e74b4d-23d8-434a-a9bd-340da9cd0144',NULL,NULL,NULL,'IKWVJFULWX'),('c654a40b-c813-488b-bfe3-d9d1a6e067a9',NULL,NULL,NULL,'Q7O28I3D0M'),('5b798f3d-49f0-48fb-9a48-e41835677cd8',NULL,NULL,NULL,'8BDLIC90Y8'),('32b1cfd8-f3ba-43eb-b916-e3432162d7eb',NULL,NULL,NULL,'LERELTNTJC'),('537c2a98-5e46-4808-9c07-cb5f02c242a4',NULL,NULL,NULL,'7BPPI9BG6H'),('d1614f59-d0c8-4a15-aee6-4d9da1435562',NULL,NULL,NULL,'4YLDDRWRGN'),('d1614f59-d0c8-4a15-aee6-4d9da1435562',NULL,NULL,NULL,'RN4RRPOZIC'),('abd4e6b6-d153-4be4-9834-724e247a454f',NULL,NULL,NULL,'PB92RB6M8F'),('dbf2098e-f966-4bb5-a5b5-53f5077aa38c',NULL,NULL,NULL,'BB5XV2Y59A'),('dbf2098e-f966-4bb5-a5b5-53f5077aa38c',NULL,NULL,NULL,'AHQAMSIGDL'),('8d7fe1d0-fc06-4dff-a621-28c21d49f25f',NULL,NULL,NULL,'BH951FDWRV'),('af048f21-1411-42ea-9eba-11d6aba2026f',NULL,NULL,NULL,'VMACP2Z9OQ'),('e57c9e9c-0b0f-4e14-94c6-8d666bf78fcc','2015-06-19 10:23:36',NULL,'500','4CGKGVYSJR'),('1f38543c-c3fc-4211-9db8-15b989f387c9','2015-06-20 08:46:21',NULL,'500','QQYFHYXLZH'),('2d81dfda-080a-4e3c-a3bf-c2c60318ce15','2015-06-20 14:26:41',NULL,'500','8V6FZ6NWS6'),('b504060e-a4be-41b6-833d-6157e0e17804','2015-06-22 06:12:39',NULL,'500','COBHO73H1E'),('f7277137-bc95-4d32-9dac-463ad574d355','2015-06-22 11:59:56',NULL,'500','D5KR6CWK6D'),('8ef0f550-0f04-4ff2-9c45-76df64f864f0','2015-06-23 06:52:57',NULL,'500','1JTCNE7O78'),('71d718ef-187a-4668-92ae-3a33e280f1f9','2015-06-23 09:00:20',NULL,'500','LPG9AQP38I'),('11f36877-1837-460a-8b99-fb7ac3dfb871','2015-06-24 08:42:00',NULL,'500','U3C40PCGIA'),('745fed8d-b135-4cd0-b986-a05d881a07a1','2015-06-24 11:38:51',NULL,'500','PE0NHT6ETU'),('849580d7-514d-4de4-a13a-c0f1a2a13fdb','2015-06-25 11:46:20',NULL,'500','PLTP7XYBQI'),('ff418810-348a-4693-8e78-4015997dcc06','2015-06-27 07:37:38',NULL,'500','YX3HGMZC50'),('a48a21f3-06fd-4fb8-bf02-ea5fbdb73cb0','2015-06-28 15:07:10',NULL,'500','6I34U7D22W'),('12cc1645-fb89-4c04-9534-7bff28f1672a','2015-06-30 13:22:57',NULL,'500','M1E879XYK7'),('9730625c-d9ff-4713-93d0-74c2659f920a','2015-06-30 14:17:37',NULL,'500','PVL3HEYJLZ'),('822e694f-c232-467b-8b87-d593b13aff84','2015-07-01 04:45:40',NULL,'500','CBI3750XAW'),('eadad116-37c9-4450-ab25-907ad1609976','2015-07-01 15:20:12',NULL,'500','DQEW8UWLHO'),('237f7524-0329-45d8-830e-896994c93cb5','2015-07-02 07:14:03',NULL,'500','MFE5L7YDMT'),('36ddf6c9-2244-4b91-b1af-95e70aabf555','2015-07-03 08:38:10',NULL,'500','LFNJ96KUL3'),('0ba7089e-95f5-4835-aafc-4b4c238d4833','2015-07-03 10:18:39',NULL,'500','G50K2H5JKE'),('1aa5cb29-c060-47ce-aad9-7fbb829b5d42','2015-07-03 11:47:21',NULL,'500','DPNXNRX1ZC'),('5d9088f2-dbed-4beb-b861-9316e18c944b','2015-07-04 13:07:10',NULL,'500','UXEH2MRQCI'),('c2c20926-5b6c-4694-b94e-b5e57d875e61','2015-07-06 11:45:05',NULL,'500','RJ4SIT6DK2'),('9424d0df-86bb-441f-9634-6558d72f4877','2015-07-06 12:10:50',NULL,'500','03MYHP0WZG'),('ca9a5bf2-65da-4b5f-a60a-c88c5b56811c','2015-07-06 14:40:16',NULL,'500','JGL1060LYV'),('56971969-4c67-4043-897d-376222d6a325','2015-07-07 07:10:11',NULL,'500','LA7NOM3EK3'),('f30dea3a-e96f-467f-acd7-8ee2727e6ba3','2015-07-07 09:50:07',NULL,'500','KNZGR7BVX7'),('80ba6d72-cb59-41d9-a558-218ee92b2379','2015-07-07 14:54:14',NULL,'500','EANF1ODE03'),('0c73cbad-0aa8-419f-9770-6a684a24d615','2015-07-07 16:02:45',NULL,'500','Y4PINDT1Y1'),('dc7890d2-09b7-4425-9285-1b0c4a42dc60','2015-07-07 16:05:38',NULL,'500','KNQHH90NWD'),('e108ada8-96f4-4156-9994-fcf1c19d8857','2015-07-07 17:06:15',NULL,'500','0X8NS0NLP9'),('42411d61-d267-454e-aa9e-602ac07a1958','2015-07-08 05:37:09',NULL,'500','2HCX5OKT8R'),('cb9148a4-0d0a-4b8d-80ec-f8dedbab846e','2015-07-08 06:07:22',NULL,'500','7QWJ2PZJTM'),('80799946-873c-454a-9818-923ffc0cedb3','2015-07-08 06:13:47',NULL,'500','PQ3UGQVEJE'),('649b2a05-c8b9-4e2c-a191-c9951432e377','2015-07-08 06:14:31',NULL,'500','912WF8O4A2'),('c0dcdc70-7418-45d2-b315-a54a129f2b04','2015-07-08 07:19:38',NULL,'500','IHNS1YS5DQ'),('82ecb68f-7fb2-45b7-a979-3b9ed3dd34fb','2015-07-08 08:02:46',NULL,'500','SHOBLLY3XV'),('66106c1b-5195-41fc-af84-c23bd411872c','2015-07-08 10:16:22',NULL,'500','VIDKGSHSN6'),('7c3da4e3-d35e-43a3-b657-a9dc186bb1e4','2015-07-08 11:04:35',NULL,'500','E6OYLV5SWX'),('35dc90de-2f30-454f-b10e-36a9155ef267','2015-07-08 16:11:03',NULL,'500','FIJD0AW4S4'),('752f8e3d-d1ae-46ad-b626-b4de1207d3c8','2015-07-08 16:13:45',NULL,'500','B9DWX5BSNG'),('dc180c80-0a09-424d-be6d-65f78f56d860','2015-07-08 20:51:57',NULL,'500','QC0416J0AX'),('d72ab40f-5465-4400-9e0f-86d785998fcf','2015-07-09 06:43:05',NULL,'500','UZ4NNLGNWD'),('8b8bbd17-df25-4d41-9411-38c952e9576f','2015-07-09 11:04:55',NULL,'500','KWESE9ALZF'),('6b29949e-e933-4436-bbde-24b1832af84f','2015-07-09 11:55:15',NULL,'500','T56WGDOPRE'),('7e990ec4-7671-4723-9606-fbb9287fea5e','2015-07-09 13:29:53',NULL,'500','SUMA7BOHJY'),('1d8a7241-dbf6-4d13-9d64-0174d27f31d1','2015-07-09 13:37:35',NULL,'500','B3PK2UESN8'),('1d4d044c-56a8-4de0-af95-181f0b4a8c3f','2015-07-10 09:57:34',NULL,'500','5AXRBGHLMU'),('e0fbf2fd-a9f3-480c-a1ad-e59280e97a65','2015-07-10 10:39:53',NULL,'500','P177TIL9ZZ'),('39378c38-7cd6-4ac9-9561-5c13b97c8059','2015-07-10 10:45:55',NULL,'500','ZM2QB50JP9'),('16b1c6e4-bb44-497a-a3e9-5cb0e35cc597','2015-07-10 11:56:49',NULL,'500','YJ2L158KU2'),('c65b7995-a9ca-48f2-9e68-e9036c829cff','2015-07-10 14:01:48',NULL,'500','68HSLEODQR'),('107d2fd7-3af6-4cc1-a8cb-9812b1dd5ba9','2015-07-10 15:20:52',NULL,'500','MWUPHUIWGZ'),('cb66413f-c9d0-4762-9290-a223d7788497','2015-07-11 08:16:07',NULL,'500','0V7QWRDFN0'),('6d3011e0-e6da-4760-8340-6f2f04da2e2a','2015-07-11 10:31:57',NULL,'500','IBBTZMJ9EI'),('507680ff-7970-41d2-a5ba-a440e65c089e','2015-07-11 11:16:27',NULL,'500','LABSM08GD7'),('8411ea30-144c-475c-9831-568c9a6f8a46','2015-07-11 11:24:28',NULL,'500','WNNY2GLAA4'),('0cee0a8c-4f6a-4905-a14c-e2c022f7a77b','2015-07-11 11:43:22',NULL,'500','BQCPSXRJKW'),('5be4c020-b709-4915-bd23-539f913bde12','2015-07-11 12:17:06',NULL,'500','Y3W8TJP3XZ'),('1bfc20ae-ee1d-43dc-bbd7-82a41233b245','2015-07-11 13:23:50',NULL,'500','O9A1L5UNVO'),('95443625-75b9-4691-bd81-34cd831ffca2','2015-07-11 13:50:33',NULL,'500','1NEPYAWYMY'),('cb575eaf-1d0b-4073-8e61-752c95960513','2015-07-11 14:09:34',NULL,'500','JHBMMQR429'),('f1679121-0f29-4350-bcfb-9718eea24e94','2015-07-11 16:53:43',NULL,'500','DDY685ZQYM'),('b761ea49-3349-430a-9720-6d126556b4b2','2015-07-11 17:17:29',NULL,'500','J8C8GEDD22'),('375e2585-b390-4bab-b811-ae0bfab7b914','2015-07-12 10:53:33',NULL,'500','HQDBQ5GZ94'),('38d66c7d-54bc-432f-92c4-28c7e34419f8','2015-07-13 03:15:54',NULL,'500','HKKU6A5ZQF'),('b88af0a2-28a7-462f-9ed2-38b6940b40f2','2015-07-13 05:01:26',NULL,'500','VOH5AN8CXX'),('04ba7f17-c8ff-4222-a3a4-121b3cc23981','2015-07-13 05:05:29',NULL,'500','XDT8WZ9G0R'),('23e61aaf-2cfe-4173-8bb8-82c7c7196803','2015-07-13 13:21:14',NULL,'500','9D4EJRHBVD'),('c01cfebd-f682-476f-9ccd-e0a0d169841b','2015-07-13 14:29:08',NULL,'500','Z2JXHSQ2BC'),('897183b5-abfb-44a3-8398-78212311a11d','2015-07-13 19:10:27',NULL,'500','6RT38CUAI5'),('9e7b1fe5-b38f-46aa-9715-a2dd6e9ab012','2015-07-14 07:18:42',NULL,'500','B8VHVUR6OI'),('88edf27e-9776-4455-b99c-232b37c614ff','2015-07-14 07:30:17',NULL,'500','DOPH9G089G'),('74a51b71-ac32-491f-97dc-6e9bd94c9230','2015-07-14 09:22:21',NULL,'500','Q4XFEECQMK'),('f43bcf2a-ac70-4a92-b9ff-012e8752f484','2015-07-14 09:25:27',NULL,'500','8UBJXIR0MV'),('2634d1a9-e1a9-4e48-bdb7-c454bc560648','2015-07-14 09:33:40',NULL,'500','0ECTWJ9QBO'),('a61c438c-d302-4b2c-92b3-f76e6c01b665','2015-07-14 09:39:01',NULL,'500','OFCOBCVC1O'),('6583a5e8-d270-4ee5-bde9-2b9e4d10f540','2015-07-14 09:57:22',NULL,'500','15Z1D5JSYV'),('5e163d2a-749e-4f1d-a865-89f7fdf840c1','2015-07-14 10:02:42',NULL,'500','2RRLHWL6C4'),('bb5d6143-634b-4fc6-b958-3f4923183e98','2015-07-14 10:07:34',NULL,'500','DF0GVTMIZ5'),('f12893f0-b8b8-464d-941e-53f4b93d31d3','2015-07-14 10:16:19',NULL,'500','T5FT67FGRF'),('f60de61f-52b3-46e2-b23f-5a5b045adc25','2015-07-14 10:22:33',NULL,'500','00FWY3F7HA'),('39146c66-9912-4eff-8ce8-6dc45922f9ce','2015-07-14 10:39:26',NULL,'500','NYQ2TRFSD5'),('a542a2f5-4366-4d01-b987-612193830e03','2015-07-14 10:49:15',NULL,'500','A6O73XT1OI'),('80b0807e-384d-4a56-9d79-930a5d5a2e4a','2015-07-14 11:13:05',NULL,'500','VX5ZVGW69F'),('588061f9-d0b7-4b0b-a0b0-e99f32120e01','2015-07-14 11:13:11',NULL,'500','X66NTDHE1Z'),('db9f3de6-19e0-4ed0-9541-b23cb470f7aa','2015-07-14 11:15:55',NULL,'500','YL0SXP6KDJ'),('e7373f8d-8797-4b1c-8789-cbebc2fe5cb8','2015-07-14 11:18:30',NULL,'500','IXYUZOZBKU'),('bea2bdc8-92a5-4102-bccf-e5ea79ce97fc','2015-07-14 11:20:22',NULL,'500','JWKO27KF0J'),('84ece5bb-2887-4077-8f08-1aea7bee69f6','2015-07-14 11:20:52',NULL,'500','YUADDT30WV'),('d1c47e82-112c-4116-a4c2-9af09ad4be6e','2015-07-14 11:23:24',NULL,'500','UQ84IOY562'),('0f014bd6-c8dd-4e9b-8c1d-abf8dfb3e7e6','2015-07-14 11:30:44',NULL,'500','PCGEWGF9CM'),('4dd7e595-a4ba-482c-beb4-fe3cc98b0ec0','2015-07-14 11:45:00',NULL,'500','DPB2I780GI'),('76787762-68fd-4684-8ba2-14cc6dc3ac50','2015-07-14 11:51:11',NULL,'500','3HJ6NC2X9F'),('9eeeda12-ef49-41b8-90b6-dc8c061c72ce','2015-07-14 11:55:33',NULL,'500','5JML1GERMJ'),('1f76545f-5622-4917-be6b-9816b652ffef','2015-07-14 12:35:27',NULL,'500','AUV97HUUFM'),('329a204c-95b8-43c3-bcba-3f29c22a3a10','2015-07-14 12:47:55',NULL,'500','2GFWOT7X06'),('7d3f3a9f-0d5d-4273-95e0-4a0bdb4dd001','2015-07-14 14:12:35',NULL,'500','I55OD8S42T'),('67934818-cb45-4475-a7e3-ff305dedb005','2015-07-14 15:46:12',NULL,'500','Y25BRJKMV9'),('40b8783e-1cac-4b96-aa32-354007124cc4','2015-07-14 15:57:43',NULL,'500','DVQV9STNC0'),('9d2feced-8d3b-466c-b3cd-8932245f68f4','2015-07-14 16:22:25',NULL,'500','AX8VL9V83G'),('1fdaede3-1522-4de5-a63e-1319d04dd165','2015-07-14 17:45:01',NULL,'500','ZBJ5ZQH91Z'),('816a1fef-f1f4-49ee-990d-c8f8e96ef80c','2015-07-15 05:58:54',NULL,'500','7D20R0LBKJ'),('5030eede-42a1-45b6-9c56-a27c80075eb2','2015-07-15 06:18:08',NULL,'500','FIPZ3VOM9C'),('d68807a3-a856-4e05-be6d-90b21d7ef835','2015-07-15 06:22:17',NULL,'500','3C7WPENLAC'),('1e4d482a-d086-41bb-8329-8c13563375db','2015-07-15 07:16:59',NULL,'500','RW4CVRB4LJ'),('b5d8c16d-2ed5-4c08-a2bc-697de2124498','2015-07-15 07:24:31',NULL,'500','OG5G8O25LH'),('63af7b3e-0f53-41c3-9d76-1ee421d999f4','2015-07-15 08:00:56',NULL,'500','F5FSEZP03G'),('27f4124b-b507-4df1-8ee3-50b1e53f8648','2015-07-15 08:16:38',NULL,'500','ZS5B27NUBJ'),('6b406568-c875-47bb-9756-a874260efbf5','2015-07-15 08:22:15',NULL,'500','RN6G5K52KA'),('861ae407-e6ce-46f5-bfd0-290082da05b8','2015-07-15 08:25:15',NULL,'500','IZ4JCMERFR'),('f21e1ac2-abec-47e7-a2e0-cb8e659b2b37','2015-07-15 09:48:46',NULL,'500','WMPZD8J97Y'),('a228af73-eda3-4d26-a2e9-8c313e9ab99c','2015-07-15 10:56:52',NULL,'500','1D6I2AUMBK'),('daf32646-a4bf-4db1-8c1c-a0d67f5c0e79','2015-07-15 11:57:42',NULL,'500','831L5TZLF2'),('b92f9caf-23bf-4448-904e-7e6855e0bb8d','2015-07-15 12:30:17',NULL,'500','8E9UYAFAHG'),('4a926103-23b0-4c40-99ac-0abb8748a5c3','2015-07-15 12:45:36',NULL,'500','V3W5MFC3P3'),('d0be8634-1336-4bc9-95f6-0ee5025aaa71','2015-07-15 13:55:34',NULL,'500','Q0N7WYOQWG'),('8cead587-abe3-4aa2-9d74-e08dcc30e34a','2015-07-16 05:09:22',NULL,'500','ZBEC8KP5TC'),('c97d2c53-23e5-46aa-8e24-5aa26eb366d0','2015-07-16 05:23:36',NULL,'500','6L2MM99LK8'),('69d37097-1c87-4049-bc47-3abb1eb69f79','2015-07-16 05:26:57',NULL,'500','YM1APKNQSX'),('6850e751-87eb-4476-a619-e9d751684cf8','2015-07-16 05:51:42',NULL,'500','OUBY40UVYD'),('5c367e4c-fe44-40c7-8d94-ee9ee96fa78e','2015-07-16 08:31:05',NULL,'500','GEKU5FZBC9'),('c4d976aa-e764-4afd-ab68-3ef9dbdedb01','2015-07-16 08:34:12',NULL,'500','OHXT4LKGNC'),('cefb899d-ccf7-4a4e-ba50-198feaf2be97','2015-07-16 09:19:34',NULL,'500','76G5Y9WM0T'),('388d80b6-855c-43dd-a31e-0120d274aa36','2015-07-16 09:48:06',NULL,'500','YQ5GSUFZ48'),('10c787b5-49cd-4e1b-a4f9-4bd6a95422b6','2015-07-16 09:49:26',NULL,'500','J349CRRQOV'),('77bca3f5-ade3-4ea0-98f6-928a97367260','2015-07-16 10:06:18',NULL,'500','NMH785V8CU'),('c4e64e10-7170-49f5-81fa-9e7fc53428a0','2015-07-16 10:57:45',NULL,'500','W4QI0OJGT2'),('d9788476-3cfd-4928-83a5-9e27a0ccf3b5','2015-07-16 10:59:50',NULL,'500','7N1K8AOHGV'),('b3e6e51e-5a31-4466-864f-786d41db3e97','2015-07-16 11:29:16',NULL,'500','JFOXK3VP4G'),('c35c1127-7c11-4231-b282-75247b2853a9','2015-07-16 12:20:07',NULL,'500','L49JDUFEAO'),('dd8704de-0ee6-4225-9603-53aa446b9e61','2015-07-16 12:38:32',NULL,'500','X3V7YET31A'),('9e9087ce-18c4-4720-b19d-18738285f1bd','2015-07-16 12:45:05',NULL,'500','ORS2Q2IC9C'),('10d171a2-d19e-4a62-8a14-6b9e2ef47fba','2015-07-16 12:53:29',NULL,'500','ORNW1PSR0C'),('028f9e52-6892-478c-b1f6-fbe4c1190f23','2015-07-16 13:00:10',NULL,'500','7B1UDYPNIB'),('a1f999e4-1f94-4f84-ba2e-cefd89785d22','2015-07-16 13:32:58',NULL,'500','IZKRI6PMQA'),('58e3f7ab-6bfc-4e3a-8a20-c462b1ee06f8','2015-07-16 13:56:27',NULL,'500','3VAH0R8DUD'),('b0b8e70d-7c36-450c-8fba-6a2c6bbf2dc2','2015-07-16 13:57:47',NULL,'500','Q7E4JFFLQV'),('a07e221e-8377-4a63-b660-f0612983ecfb','2015-07-16 14:46:37',NULL,'500','77UOR1K5NS'),('1e65b7af-04b5-4e3b-a365-0a8774b73200','2015-07-16 18:18:02',NULL,'500','FH6TR3WCA2'),('7273e1a0-c15a-4f76-a722-26d46522eb57','2015-07-16 18:19:55',NULL,'500','PCU9RG39S2'),('0c1a6c76-1083-497f-bb14-2f9c6482941a','2015-07-16 18:24:31',NULL,'500','LJG8OJ95V5'),('5907a71d-5ed4-4728-bc70-ed8d38f97554','2015-07-17 05:11:45',NULL,'500','H253L0BE8B'),('efddd7b6-4400-4f79-8d0f-c09cebfbf96b','2015-07-17 05:25:23',NULL,'500','BJWDBSDLUS'),('9ab3ccc7-894c-436f-9354-2e96c9a3ae02','2015-07-17 07:35:39',NULL,'500','I1TWR4BVLR'),('6d10c60b-e686-4cd8-8613-c885711bce40','2015-07-17 07:54:06',NULL,'500','BFYY8RFMUN'),('8756ecbf-3e84-487b-a0b5-ed88291850fb','2015-07-17 08:44:02',NULL,'500','IHNEIHOQ1A'),('99bae633-acd5-4544-bc91-d588c7180788','2015-07-17 08:58:22',NULL,'500','EYLPC0VS9X'),('c452692e-130c-4926-a02b-7ea65cbc47a5','2015-07-17 10:28:31',NULL,'500','IP15GQ7IKJ'),('9ccd1895-20c7-408b-be74-1e15b60d74b3','2015-07-17 17:14:57',NULL,'500','SH8VY28SP4'),('900e0aa3-a25c-4cd6-a46d-6b2261d2047c','2015-07-17 17:32:59',NULL,'500','P1R0B3ODWS'),('aa6c9994-8f4d-469a-ab17-43602bf1ee22','2015-07-17 19:15:22',NULL,'500','18KRNAS8VI'),('594f13f1-2cf7-48e0-84ab-aa1a833839fa','2015-07-17 19:21:31',NULL,'500','LMTUCGZ893'),('887cec02-1111-4db6-a1be-43900d4f59a2','2015-07-17 19:27:23',NULL,'500','D9CECE2JX5'),('d74d6e4d-5deb-40f7-97e9-4899c5f98e9b','2015-07-17 19:33:35',NULL,'500','R6HO2O2V8D'),('85c90c98-0db6-4be7-b686-53986cd11b59','2015-07-18 17:52:27',NULL,'500','GPP59GDWSC'),('921bf2c0-c553-4d2a-a59c-f380eeed1ae5','2015-07-18 18:03:01',NULL,'500','D5F7JL6U4H'),('05e2c428-bb11-406a-9fc7-14f698f8989d','2015-07-18 18:09:08',NULL,'500','XXO0P2R68R'),('da2db8f6-dd79-47a2-985e-543f3ee38e41','2015-07-18 18:12:56',NULL,'500','3NP8NRYL5P'),('79906bd4-bf43-4a2f-9ced-9133efd6d906','2015-07-18 18:15:21',NULL,'500','PP2USD4FQY'),('dc51d123-35b9-496b-b5d0-2023d1a10a40','2015-07-18 18:17:36',NULL,'500','NDRJDMMMLY'),('0ff52d38-f361-42d2-b1af-b2703cd7f5ae','2015-07-18 18:20:46',NULL,'500','760065HUNC'),('b1f937c8-ec78-48a3-8f6a-c86cae10164c','2015-07-18 18:27:20',NULL,'500','RRX3JYIGQE'),('15dc010f-a2ad-4412-9936-53a506fc79ca','2015-07-18 18:32:36',NULL,'500','5HV34X0RZ6'),('1cfc6392-9311-4a47-b2c4-70694959cf54','2015-07-18 18:35:21',NULL,'500','4IPG2XEWYW'),('1aa1148b-1bd5-4bfe-84d5-4768731e9859','2015-07-19 03:18:41',NULL,'500','8Y4NNOPNUO'),('65d518cc-7e72-457f-bccb-81feba63bdeb','2015-07-20 09:11:56',NULL,'500','CFLYU8R96V'),('5f853e99-3b32-466f-8468-41e80218f992','2015-07-20 12:13:19',NULL,'500','QOMBKD7ATT'),('12873b88-4a79-4925-a263-06244782e518','2015-07-21 13:14:34',NULL,'500','3N4M45YBQ5'),('64a1c480-80e5-4971-86f8-2156f1b6bbce','2015-07-21 14:10:01',NULL,'500','NWWOHQUE6I'),('d929bfd5-6324-45a5-a21f-48be0312d1be','2015-07-22 04:56:02',NULL,'500','GN3262LKCA'),('9fdc2e5d-0c21-4551-b02a-ef3cbe6c36a9','2015-07-22 13:31:16',NULL,'500','OZ7E0M1GPM'),('32e7b144-7c2b-49c7-8e57-3e30c0ad90f7','2015-07-23 11:27:06',NULL,'500','9QNXSRWCL5'),('71a15f27-f663-41e4-ae23-3666a7a05c5e','2015-07-25 17:16:07',NULL,'500','Y438CVZ3S7'),('25b6dc5d-df02-473d-8a69-08b3475f506b','2015-07-27 09:32:24',NULL,'500','CAZMNQH23R'),('50506173-f4cd-4b00-9965-c2b1fc8a8af7','2015-07-27 14:11:28',NULL,'500','N392I4GUTT'),('2c4bb16c-9006-420d-8ca1-7f0abe590f21','2015-07-27 16:34:43',NULL,'500','6XM37DEYD7'),('d07f42c4-0b08-42c5-932c-f6421d6bc082','2015-07-28 06:34:33',NULL,'500','V2WLNNF0C9'),('ce9d78d8-0386-4a69-8ca9-e3e368688065','2015-07-28 07:47:10',NULL,'500','ANF6SUSNB1'),('1a318f94-3363-48bc-a7db-3753af5a3377','2015-07-28 11:27:16',NULL,'500','PGEFOEHWIU'),('3da1505e-a3be-43c7-83f0-f4d4559ff1cc','2015-07-29 09:07:08',NULL,'500','XSNIWK9P4V'),('5ad6cf67-c1dc-46da-9e39-32f67ab9301e','2015-07-29 12:22:44',NULL,'500','UD7ZHXBPTY'),('9af97447-db08-41ae-b2f6-260bcf67f738','2015-07-30 06:39:33',NULL,'500','2IEZR7GLOD'),('a63656d1-71e2-441e-842f-0449ffebbf7c','2015-07-31 14:03:46',NULL,'200','HYNWPGQ1Q3'),('5a34bc26-c627-4792-a99f-45e8ebc00f7f','2015-07-31 14:06:31',NULL,'200','PNP52U70JM'),('2175c5a8-56bb-4ef6-98d6-f4b2c16135b6','2015-08-01 07:33:57',NULL,'200','1KTJN02O57'),('6ec66a90-cc4c-4b95-a4b3-4a3cf4178d59','2015-08-02 05:29:45',NULL,'200','QRAKGQMJHC'),('53ca0cbe-0d04-492e-b819-a452c7c31099','2015-08-02 05:33:02',NULL,'200','BZBSVOWAMR'),('89ac741a-75bb-43ec-8773-df3a3f18a283','2015-08-02 07:10:37',NULL,'200','3UFUDIAMKY'),('9c6b76b7-31ce-4e52-9e8b-5b0e105332fe','2015-08-03 11:02:07',NULL,'200','9SPUK8F0A3'),('43fffd71-0db4-4e6e-8c34-48d4d59e323f','2015-08-03 13:33:20',NULL,'200','RQ5FJXJ2K7'),('0cdd0e0b-8f9a-461b-b772-e5faf3c5f470','2015-08-04 07:14:08',NULL,'200','Q1KED3S3RJ'),('87e1ef9a-bbc5-4f9a-a69a-ee384e13297c','2015-08-05 04:53:34',NULL,'200','CUJVLD4W0T'),('493965a0-c0fd-4c99-af25-12c3ee174a86','2015-08-06 11:06:46',NULL,'200','MTFABP2DJ5'),('79357038-6b60-44d2-aa86-f3a5278d57fb','2015-08-07 06:08:39',NULL,'200','Y7NWJ4WAC0'),('7e95f81d-00c4-4bca-afab-3054f7e7c6f2','2015-08-07 07:36:32',NULL,'200','SVP7VISQ37'),('a7059688-0ca4-4046-96de-39f469f9ba5a','2015-08-07 07:40:47',NULL,'200','GPX3VT5NRY'),('ea3ba84d-44b7-4ccc-9d6c-bfa29ea4dcac','2015-08-07 10:49:01',NULL,'200','QW4UHZVN0P'),('d84bf351-301c-4e43-9207-6a39e073a1ad','2015-08-08 02:43:04',NULL,'200','Y30IXCWGLQ');
/*!40000 ALTER TABLE `customer_discount` ENABLE KEYS */;
UNLOCK TABLES;

--
-- Table structure for table `customer_order`
--

DROP TABLE IF EXISTS `customer_order`;
/*!40101 SET @saved_cs_client     = @@character_set_client */;
/*!40101 SET character_set_client = utf8 */;
CREATE TABLE `customer_order` (
  `customerId` varchar(40) DEFAULT NULL,
  `orderId` varchar(40) DEFAULT NULL,
  KEY `customerId` (`customerId`),
  KEY `orderId` (`orderId`),
  CONSTRAINT `customer_order_ibfk_1` FOREIGN KEY (`customerId`) REFERENCES `customer` (`customerId`) ON DELETE CASCADE ON UPDATE CASCADE,
  CONSTRAINT `customer_order_ibfk_2` FOREIGN KEY (`orderId`) REFERENCES `pharma_order_info` (`orderId`) ON DELETE CASCADE ON UPDATE CASCADE
) ENGINE=InnoDB DEFAULT CHARSET=latin1;
/*!40101 SET character_set_client = @saved_cs_client */;

--
-- Dumping data for table `customer_order`
--

LOCK TABLES `customer_order` WRITE;
/*!40000 ALTER TABLE `customer_order` DISABLE KEYS */;
/*!40000 ALTER TABLE `customer_order` ENABLE KEYS */;
UNLOCK TABLES;

--
-- Table structure for table `doctor_details`
--

DROP TABLE IF EXISTS `doctor_details`;
/*!40101 SET @saved_cs_client     = @@character_set_client */;
/*!40101 SET character_set_client = utf8 */;
CREATE TABLE `doctor_details` (
  `doctorId` varchar(45) NOT NULL,
  `name` varchar(50) DEFAULT NULL,
  `mobileNo` varchar(13) DEFAULT NULL,
  `emailId` varchar(50) DEFAULT NULL,
  `address` varchar(250) DEFAULT NULL,
  `clinic` varchar(100) DEFAULT NULL,
  PRIMARY KEY (`doctorId`)
) ENGINE=InnoDB DEFAULT CHARSET=latin1;
/*!40101 SET character_set_client = @saved_cs_client */;

--
-- Dumping data for table `doctor_details`
--

LOCK TABLES `doctor_details` WRITE;
/*!40000 ALTER TABLE `doctor_details` DISABLE KEYS */;
/*!40000 ALTER TABLE `doctor_details` ENABLE KEYS */;
UNLOCK TABLES;

--
-- Table structure for table `doctor_type`
--

DROP TABLE IF EXISTS `doctor_type`;
/*!40101 SET @saved_cs_client     = @@character_set_client */;
/*!40101 SET character_set_client = utf8 */;
CREATE TABLE `doctor_type` (
  `doctortypeId` varchar(50) NOT NULL,
  `doctortypeName` varchar(50) DEFAULT NULL,
  `doctortypeDesc` varchar(50) DEFAULT NULL,
  `price` varchar(30) DEFAULT NULL,
  `discount` varchar(30) DEFAULT NULL,
  PRIMARY KEY (`doctortypeId`)
) ENGINE=InnoDB DEFAULT CHARSET=latin1;
/*!40101 SET character_set_client = @saved_cs_client */;

--
-- Dumping data for table `doctor_type`
--

LOCK TABLES `doctor_type` WRITE;
/*!40000 ALTER TABLE `doctor_type` DISABLE KEYS */;
INSERT INTO `doctor_type` VALUES ('a320efe1-9ee5-4097-a175-5a9bcf6b7b20','General Physician ','ghjj','1000','10'),('aad91b6a-68c9-4e77-bd4d-355422eea9e4','Gynecologist','fgd','1200','10');
/*!40000 ALTER TABLE `doctor_type` ENABLE KEYS */;
UNLOCK TABLES;

--
-- Table structure for table `doctor_type_doctor`
--

DROP TABLE IF EXISTS `doctor_type_doctor`;
/*!40101 SET @saved_cs_client     = @@character_set_client */;
/*!40101 SET character_set_client = utf8 */;
CREATE TABLE `doctor_type_doctor` (
  `doctorId` varchar(50) DEFAULT NULL,
  `doctorTypeId` varchar(50) DEFAULT NULL,
  KEY `doctorId` (`doctorId`),
  KEY `doctorTypeId` (`doctorTypeId`),
  CONSTRAINT `doctor_type_doctor_ibfk_1` FOREIGN KEY (`doctorId`) REFERENCES `doctor_details` (`doctorId`) ON DELETE CASCADE ON UPDATE CASCADE,
  CONSTRAINT `doctor_type_doctor_ibfk_2` FOREIGN KEY (`doctorTypeId`) REFERENCES `doctor_type` (`doctortypeId`) ON DELETE CASCADE ON UPDATE CASCADE
) ENGINE=InnoDB DEFAULT CHARSET=latin1;
/*!40101 SET character_set_client = @saved_cs_client */;

--
-- Dumping data for table `doctor_type_doctor`
--

LOCK TABLES `doctor_type_doctor` WRITE;
/*!40000 ALTER TABLE `doctor_type_doctor` DISABLE KEYS */;
/*!40000 ALTER TABLE `doctor_type_doctor` ENABLE KEYS */;
UNLOCK TABLES;

--
-- Table structure for table `doctordetails`
--

DROP TABLE IF EXISTS `doctordetails`;
/*!40101 SET @saved_cs_client     = @@character_set_client */;
/*!40101 SET character_set_client = utf8 */;
CREATE TABLE `doctordetails` (
  `doctorId` varchar(40) NOT NULL,
  `doctor_type` varchar(40) DEFAULT NULL,
  `doctor_name` varchar(40) DEFAULT NULL,
  `phone_number1` varchar(13) DEFAULT NULL,
  `phone_number2` varchar(13) DEFAULT NULL,
  `email` varchar(40) DEFAULT NULL,
  `address` varchar(60) DEFAULT NULL,
  `doctor_working_days` varchar(10) DEFAULT NULL,
  `doctor_working_hours` varchar(10) DEFAULT NULL,
  `doctor_biodata` varchar(100) DEFAULT NULL,
  `brief_description` varchar(200) DEFAULT NULL,
  `associate_clinic` varchar(40) DEFAULT NULL,
  `freelancer` varchar(40) DEFAULT NULL,
  `actual_doctor_price` varchar(10) DEFAULT NULL,
  `platform_doctor_charge` varchar(10) DEFAULT NULL,
  `doctor_consultation_fee` varchar(10) DEFAULT NULL,
  `doctor_discount` varchar(10) DEFAULT NULL,
  `platform_discount` varchar(10) DEFAULT NULL,
  `number_ofdoctor_visits` varchar(10) DEFAULT NULL,
  `visit_time` varchar(20) DEFAULT NULL,
  `visit_day` varchar(20) DEFAULT NULL,
  `doctor_happy_percentage` varchar(30) DEFAULT NULL,
  `patient_name` varchar(30) DEFAULT NULL,
  `patient_address` varchar(60) DEFAULT NULL,
  PRIMARY KEY (`doctorId`)
) ENGINE=InnoDB DEFAULT CHARSET=latin1;
/*!40101 SET character_set_client = @saved_cs_client */;

--
-- Dumping data for table `doctordetails`
--

LOCK TABLES `doctordetails` WRITE;
/*!40000 ALTER TABLE `doctordetails` DISABLE KEYS */;
/*!40000 ALTER TABLE `doctordetails` ENABLE KEYS */;
UNLOCK TABLES;

--
-- Table structure for table `experience`
--

DROP TABLE IF EXISTS `experience`;
/*!40101 SET @saved_cs_client     = @@character_set_client */;
/*!40101 SET character_set_client = utf8 */;
CREATE TABLE `experience` (
  `experianceId` varchar(46) NOT NULL DEFAULT '',
  `experianceName` varchar(30) DEFAULT NULL,
  `experianceDesc` varchar(30) DEFAULT NULL,
  PRIMARY KEY (`experianceId`)
) ENGINE=InnoDB DEFAULT CHARSET=latin1;
/*!40101 SET character_set_client = @saved_cs_client */;

--
-- Dumping data for table `experience`
--

LOCK TABLES `experience` WRITE;
/*!40000 ALTER TABLE `experience` DISABLE KEYS */;
INSERT INTO `experience` VALUES ('E00001','1 Year',NULL),('E00002','2 Year',NULL),('E00003','3 Year',NULL);
/*!40000 ALTER TABLE `experience` ENABLE KEYS */;
UNLOCK TABLES;

--
-- Table structure for table `location`
--

DROP TABLE IF EXISTS `location`;
/*!40101 SET @saved_cs_client     = @@character_set_client */;
/*!40101 SET character_set_client = utf8 */;
CREATE TABLE `location` (
  `locationId` varchar(50) NOT NULL,
  `locationName` varchar(50) DEFAULT NULL,
  `locationDescription` varchar(50) DEFAULT NULL,
  `date` datetime DEFAULT NULL,
  PRIMARY KEY (`locationId`)
) ENGINE=InnoDB DEFAULT CHARSET=latin1;
/*!40101 SET character_set_client = @saved_cs_client */;

--
-- Dumping data for table `location`
--

LOCK TABLES `location` WRITE;
/*!40000 ALTER TABLE `location` DISABLE KEYS */;
INSERT INTO `location` VALUES ('','Coming Soon',NULL,'2015-05-26 14:54:43'),('1','HSR Layout',NULL,'2015-05-26 12:33:27'),('10','KR Puram',NULL,'2015-05-26 12:35:41'),('11','Marathalli',NULL,'2015-05-26 12:37:28'),('12','Other areas',NULL,'2015-05-26 12:46:23'),('13','Madiwala',NULL,'2015-05-26 12:36:10'),('14','Neelasandra',NULL,'2015-05-26 12:38:55'),('15','Wilson Garden',NULL,'2015-05-26 12:44:12'),('16','Basavanagudi',NULL,'2015-05-26 12:28:00'),('17','Shanthi Nagar',NULL,'2015-05-26 12:41:27'),('18','Ashoka Pillar',NULL,'2015-05-26 12:27:03'),('19','Agara',NULL,'2015-05-26 12:26:55'),('2','Bellandur',NULL,'2015-05-26 12:29:21'),('20','Vivek Nagar',NULL,'2015-05-26 12:43:55'),('21','Ejipura',NULL,'2015-05-26 12:31:06'),('22','Tavarekere',NULL,'2015-05-26 12:42:20'),('23','Maruthi Nagar',NULL,'2015-05-26 12:37:40'),('24','Hiblur',NULL,'2015-05-26 12:32:41'),('25','Hyderabad',NULL,'2015-05-26 14:54:51'),('27','Pune',NULL,'2015-05-26 14:55:01'),('28','Mumbai',NULL,'2015-05-26 14:55:08'),('29','Delhi&NCR',NULL,'2015-05-26 14:55:14'),('3','Sarjapura Road',NULL,'2015-05-26 12:39:30'),('30','Bengaluru',NULL,'2015-05-25 12:26:28'),('4','Harlur Road',NULL,'2015-05-26 12:32:00'),('5','Electronics City',NULL,'2015-05-26 12:31:30'),('6','BTM Layout',NULL,'2015-05-26 12:30:31'),('7','Silk Board',NULL,'2015-05-26 12:40:44'),('8','Koramangala',NULL,'2015-05-26 12:34:11'),('9','Whitefield',NULL,'2015-05-26 12:45:23');
/*!40000 ALTER TABLE `location` ENABLE KEYS */;
UNLOCK TABLES;

--
-- Table structure for table `location_services`
--

DROP TABLE IF EXISTS `location_services`;
/*!40101 SET @saved_cs_client     = @@character_set_client */;
/*!40101 SET character_set_client = utf8 */;
CREATE TABLE `location_services` (
  `locationId` varchar(50) DEFAULT NULL,
  `serviceId` varchar(50) DEFAULT NULL,
  KEY `locationId` (`locationId`),
  KEY `serviceId` (`serviceId`),
  CONSTRAINT `location_services_ibfk_1` FOREIGN KEY (`locationId`) REFERENCES `location` (`locationId`) ON DELETE CASCADE ON UPDATE CASCADE,
  CONSTRAINT `location_services_ibfk_2` FOREIGN KEY (`serviceId`) REFERENCES `services` (`serviceId`) ON DELETE CASCADE ON UPDATE CASCADE
) ENGINE=InnoDB DEFAULT CHARSET=latin1;
/*!40101 SET character_set_client = @saved_cs_client */;

--
-- Dumping data for table `location_services`
--

LOCK TABLES `location_services` WRITE;
/*!40000 ALTER TABLE `location_services` DISABLE KEYS */;
INSERT INTO `location_services` VALUES ('1','158ff822-3af6-4b60-95a9-202c7e73eaae'),('1','687a7dae-464f-43a0-a617-4f93a986949f'),('1','1b867019-e781-4726-930d-e3a44dbb6fac'),('1','a6c15070-aee6-40b9-bed6-48c844d86e18'),('2','687a7dae-464f-43a0-a617-4f93a986949f'),('2','1b867019-e781-4726-930d-e3a44dbb6fac'),('2','a6c15070-aee6-40b9-bed6-48c844d86e18'),('3','687a7dae-464f-43a0-a617-4f93a986949f'),('3','a6c15070-aee6-40b9-bed6-48c844d86e18'),('4','687a7dae-464f-43a0-a617-4f93a986949f'),('4','a6c15070-aee6-40b9-bed6-48c844d86e18'),('5','687a7dae-464f-43a0-a617-4f93a986949f'),('6','687a7dae-464f-43a0-a617-4f93a986949f'),('6','1b867019-e781-4726-930d-e3a44dbb6fac'),('6','a6c15070-aee6-40b9-bed6-48c844d86e18'),('7','687a7dae-464f-43a0-a617-4f93a986949f'),('8','687a7dae-464f-43a0-a617-4f93a986949f'),('8','1b867019-e781-4726-930d-e3a44dbb6fac'),('8','a6c15070-aee6-40b9-bed6-48c844d86e18'),('9','687a7dae-464f-43a0-a617-4f93a986949f'),('10','687a7dae-464f-43a0-a617-4f93a986949f'),('11','687a7dae-464f-43a0-a617-4f93a986949f'),('12','21db609d-8a05-4a05-9f6d-4ef37e875ea8'),('12','6aac2225-8b45-4df7-8875-f712c07f2d49'),('12','29d5b0e3-b3b0-4e43-8840-808750518242'),('12','730fbb84-7784-4369-bf8d-2dfcfe1c4cab'),('12','80c1bbf0-f570-4604-a795-818076dd87e5'),('12','dd8d1e0f-cbe3-44ff-9cbc-1497e1680437'),('12','5f0415dd-7e67-4d2c-bdb8-6a5b58c4f94e'),('12','f6e225dd-f7e1-4d68-a476-b885e37caf33'),('13','1b867019-e781-4726-930d-e3a44dbb6fac'),('13','a6c15070-aee6-40b9-bed6-48c844d86e18'),('14','1b867019-e781-4726-930d-e3a44dbb6fac'),('14','a6c15070-aee6-40b9-bed6-48c844d86e18'),('15','1b867019-e781-4726-930d-e3a44dbb6fac'),('15','a6c15070-aee6-40b9-bed6-48c844d86e18'),('16','1b867019-e781-4726-930d-e3a44dbb6fac'),('16','a6c15070-aee6-40b9-bed6-48c844d86e18'),('17','1b867019-e781-4726-930d-e3a44dbb6fac'),('17','a6c15070-aee6-40b9-bed6-48c844d86e18'),('18','1b867019-e781-4726-930d-e3a44dbb6fac'),('18','a6c15070-aee6-40b9-bed6-48c844d86e18'),('19','1b867019-e781-4726-930d-e3a44dbb6fac'),('19','a6c15070-aee6-40b9-bed6-48c844d86e18'),('20','1b867019-e781-4726-930d-e3a44dbb6fac'),('20','a6c15070-aee6-40b9-bed6-48c844d86e18'),('21','1b867019-e781-4726-930d-e3a44dbb6fac'),('21','a6c15070-aee6-40b9-bed6-48c844d86e18'),('22','1b867019-e781-4726-930d-e3a44dbb6fac'),('22','a6c15070-aee6-40b9-bed6-48c844d86e18'),('23','1b867019-e781-4726-930d-e3a44dbb6fac'),('23','a6c15070-aee6-40b9-bed6-48c844d86e18'),('24','1b867019-e781-4726-930d-e3a44dbb6fac'),('24','a6c15070-aee6-40b9-bed6-48c844d86e18');
/*!40000 ALTER TABLE `location_services` ENABLE KEYS */;
UNLOCK TABLES;

--
-- Table structure for table `medicineinventory`
--

DROP TABLE IF EXISTS `medicineinventory`;
/*!40101 SET @saved_cs_client     = @@character_set_client */;
/*!40101 SET character_set_client = utf8 */;
CREATE TABLE `medicineinventory` (
  `pharmaId` varchar(40) NOT NULL,
  `medicineName` varchar(200) DEFAULT NULL,
  `dosge` varchar(30) DEFAULT NULL,
  `type` varchar(30) DEFAULT NULL,
  `brand` varchar(30) DEFAULT NULL,
  `isPrescReq` tinyint(4) DEFAULT NULL,
  PRIMARY KEY (`pharmaId`)
) ENGINE=InnoDB DEFAULT CHARSET=latin1;
/*!40101 SET character_set_client = @saved_cs_client */;

--
-- Dumping data for table `medicineinventory`
--

LOCK TABLES `medicineinventory` WRITE;
/*!40000 ALTER TABLE `medicineinventory` DISABLE KEYS */;
/*!40000 ALTER TABLE `medicineinventory` ENABLE KEYS */;
UNLOCK TABLES;

--
-- Table structure for table `order_description`
--

DROP TABLE IF EXISTS `order_description`;
/*!40101 SET @saved_cs_client     = @@character_set_client */;
/*!40101 SET character_set_client = utf8 */;
CREATE TABLE `order_description` (
  `orderId` varchar(50) DEFAULT NULL,
  `orderDescription` varchar(400) DEFAULT NULL,
  KEY `orderId` (`orderId`),
  CONSTRAINT `order_description_ibfk_1` FOREIGN KEY (`orderId`) REFERENCES `order_info` (`orderId`) ON DELETE CASCADE ON UPDATE CASCADE
) ENGINE=InnoDB DEFAULT CHARSET=latin1;
/*!40101 SET character_set_client = @saved_cs_client */;

--
-- Dumping data for table `order_description`
--

LOCK TABLES `order_description` WRITE;
/*!40000 ALTER TABLE `order_description` DISABLE KEYS */;
INSERT INTO `order_description` VALUES ('AJFQ7K0EYM','Carpenter...2015-06-01 07:27:35...2015-05-30 07:27:35...9743656568,Afternoon(12-4PM)...murali@auropsaces.com...#218, 1st floor, 9th main, HSR 6th sector, banglore 560102...fixing of wifi on the wall'),('GALOSNZN29','Electrician...2015-06-01 07:29:41,2015-05-30 07:29:41...9743656568...Afternoon(12-4PM)...murali@auropsaces.com...#218, 1st floor, 9th main, HSR 6th sector, banglore 560102...fixing of fan/ fan repair '),('D1GEILXHXZ','PhysioTherapy...2015-05-31 13:55:37...2015-05-30 13:55:37...9986983873...Afternoon(12-4PM)...murthyn.1506@gmail.com...No 403,4th floor,6th main,9th cross,hsr layout sector-1,banglore-560102...Body massage'),('ESDEVF3DL8','Pathology...2015-05-31 17:54:40...2015-05-30 17:54:40...9880574428...Morning(8-12)...1500,10,1350...#2013,sobha cinnamon and saffron apts,harlur road,sarjapura,bangalore-560068...sapnaveldhi@gmail.com...VITAMIN D3 LEVEL'),('CEL8Y0639A','Home Care Taker...2015-06-01 09:58:04...2015-05-31 09:58:04...3543543543...Afternoon(12-4PM)...dgfdg@dfgdfg.dfg...sdfdsfdfdsfdfsdf'),('IKWVJFULWX','PhysioTherapy...2015-05-31 19:48:16...2015-05-31 19:48:16...8043346315...Evening(4-7PM)...praveen.java7@gmail.com...2302 hickorycreek cir...esdgvdvdf'),('Q7O28I3D0M','Nursing Care...2015-06-06 04:45:07...2015-06-04 04:45:07...9986701263...Evening(4-7PM)...hayyan273@gmail.com...Noor Mahal,Bunder Road 1 Cross, Bhatkal, Uttar Kannada District, Karnataka-581320...We are looking for a nurse who can take care of an  elderly women as she is having problem of moving around and not able to fulfill her day today needs on her own.'),('8BDLIC90Y8','Plumber...2015-06-08 10:53:23...2015-06-07 10:53:23..undefined...Evening(4-7PM)...undefined...undefined...asdfghj'),('LERELTNTJC','Doctor...2015-06-07 11:00:27...9342045178...Evening(4-7PM)...1000...10...90...Hsr layout bangalore...jayanna@gmail.com...2015-06-07 11:00:27'),('7BPPI9BG6H','Fabrication(Iron or Alluminium)...2015-06-09 15:29:30...2015-06-08 15:29:30...8884369686...Afternoon(12-4PM)...rajesh@creotech.in...790,one frame\ncontact\nneed the lcd '),('4YLDDRWRGN','Nursing Care...2015-06-11 09:10:30...2015-06-11 09:10:30...9876543210...Evening(4-7PM)...a@a.com...23d df...'),('RN4RRPOZIC','Painter...2015-06-12 09:12:46...2015-06-11 09:12:46...9876543210...Afternoon(12-4PM)...a@a.com...23d df...ppppppppppp'),('PB92RB6M8F','Plumber...2015-06-14 12:10:08...2015-06-13 12:10:08...9845065950...Afternoon(12-4PM)...Prabhakarrao.cm@gmail.com...Site No 1 ...Need to move the drainage pipes (Sevage   Kitchen)  from ground to ceiling'),('BB5XV2Y59A','Pathology...2015-06-16 04:13:48...2015-06-14 04:13:48...9880574428...Morning(8-12)...225,25,168.75,#2013,sobha cinnamon and saffron apts,harlur road,sarjapura,bangalore-560068...sapnaveldhi@gmail.com...CALC'),('AHQAMSIGDL','Pathology...2015-06-16 04:19:04...2015-06-14 04:19:04...9880574428...Morning(8-12)...2850,50,1425,#2013,sobha cinnamon and saffron apts,harlur road,sarjapura,bangalore-560068...sapnaveldhi@gmail.com...Aarogyam 1.3'),('BH951FDWRV','Pathology...2015-06-15 04:21:15...2015-06-14 04:21:15...9611125430...Morning(8-12)...2850,50,1425,2013, Sobha Cinnamon Apartments, Harlur Road, Near Kudlu village, bangalore- 560102...raj@aurospaces.com...Aarogyam 1.3'),('VMACP2Z9OQ','Carpentry...2015-06-18...2015-06-17...9886937482...Afternoon(12-4PM)...rajesh.vijayakumar@aurospaces.com...hjbdjsfdsfsdfdsf...rgfdgdfgfdgdf'),('IFOWTREAZ6','Carpentry...2015-06-19...2015-06-18...9743656568...Afternoon(12-4PM)...murali@auropsaces.com...#218, 1st floor, 9th main, HSR 6th sector, banglore 560102...facing a lot of mosquito problem need to install a mosquito mesh in window'),('4CGKGVYSJR','Fabrication(Iron or Alluminium)...2015-06-21...2015-06-19...1234567890...Evening(4-7PM)...123456@gmail.com...qqqqqqqqqq...aaaaaaaaaaaaaaaaaaa'),('QQYFHYXLZH','PhysioTherapy...2015-06-20...2015-06-20...9883838090...Evening(4-7PM)...chiddu@gmail.com...goro gd...<!--/header-->'),('8V6FZ6NWS6','PhysioTherapy...2015-06-21...2015-06-20...9986983873...Morning(8-12)...murthyn.1506@gmail.com...#423/4,4th floor,6th cross, 9th main,hsr layout,sector-1,banglore-560102...Normal body massage'),('COBHO73H1E','Painter...2015-06-22...2015-06-22...9742557757...Evening(4-7PM)...abdul@aurospaces.com...No 218 HSR Layout 9th Main 6th sector 1st Floor Bangalore 560102...Clear quote'),('1V8ZBXPO00','Painter...2015-06-22...2015-06-22...9742557757...Evening(4-7PM)...abdul@aurospaces.com...No 218 HSR Layout 9th Main 6th sector 1st Floor Bangalore 560102...Cleaning Magic Box'),('VKSIVSJN6H','Carpentry...2015-06-24...2015-06-22...9742557757...Afternoon(12-4PM)...abdul@aurospaces.com...Shoba Lake View Bellandur...Magic Box Installation'),('11521LUKDS','Carpentry...2015-06-24...2015-06-22...9742557757...Evening(4-7PM)...abdul@aurospaces.com...Koramangala PIZZA HUT...Magic Box Installation'),('D5KR6CWK6D','Pet Care...2015-06-24...2015-06-22...9449802157...Morning(8-12)...surabhi.tomar@gmail.com...No 703 garden Apts 21 Vitall Mallya Rd Opp U.B city shell petrol bunk Bangalore 560001\n...Two Dogs Bathing \nBreed: Labrador Dog'),('1JTCNE7O78','Pest Control...2015-06-23...2015-06-23...9797979797...Afternoon(12-4PM)...testing@gmail.com...Just testing how it works.\nNot need to worry....Have lot of cockroaches...'),('LPG9AQP38I','PhysioTherapy...2015-06-23...2015-06-23...9886018233...Evening(4-7PM)...anand.anwekar@gmail.com...2024 Sobha Cinnamon Haralur Road Off Sarjapur Road Bangalore...back pain and issue with disc, having prescription from orthopedic'),('U3C40PCGIA','Pest Control...2015-06-24...2015-06-24...9880914370...Evening(4-7PM)...mail2ravi_kumar@yahoo.com...48, 2nd main road, vinayaknagar, wilosn garden. Bangalore-560027...Bed bugs in the garments factory creating a lot of problem. Kindly service ASAP'),('PE0NHT6ETU','Carpentry...2015-06-24...2015-06-24...8892072059...Evening(4-7PM)...kripastores@yahoo.com...KRIPA TELECOM \nNO.18,FIRST FLOOR, ELECTRONICS CITY .PHASE-2, \nHOSUR MAIN ROAD,  BANGALORE-560 100 \n...Make 300 sq Ft floor mate in office room'),('PLTP7XYBQI','Plumber...2015-06-26...2015-06-25...9845175194...Morning(8-12)...dsouza.david5@gmail.com...No 2B Cornwell Classic, 13 Cornwell Road, Langford Gardens Bangalore 560025...Cup Fixing for Parryware Flush tank.'),('YX3HGMZC50','Pet Care...2015-06-28...2015-06-27...9844045038...Morning(8-12)...care@aurospaces.com...80/2, 15th cross, RT Street, B V K Iyanger road, chickpete, Bangalore-53...dog wash\n\n'),('6I34U7D22W','Plumber...2015-06-30...2015-06-28...9686233110...Evening(4-7PM)...sachinshinde083@gmail.com...#212, Mahaveer Sanctum Annexe, first floor, LBS Nagar, Bangalore -560075...Install wash basin'),('2Z2CEZUHTG','Carpentry...2015-06-29...2015-06-29...8892072059...Afternoon(12-4PM)...kripastores@yahoo.com...KRIPA TELECOM ,NO.18,FIRST FLOOR, ELECTRONICS CITY .PHASE-2,Bangalore.\n...wooden flooring in office room'),('M1E879XYK7','PhysioTherapy...2015-07-01...2015-06-30...9456787654...Afternoon(12-4PM)...gtfrdesdf@gmail.com...rtgyhgtfr...dcfvcfvfvffffffffffffffffffffffffffffffffffffffffffffffffffffffffffffffffffffffffffffffffffffffffffffffffffffffffffffffffffffffffffffffffff'),('PVL3HEYJLZ','PhysioTherapy...2015-07-01...2015-06-30...9124123242...Morning(8-12)...das.atul2012@gmail.com...Flat No-D/2,2nd Floor,Bishnupriya Apartment,Jayadev Vihar,Bhubaneswar-13,Orissa\nSalia Sahi...Neck pain spondilitis pain'),('CBI3750XAW','Doctor...2015-07-01...9632840005...Afternoon(12-4PM)...1200...10...1080...Bellandur 7th cross, Bangalore, Naear bellandur central mall...nagarajkorrapati99@gmail.com...2015-07-01...Gynecologist'),('QR0GPCWNHF','Carpentry...2015-07-01...2015-07-01...8892072059...Afternoon(12-4PM)...kripastores@yahoo.com...KRIPA TELECOM ,NO.18,FIRST FLOOR, ELECTRONICS CITY .PHASE-2,Bangalore.\n...Laminate replacement. (New Laminate Installation)'),('DQEW8UWLHO','Plumber...2015-07-03...2015-07-01...9845193064...Morning(8-12)...Raokoyi@gmail.com...Itpl main road...Bathroom fittings and other plumbing works'),('6ETOQB62DU','Carpentry...2015-07-02...2015-07-02...8892072059...Afternoon(12-4PM)...kripastores@yahoo.com...KRIPA TELECOM ,NO.18,FIRST FLOOR, ELECTRONICS CITY .PHASE-2,Bangalore.\n...Laminate replacement. (New Laminate Installation)'),('MFE5L7YDMT','Plumber...2015-07-02...2015-07-02...9999999999...Evening(4-7PM)...test@test.com...fshddkjfhhsf...Please'),('D3O99NMKOL','Carpentry...2015-07-03...2015-07-03...8892072059...Afternoon(12-4PM)...kripastores@yahoo.com...KRIPA TELECOM ,NO.18,FIRST FLOOR, ELECTRONICS CITY .PHASE-2,Bangalore.\n...Laminate replacement. (New Laminate Installation)'),('LFNJ96KUL3','Carpentry...2015-07-05...2015-07-03...9089787878...Evening(4-7PM)...abc@fty.com...17 ashoka pillar bangalore...cots repair'),('G50K2H5JKE','Plumber...2015-07-03...2015-07-03...7411366041...Evening(4-7PM)...ravichand.aryan@greenhoodgroup.com...St Johns Hospital, Koramangala Bangalore 560034...Water connections from the water tank with core cutting and material.'),('DPNXNRX1ZC','PhysioTherapy...2015-07-04...2015-07-03...8025501487...Afternoon(12-4PM)...psr@hotmail.com...psr@hotmail.com...Hi,'),('UXEH2MRQCI','Electrician...2015-07-05...2015-07-04...8884190407...Morning(8-12)...charu.priya@gympik.com...near CMS B School, lane opposite to SBI ATM, near Food city, JP nagar 6th Phase, Bangalore...geyser problem'),('RJ4SIT6DK2','Electrician...2015-07-07...2015-07-06...9916611011...Morning(8-12)...Siddubanse@gmail.com...40 2nd floor BTR Garden, Kudlu Gate, Blore...Plug point add and geyser is not working \n'),('03MYHP0WZG','Electrician...2015-07-07...2015-07-06...9686967669...Evening(4-7PM)...hiteshsub@gmail.com...#19/A 23rd cross hsr layout 3rd sector near narayana health...Switching problems replacement '),('4AE3YID3S5','Carpentry...2015-07-07...2015-07-06...9686967669...Evening(4-7PM)...hiteshsub@gmail.com...#19/A 23rd cross hsr layout 3rd sector near narayana health...Tower bolt fixing'),('J412HJS55N','Plumber...2015-07-07...2015-07-06...9686967669...Evening(4-7PM)...hiteshsub@gmail.com...#19/A 23rd cross hsr layout 3rd sector near narayana health...Tap leakeage ss brand wall mixer'),('Q8CS0QBS1R','Pet Care...2015-07-07...2015-07-06...9686967669...Morning(8-12)...hiteshsub@gmail.com...#19/A 23rd cross hsr layout 3rd sector near narayana health...Dog wash madol breed '),('0CYPVHNOCW','Pet Care...2015-07-07...2015-07-06...9686967669...Morning(8-12)...hiteshsub@gmail.com...#19/A 23rd cross hsr layout 3rd sector near narayana health...Dog wash'),('JGL1060LYV','Pet Care...2015-07-07...2015-07-06...9902978567...Morning(8-12)...shashank.purushotham6@gmail.com...#3,Bassappa Road\nShanti Nagar\nBengaluru: 560027...I want a wash for my dog! '),('LA7NOM3EK3','Fabrication(Iron or Alluminium)...2015-07-07...2015-07-07...9035523504...Afternoon(12-4PM)...sheilacherian7@yahoo.co.in...222, 3rd Cross, 4th Main,\nKoramangala 1st Block...grill for climbing plant   gate repair'),('KNZGR7BVX7','Plumber...2015-07-07...2015-07-07...9880085604...Evening(4-7PM)...narayanajucardio@gmail.com...# 1442 1st Floor 21st Cross 5th main 3rd sector HSR Layout Bangalore 560102...Tap Repair'),('EANF1ODE03','Pest Control...2015-07-08...2015-07-07...9742329446...Evening(4-7PM)...lokesh.ramamurthy@gmail.com...NO.123, Balaji Layout, 3rd Cross\nBabbusapalya bangalore-43...too many mosquito\'s.  '),('Y4PINDT1Y1','PhysioTherapy...2015-07-09...2015-07-07...9916333791...Afternoon(12-4PM)...6kishore6@gmail.com...#23 , 2nd cross 515 colony HAL 3rd stage New thippasandra, Bengaluru-560075...lower back issue-disc bulge at l5 s1 '),('KNQHH90NWD','Carpentry...2015-07-09...2015-07-07...9739655179...Evening(4-7PM)...pavan.malepati@gmail.com...btm layout 1st stage\n65 35 main...problem in hinges for the kitchen cabinet '),('8W46N8WL3M','Plumber...2015-07-08...2015-07-07...9916333791...Afternoon(12-4PM)...6kishore6@gmail.com...#23 , 2nd cross 515 colony HAL 3rd stage New thippasandra, Bengaluru-560075...could not find indiranagr in the drop down list. so i have chosen kormangala. As per the offer of free first service.. i would like to book a plumber. '),('0X8NS0NLP9','Pet Care...2015-07-08...2015-07-07...9886750707...Afternoon(12-4PM)...rakesh.cmpsc@gmail.com...#121/1 sree raghavendra nilaya 3rd cross sir m.v nagar off kalkere main raod ramamurthy nagar bangalore-560016...hello,\ni need pet care service under first service free scheme location: ramamurthy nagar (k.r puram)\nreferred by SAGAR '),('2HCX5OKT8R','Pest Control...2015-07-09...2015-07-08...9742666126...Evening(4-7PM)...suvarnaanuj@gmail.com...F-208, Raheja Park apartments, Magadi main Road, Bangalore - 560079...I have a cockroach infestation at home.. Need someone to take care of it.. '),('7QWJ2PZJTM','Plumber...2015-07-08...2015-07-08...9535236491...Evening(4-7PM)...parry4007@gmail.com...12 4th main, 2nd cross, behind cmr college, ombr layout banaswadi,\nbangalore north, kalyananagar, bangalore, karnataka -\n560043...fix tap and pipe lines..1 shower...aquaguard connection....\n\nunder first service free\nreferred by Sagar Paul\n\n   '),('PQ3UGQVEJE','Carpentry...2015-07-08...2015-07-08...9448826557...Afternoon(12-4PM)...jenitha_i@yahoo.com...# B304 Salarpuria Apts HSR Lyt 7th sector Bangalore 560102...Repair damaged wooden flooring and hinges to existing door'),('912WF8O4A2','Pest Control...2015-07-10...2015-07-08...8884342888...Afternoon(12-4PM)...supreeth.siddu@gmail.com...#65, SURYA VAMSHI layout,\nDoddaballapur mainroad, Naganahalli,\nYalahanka-64 ...Lots of ants and bedbugs in my place.. so need to get rid of those'),('IHNS1YS5DQ','Pet Care...2015-07-10...2015-07-08...8892104211...Evening(4-7PM)...Pratiklaljoshi@gmail.com...Flat no 104, house no 6 , 3rd cross, k r Layout, J P nagar 6th phase...Hi, I want pet message and grooming as per first service free reference given by Mr. Sagar\n'),('SHOBLLY3XV','Pest Control...2015-07-10...2015-07-08...8884666202...Morning(8-12)...sharon.augustian@gmail.com...Flat no 104, house no 6 , 3rd cross, K R layout, J P nagar 6th phase, bangalore...i want the pest controller for cockroach problem as per first service free worth rs 500 only. reference given by Mr sagar. I want it to be done on saturday. '),('5HEQP9L7A4','Electrician...2015-07-08...2015-07-08...9880085604...Evening(4-7PM)...narayanajucardio@gmail.com...# 1442 1st Floor 21st Cross 5th main 3rd sector HSR Layout Bangalore 560102...tubelight pannel repair or replce'),('VIDKGSHSN6','Plumber...2015-07-08...2015-07-08...9900740936...Evening(4-7PM)...hppetrolbunk@gmail.com...HSR Layout...basic pipe installation (GI pipes)'),('E6OYLV5SWX','Pet Care...2015-07-09...2015-07-08...8095045886...Afternoon(12-4PM)...Muralikumar819@gmail.com...#37 1st main Manjunatha layout  Bangalore 68... dog wash '),('FIJD0AW4S4','Pet Care...2015-07-09...2015-07-08...9986499119...Afternoon(12-4PM)...swaathi.s11@gmail.com...145, 3rd E cross kasturinagar 2nd main road 560043...need pet massage '),('B9DWX5BSNG','Pet Care...2015-07-09...2015-07-08...9901232591...Afternoon(12-4PM)...kkiran0894@gmail.com...145 3rd E cross 2nd main road kasturinagar 560043...Pet grooming ( massage '),('QC0416J0AX','PhysioTherapy...2015-07-09...2015-07-08...9372459456...Afternoon(12-4PM)...reddy@gmail.com...12345...back pain'),('UZ4NNLGNWD','Plumber...2015-07-09...2015-07-09...9620797610...Afternoon(12-4PM)...dileep.d82@gmail.com...flat-105, Elegance lalbagh view apartment,Lalbagh siddapura, jayanagar 1st block, bangalore-560011...Water tap leakage '),('KWESE9ALZF','Electrician...2015-07-10...2015-07-09...9810991160...Afternoon(12-4PM)...dhananjay.maan@gmail.com...A-1533...some problem'),('T56WGDOPRE','Pet Care...2015-07-09...2015-07-09...9742770799...Evening(4-7PM)...sunitha.sap@gmail.com...205 6th blk 18th main rd koramangala ground floor bangalore...Dog Wash\nNail Cutting, vendor needs to carry Shampoo and Lotion along with him. Thank You!!!'),('SUMA7BOHJY','Pest Control...2015-07-11...2015-07-09...9886225023...Morning(8-12)...nirmalya.mohanty12@gmail.com...54, 3rd cross, royal shelters, devarachikanahalli, Bangalore- 76...Cup board infested with termites'),('B3PK2UESN8','Pest Control...2015-07-10...2015-07-09...9945503165...Evening(4-7PM)...srini.verve@gmail.com...No 204, Srinivasa Enclave, Green Glen Layout, Bellandur, Bangalore 560103...Cockroaches are causing a lot of problems. I want to get rid of them.'),('393G58PMAY','PhysioTherapy...2015-07-10...2015-07-10...9916333791...Evening(4-7PM)...6kishore6@gmail.com...#23 , 2nd cross 515 colony HAL 3rd stage New thippasandra, Bengaluru-560075...Need physiotherapy, 2nd time  I need the same person who came yesterday for my treatment. i am satisfied with the service.\nProblem :  back pain\ncharge - ?500\nArea- Thippasandra\nReffered by Sagar'),('ZOB2YWHL4W','PhysioTherapy...2015-07-11...2015-07-10...9916333791...Evening(4-7PM)...6kishore6@gmail.com...#23 , 2nd cross 515 colony HAL 3rd stage New thippasandra, Bengaluru-560075...Need physiotherapy, 2nd time  I need the same person who came yesterday for my treatment. i am satisfied with the service.\nProblem :  back pain ;\nCharge - ?500 as per conversation\nArea- Thippasandra\nReffered by Sagar'),('5AXRBGHLMU','PhysioTherapy...2015-07-12...2015-07-10...9901172704...Afternoon(12-4PM)...enabirrahman@gmail.com...J 4/7, Phase 1,DRDO Complex, C V Raman Nagar, Bangalore , Karnataka, 560093...Ankle ,knee ,elbow, hand pain. Location: C V Raman Nagar\nAs per first service free. Reffered by SAGAR'),('P177TIL9ZZ','Electrician...2015-07-11...2015-07-10...9700355929...Afternoon(12-4PM)...kaleswar@aurospaces.com...P.no 20, Near inchara hotel, Puttenhalli Main road, J P nagar 6th Phase, Banglore-560078...TV wall mounting'),('ZM2QB50JP9','PhysioTherapy...2015-07-10...2015-07-10...7259273968...Evening(4-7PM)...prathima.deepamohan@gmail.com...No 177 VHBCS LYT MAHALAKSHMIPURAM 3RD CROSS NEAR MODI HOSPITAL (OR) PAVITHRA PARADISE BANGALORE 86...KEE '),('YJ2L158KU2','PhysioTherapy...2015-07-11...2015-07-10...7022158131...Morning(8-12)...jainanimesh13@gmail.com...#2, 17th Cross, 26th Main, JP Nagar 6th Phase Bangalore....neck pain; location- JP Nagar; As per First service free referred by Sagar.'),('68HSLEODQR','PhysioTherapy...2015-07-11...2015-07-10...8025522271...Evening(4-7PM)...cm.yogesh@gmail.com...296,19 main 6 blk,\nkoramangala...gait training'),('MWUPHUIWGZ','Pest Control...2015-07-11...2015-07-10...9738229871...Morning(8-12)...sjarunkumar341@gmail.com...No 14 12TH CROSS 1ST MAIN SOMESHWARANAGAR JAYANGAGAR 1ST BLOCK BANGALORE -560011...Cockroach and black ants treatment 1bhk '),('0V7QWRDFN0','Plumber...2015-07-12...2015-07-11...9663023322...Morning(8-12)...ranjan.mit@gmail.com...House No 366, Apporva , 6th Main, Wipro park service lane , Koramangala 1st Block,  Bangalore , Pin - 560034...low pressure flow in pipes ...in bathroom and other taps'),('IBBTZMJ9EI','PhysioTherapy...2015-07-12...2015-07-11...9663429007...Afternoon(12-4PM)...nshona32@gmail.com...house no 24/1, 31st main, abbiah reddy layout, jp nagar 6th phase bangalore...back pain location jp nagar 6th phase, under first session free reffered by sagar  '),('LABSM08GD7','Pet Care...2015-07-12...2015-07-11...9980732289...Morning(8-12)...rgowda22@gmail.com...407,28th main Hsr layout  1st sector. Near police station...German shepper wash'),('WNNY2GLAA4','PhysioTherapy...2015-07-13...2015-07-11...7411648721...Evening(4-7PM)...jig.doshi1993@gmail.com...5th block hbr layout nagwara kalyanagar post\nbangalore -43...back pain \nlocation nagwara \nunder first service free\nreffered by sagar'),('BQCPSXRJKW','Carpentry...2015-07-13...2015-07-11...9591039130...Afternoon(12-4PM)...anisnational317@gmail.com...#774,17th main 23rd cross Hsr layout bangalore...Want to fix a door\n'),('Y3W8TJP3XZ','Pet Care...2015-07-13...2015-07-11...9886370182...Morning(8-12)...shankard25@gmail.com...#738 15A main 3rd sector hsr layout hsr club road...Dog wash saint Bernard ....'),('O9A1L5UNVO','Pest Control...2015-07-12...2015-07-11...9886680449...Afternoon(12-4PM)...Sumitchoudhary1@gmail.com...Hrs layout Sec 2...Pest control '),('1NEPYAWYMY','Pest Control...2015-07-13...2015-07-11...9845401568...Morning(8-12)...Adhikary.laxmi@gmail.com...686. 12 cross. 27 main. 1 sector. Hsr layout. Booked by raj. Make sure service is free. ...Cockroach treatment '),('JHBMMQR429','PhysioTherapy...2015-07-13...2015-07-11...9241228463...Morning(8-12)...nathan25fharry@gmail.com...Sector 3. House number 933. Hsr ...Swelling in foot '),('DDY685ZQYM','Painter...2015-07-13...2015-07-11...9964319333...Morning(8-12)...Chachu03@gmail.com...#126/19 ,2nd cross, Venkateshwara layout, sg playa, Bangalore 29...Distemper for  new vaskals and new windows.'),('J8C8GEDD22','Electrician...2015-07-12...2015-07-11...8867616563...Afternoon(12-4PM)...ashutosh@gmail.com...yelahanka, Bellandur...Hi I need an electrician for my business Place'),('HQDBQ5GZ94','Plumber...2015-07-12...2015-07-12...9916781133...Evening(4-7PM)...jabir.mnnit@gmail.com...Flat no. 301, 2nd floor, house no. 1551, 26th main road, sector 2, HSR Layout, Bangalore 560102...need drilling to be done on wall for frames and hooks.'),('HKKU6A5ZQF','Plumber...2015-07-13...2015-07-13...8861719526...Afternoon(12-4PM)...amaljoy91@gmail.com...#16/44,18th cross,rajiv gandhi nagar,hsr layout,6th sector,bangalore...shower tap leaking'),('VOH5AN8CXX','Carpentry...2015-07-15...2015-07-13...7777777777...Afternoon(12-4PM)...e@d.com...747474...having problem with furniture'),('XDT8WZ9G0R','Carpentry...2015-07-14...2015-07-13...8888888888...Afternoon(12-4PM)...h@j.com...kejwf...i have a problem  with door'),('9D4EJRHBVD','Carpentry...2015-07-14...2015-07-13...9886988688...Evening(4-7PM)...prash_suv@yahoo.co.in...202, Ashraya Apartments, Lane F-3, Thimmareddy Layout, Jeevanbimanagar, Bangalore 560075...Dining table needs to be repaired. It\'s become shaky.. The nuts and bolts need to be tightened'),('Z2JXHSQ2BC','Carpentry...2015-07-14...2015-07-13...9900142096...Afternoon(12-4PM)...parkinn214@gmail.com...domlur club...carpentry work '),('6RT38CUAI5','Pest Control...2015-07-13...2015-07-13...9892989298...Morning(8-12)...Sss@fff.com...Hello street...Test'),('B8VHVUR6OI','Plumber...2015-07-15...2015-07-14...9019396611...Afternoon(12-4PM)...muralikumar819@gmail.com...#10,6th cross, 11th main vidya Jothi nagar, hongasandra bangalore 560068...floor leakage problem\n'),('DOPH9G089G','Pest Control...2015-07-15...2015-07-14...9620159757...Afternoon(12-4PM)...iamjnbharath@gmail.com...#52,EWS, 63 Experimental House,707 SFS, 4th phase,near dairy circle  Yelahanka newtown Bangalore-560065...Rats and cockroaches  '),('MQG5SUS9S1','Plumber...2015-07-15...2015-07-14...9964319333...Morning(8-12)...Chachu03@gmail.com...#126/19 ,2nd cross, Venkateshwara layout, sg playa, Bangalore 29...plumbing new building 12 toilets and 6 kitchens  '),('Q4XFEECQMK','PhysioTherapy...2015-07-15...2015-07-14...8056352099...Afternoon(12-4PM)...vidyash21@gmail.com...G2, sapthagiri meadows, jp nagar 6th phase\nNear big market\nPuttenahali...knee pain.\nLocation jp nagar, under service free\nRefered by sagar'),('8UBJXIR0MV','PhysioTherapy...2015-07-15...2015-07-14...8105538479...Afternoon(12-4PM)...vidya_coolcat@yahoo.co.in...g2, sapthagiri meadows, jp naagr 6 the phase\nputenahli...jp naagr\nRefered by sagar '),('0ECTWJ9QBO','PhysioTherapy...2015-07-15...2015-07-14...8147118396...Evening(4-7PM)...merony9851@gmail.com...JP NAGAR 5TH PHASE, 18TH CROSS, 21ST MAIN,SHAMANA GARDEN\nHOUSE NO: 27, LANDMARK:GRILLS ...Shoulder Pain, jp nagar, referred by Sagar Paul,under 1st service free'),('OFCOBCVC1O','Pest Control...2015-07-15...2015-07-14...9886828883...Morning(8-12)...sagar.reddy003@gmail.com...#121/2, bassappa reddy circle, opp to HDFC bank ATM rupenarghara hosur raod banglore 68 ...mosquito problem near plants and pots '),('15Z1D5JSYV','Pest Control...2015-07-16...2015-07-14...9663828220...Morning(8-12)...mrahulkanth@gmail.com...SRS PG Homes, near CMS B School, near food city...cockroaches and mosquitoes'),('2RRLHWL6C4','Pest Control...2015-07-16...2015-07-14...9916963108...Morning(8-12)...gurureddy66@gmail.com...room number-S5, srs pg homes, neare food city, jp nagar 6th phase ...Mosquitoes, ants and cockroaches'),('DF0GVTMIZ5','Pest Control...2015-07-16...2015-07-14...9000004088...Morning(8-12)...gorantlagovardhan@gmail.com...room no- S6, SRS pg, Jp nagar 6th phase...mosquitoes'),('T5FT67FGRF','Pest Control...2015-07-16...2015-07-14...8374856010...Morning(8-12)...pagu.priyanka@gmail.com...room no-s3, srs pg, jp nagar 6th phase, near CMS B School...cockroaches'),('00FWY3F7HA','Plumber...2015-07-14...2015-07-14...9986825129...Evening(4-7PM)...rahulv19@live.com...46/2 no.2 7th cross balaji layout behind lakshmi thetare...Free first service '),('NYQ2TRFSD5','PhysioTherapy...2015-07-15...2015-07-14...9986412588...Afternoon(12-4PM)...Natarajj316@gmail.com...Shamanna nursery jayanagar 1st block 3rd cross near pta school bang-560011...Right hand upper joint(shoulder)'),('SEZNPGUTPR','Pet Care...2015-07-15...2015-07-14...9986412588...Morning(8-12)...Natarajj316@gmail.com...Shamanna nursery jayanagar 1st block 3rd cross near pta school bang-560011...Removal of ticks and wash'),('A6O73XT1OI','PhysioTherapy...2015-07-14...2015-07-14...9964983739...Evening(4-7PM)...amrutha.princess16@gmail.com...46/2 no.2 7th cross balaji Nagar ...Free first service for physiotherapy '),('QKNT5F916X','Pest Control...2015-07-15...2015-07-14...9986412588...Evening(4-7PM)...Natarajj316@gmail.com...Shamanna nursery jayanagar 1st block 3rd cross near pta school bang-560011...Kitchen and 1bhk'),('VX5ZVGW69F','Pest Control...2015-07-15...2015-07-14...9535573333...Evening(4-7PM)...sandeshrocks777@gmail.com...#5, shree sagar,HMT main road, opposite to munishwara temple, Mathikere , bangalore-560054...pest control for a restaurant at mathikere'),('X66NTDHE1Z','Pest Control...2015-07-14...2015-07-14...8553460539...Evening(4-7PM)...kishoremkrm@gmail.com...46/1,room no.116,7th cross balaji nagar ,...Bed bugs for first free service'),('YL0SXP6KDJ','Pet Care...2015-07-14...2015-07-14...9449737568...Evening(4-7PM)...wmogdoom@yahoo.com...#71,7th cross, Balaji nagar...Pomrenian first free service '),('IXYUZOZBKU','PhysioTherapy...2015-07-14...2015-07-14...9632002226...Evening(4-7PM)...purushotham05naidu@gmail.com...46/1,7th cross, Balaji nagar, room no-4...Physiotherapy. First free service referred by mogudoom'),('JWKO27KF0J','Pest Control...2015-07-15...2015-07-14...9880909066...Morning(8-12)...athmapatilgs@gmail.com...near Tavarekere bus stop...1bhk house.. cockroach and ants'),('YUADDT30WV','PhysioTherapy...2015-07-14...2015-07-14...9343823345...Evening(4-7PM)...rahulvijaykumar086@gmail.com...#71/b,7th cross ,Balaji nagar...First free service referred by Mogudoom '),('UQ84IOY562','Plumber...2015-07-14...2015-07-14...9880714267...Evening(4-7PM)...kumarharshitha1@gmail.com...46/3, 7th cross ,Balaji nagar room no-103...First free service referred by Mogudoom '),('PCGEWGF9CM','PhysioTherapy...2015-07-15...2015-07-14...8971668699...Morning(8-12)...wmogdoom@yahoo.com...#70/29,7th cross ,Balaji Nagar...Knee pain under first free service referred by Mogudoom '),('DPB2I780GI','PhysioTherapy...2015-07-15...2015-07-14...8147581266...Evening(4-7PM)...aaliya_sidd@yahoo.com...#22, jain hostel (girls), near foodcity, jp nagar 6th phase, behind inchara hotel, Bangalore\n\n...back pain, location jp nagar, underf rist service free,\nReffered by sagar paul'),('3HJ6NC2X9F','PhysioTherapy...2015-07-16...2015-07-14...8792729264...Evening(4-7PM)...sonaldaga35@gmail.com...#22, 2nd floor, jain hostel (girls), near foodcity, jp nagar 6th phase, behind inchara hotel, bangalore\n...suffering from back ache, location-jp nagar, under first service free, referred by sagar paul'),('5JML1GERMJ','PhysioTherapy...2015-07-16...2015-07-14...9538760705...Morning(8-12)...sonica.agrawal27@gmail.com...Flat B-2, Abbaih Reddy Homes, near food city, JP Nagar, 6th phase, behind Inchara Hotel, Bangalore...sufffering from ankle pain , under first service free, location : jp nagar,reffered by sagar paul'),('AUV97HUUFM','PhysioTherapy...2015-07-16...2015-07-14...8050495309...Evening(4-7PM)...asarma42@gmail.com...jp nagar 5th phase near zeeshan restaurant ...ankel pain'),('2GFWOT7X06','Electrician...2015-07-15...2015-07-14...9742576988...Evening(4-7PM)...wmogdoom@yahoo.com...#46/1,room no:114,7th cross,Balaji nagar...Problem with connection...first free service referred by Mogudoom '),('I55OD8S42T','Fabrication(Iron or Alluminium)...2015-07-15...2015-07-14...9945646013...Morning(8-12)...witsyraksha@gmail.com...#18, Sri Cauvery Nilaya, 5th cross. Balaji layout, Hongasandra, Begur main road, Blore - 560 068...Water purifier not working. \n\nFree service, referred by mugudoom.'),('Y25BRJKMV9','PhysioTherapy...2015-07-16...2015-07-14...8951015042...Morning(8-12)...sarfarazbaig581@gmail.com...#3038, 5th cross, water tank, k s layout, bangalore- 560078...shoulder pain, location kumarswamy layout, under first service free , refereed by sagar , meet on sunday morning'),('DVQV9STNC0','PhysioTherapy...2015-07-16...2015-07-14...9035602487...Morning(8-12)...md.ashraf073@gmail.com...#926, 16th cross, near water tank,  k s layout, bangalore- 560078...back pain, kumarswamy layout, under first service free, refereed by sagar, meet on sunday morning'),('AX8VL9V83G','Pathology...2015-07-15...2015-07-14...9740134673...Evening(4-7PM)...200...10...180...Astalaxmi layout 1st main, jp nagar 6th phase, Bangalore\n\nNeed the service on Saturday 18th July time: Evening. 4 to 7 \nReferred by Sagar paul...pawaramita1201@gmail.com...CALCIUM'),('ZBJ5ZQH91Z','PhysioTherapy...2015-07-16...2015-07-14...7022158312...Evening(4-7PM)...sohamdasgupta16@gmail.com...JP Nagar 6th phase, Jain boys hostel, behind inchara hotel, landmark- foodcity....acute shoulder pain, location jp nagar, under first service free, referred by sagar paul\n\nneed it on satuday (4-7 evening)'),('7D20R0LBKJ','Pet Care...2015-07-15...2015-07-15...9632003084...Evening(4-7PM)...guru.2015@yahoo.com...#402/22, 13th main ,17th cross ,Venkateshwara layout ,Madiwala...dogs breed : seetz , pet bathing , first free service, Referred by Mogudoom'),('7G6EI8WF3X','Pest Control...2015-07-17...2015-07-15...8884342888...Evening(4-7PM)...supreeth.siddu@gmail.com...#65, 3rd floor , SURYA VAMSHI layout, \nDoddaballapur mainroad, Naganahalli,\nYalahanka-64 ...bed bugs '),('FIPZ3VOM9C','PhysioTherapy...2015-07-17...2015-07-15...8884220260...Afternoon(12-4PM)...gorantlagovardhan@gmail.com...Room - S5,srs pg home, no-2,17th cross, 26th main, murthappa garden, jp nagar 6th phase...knee pain, kindly schedule  it on Saturday (12 - 4) '),('3C7WPENLAC','PhysioTherapy...2015-07-16...2015-07-15...9486865929...Afternoon(12-4PM)...kailash.vsv@outlook.com...#44, 6th main near ssb school appareddy palya indranagar 2nd stage bangalore 38...Sprain in the hand, need suggestion and treatment for it on'),('RW4CVRB4LJ','PhysioTherapy...2015-07-16...2015-07-15...9341226999...Evening(4-7PM)...costbr@yahoo.co.in...#15,3rd main,anuguraha layout,bliekahalli...Lower back pain...free service....referred by Mogudoom '),('OG5G8O25LH','Pest Control...2015-07-16...2015-07-15...8095933790...Evening(4-7PM)...lakshmimn16@gmail.com...Door no.1674,6th main,5th cross,2nd stage,rpc layout,vijayanagar...Cockroach problems...first free service...referred. By Mogudoom\n'),('F5FSEZP03G','PhysioTherapy...2015-07-16...2015-07-15...9916963036...Evening(4-7PM)...uma.judi@gmail.com...76/4 30th cross 4th T block tilaknagar jayanagar bangalore 41...Back pain \nNeed a lady doctor\nReferred by sahana'),('ZS5B27NUBJ','Pet Care...2015-07-17...2015-07-15...9916177199...Evening(4-7PM)...sahana@aurospaces.com...76/4 30th cross,4th T block, tilaknagar,jayanagar,bangalore-41...pet cleaning\nreffered by sahana'),('RN6G5K52KA','Pet Care...2015-07-17...2015-07-15...9986342290...Evening(4-7PM)...sahanaspoojari@gmail.com...76/4 30th cross 4thT block tilaknagar jayanagar bangalore -41 ...pet cleaning\nreffered by sahana\n'),('IZ4JCMERFR','Pest Control...2015-07-17...2015-07-15...9880752439...Evening(4-7PM)...d.sangeeta13@gmail.com...E-603, Jacaranda Block, Brigade Millenium, JP Nagar 7th Phase\nBangalore 560085...Cockroach and ants under first free services and referred by Mogudoom'),('WMPZD8J97Y','Electrician...2015-07-16...2015-07-15...9941219305...Morning(8-12)...vidyash21@gmail.com...G2; sapthagiri meadows; jp nagar 6th phase; near big market\nPuttenahali...Switch bird is not working \nRef- mogudoom'),('1D6I2AUMBK','Pest Control...2015-07-17...2015-07-15...9972395358...Evening(4-7PM)...mamtaarora969@gmail.com...#44/1, opp. brigade mellenium appartments, kothanoor main road, jp nagar 7th phase,bangalore-560078...cockroaches\nref- kaleswar\nmonday- 10:00 PM'),('831L5TZLF2','Pest Control...2015-07-17...2015-07-15...8951594233...Afternoon(12-4PM)...arunabejawada@gmail.com...#65, d/n 101 1st floor suryavamshi layout, naganahalli, yelhanka -64 ...Ants Cockroaches and mosquitoes\n(reffered by sahana)'),('8E9UYAFAHG','Plumber...2015-07-16...2015-07-15...7353752042...Afternoon(12-4PM)...sahanaspoojari@gmail.com...#20, annaiah lay near manasa vidhya Kendra jp nagar 6th phase bang-78 ...pipe rusted and leaking'),('V3W5MFC3P3','Pest Control...2015-07-17...2015-07-15...9435129907...Evening(4-7PM)...merony9851@gmail.com...JP nagar 5th phase shamana garden near zeeshan restaurnat...cockroaches and ants ( reffered by sahana )'),('Q0N7WYOQWG','Plumber...2015-07-16...2015-07-15...9959508883...Afternoon(12-4PM)...praveen.p@gmail.com...praveen.p@gmail.com...fhgfgh'),('ZBEC8KP5TC','Pest Control...2015-07-18...2015-07-16...9916997503...Morning(8-12)...lopamudra.sen@gmail.com...Doddanakundi, Marathalli...Need pest control for cockroaches'),('6L2MM99LK8','PhysioTherapy...2015-07-17...2015-07-16...9008071007...Evening(4-7PM)...csanilkumar.90@gmail.com...#45,MVA residency,ITI layout,8th cross, mallathalli , bangalore-560056...arm pain(reffered by sahana)'),('YM1APKNQSX','PhysioTherapy...2015-07-17...2015-07-16...9986137065...Evening(4-7PM)...uma.judi@gmail.com...#76/4,30th cross,4th T block,thilak Nagar,jayanagar...Shoulder pain,ref.Mogudoom'),('OUBY40UVYD','PhysioTherapy...2015-07-18...2015-07-16...9141932580...Evening(4-7PM)...lakshmimn16@gmail.com...1674,5th cross ,6th main,rpc layout,hampinagar,vijayanagar...Back pain.first free ser.ref.mogudoom'),('TCGPT54I0U','Carpentry...2015-07-16...2015-07-16...9916781133...Afternoon(12-4PM)...jabir.mnnit@gmail.com...Flat no. 301, 2nd floor, house no. 1551, 26th main road, sector 2, HSR Layout, Bangalore 560102...Need drilling to be done on the wall for hanging hooks and frames.'),('GEKU5FZBC9','Pest Control...2015-07-18...2015-07-16...9916752812...Morning(8-12)...Uppalapathi@gmail.com...#746,7th cross, 13th main BTM 2nd stage bangalore-76...Bed bugs service required on Monday 20-07-2015 ( reffered by kaleswar) before 9.30 in d morning'),('OHXT4LKGNC','Pest Control...2015-07-18...2015-07-16...8747015906...Evening(4-7PM)...arasuvaimadhuram@gmail.com...#149/a,1st floor foodays complex,5th main,6th sector,hsr layout...Flies...first. Free service..ref.mogudoom '),('76G5Y9WM0T','PhysioTherapy...2015-07-17...2015-07-16...9880617045...Evening(4-7PM)...deepu404@gmail.com...#5,2nd floor, 7th cross,l n puram, Bangalore-560021...Thai muscle pain(reffered by sahana)'),('YQ5GSUFZ48','Pest Control...2015-07-17...2015-07-16...8971369697...Morning(8-12)...ami.lost1185@gmail.com...house no. 9, 21st main, 19th cross, 5th phase, s.m.s layout, backside gate bohara masjid, JP nagar, 560078...problem: bed bugs, for 1 room\nLocation JP Nagar,\nrecharge referal : soham, Ph:  91 7022158312\n\nordered referred by sagar paul'),('J349CRRQOV','Pest Control...2015-07-17...2015-07-16...7022154962...Morning(8-12)...sujeet.das2@gmail.com...\nhouse no. 9, 21st main, 19th cross, 5th phase, s.m.s layout, backside gate bohara masjid, JP nagar, 560078...problem: bed bugs, for 1 room\nLocation JP Nagar,\nrecharge referal : soham, Ph:  91 7022158312\n\nordered referred by sagar paul\n'),('NMH785V8CU','PhysioTherapy...2015-07-17...2015-07-16...8095991377...Evening(4-7PM)...namitjain990@gmail.com...#24, 001 ground floor shradhmangal apt., VV Puram, Bangalore - 560004...problem: bed bugs, for 1 room\nLocation JP Nagar,\nrecharge referal : namit , Ph:   8095991377\n\nordered referred by sagar paul\n'),('W4QI0OJGT2','Pest Control...2015-07-17...2015-07-16...9886822203...Morning(8-12)...mohammed.moog@gmail.com...#77 5th main kumarswmi layout bangalore 560070...pest control services my home  '),('7N1K8AOHGV','Pest Control...2015-07-17...2015-07-16...8147933319...Evening(4-7PM)...kevin_julius_dsilva@yahoo.com...Jain boys hostel, jp nagar 6th phase, behind inchara hotel, landmark-food city\nBangalore...rat problem only 1 room, under first service free\nrecharge refernce by soham , ph 7022158312\nLocation : JP Nagar\n\nOrder refered by sagar,\n'),('7EWVK3JLB1','Pet Care...2015-07-17...2015-07-16...9449802157...Morning(8-12)...surabhi.tomar@gmail.com...No 703 garden Apts 21 Vitall Mallya Rd Opp U.B city shell petrol bunk Bangalore 560001\n...Dog Wash - Breed  Labrador'),('JFOXK3VP4G','PhysioTherapy...2015-07-17...2015-07-16...9035555579...Evening(4-7PM)...Seenureddy10@gmail.com...5/9 8th cross harikruppa govindrajanagar Bangalore -560040...Back pain ( reffered by sahana)'),('L49JDUFEAO','PhysioTherapy...2015-07-18...2015-07-16...7204226664...Evening(4-7PM)...Pavuscorpion@gmail.com...#16,ground floor, 6th main , narayanappa block rt nagar Bangalore 32...Leg pain for my grandma aged 75 years\nReffered by sahana '),('X3V7YET31A','PhysioTherapy...2015-07-18...2015-07-16...9739577569...Evening(4-7PM)...shasank.mathur44@gmail.com...Jain boys Hostel, (1st floor) Jp nagar 6th phase, Behind Inchara Hotel, Landmark: Foodcity, Bangalore...shoulder pain, \nLocation : JP Nagar\nrecharge referal : rishabh , ph: 9964984551\n\norder reffered by sagar'),('ORS2Q2IC9C','PhysioTherapy...2015-07-18...2015-07-16...8123102934...Evening(4-7PM)...sunilchandverma@gmail.com...Jain boys Hostel, (2nd floor) Jp nagar 6th phase, Behind Inchara Hotel, Landmark: Foodcity, Bangalore...shoulder pain,\nreffered rishabh, ph: 9964984551\nreffered by sagar\nlocation: JP Nagar'),('ORNW1PSR0C','PhysioTherapy...2015-07-18...2015-07-16...9916825268...Evening(4-7PM)...shahsunil1994@gmail.com...Jain boys Hostel, (2nd floor) Jp nagar 6th phase, Behind Inchara Hotel, Landmark: Foodcity, Bangalore...Lower back pain,\nrecharge refral by rishabh, Ph: 9964984551,\norder refered  by sagar\n\nLocation jp nagar'),('7B1UDYPNIB','PhysioTherapy...2015-07-18...2015-07-16...9902312404...Evening(4-7PM)...sandipbosecat2013@gmail.com...Jain boys Hostel, (1st floor) Jp nagar 6th phase, Behind Inchara Hotel, Landmark: Foodcity, Bangalore...suffering from Shoulder pain, Location : JP nagar,\n\nRecharge refer: 9964984551\n\nOrdr reffered by sagar'),('IZKRI6PMQA','Pest Control...2015-07-18...2015-07-16...8527852180...Morning(8-12)...dipanshua32@gmail.com...room no. 208, Sri Sai Nest,\nNo.12, 30th main, 6th phase, JP Nagar, Bangalore -78...cockroaches.  1 room . strictly under 500rs free service offer\n\nRecharge referal : animesh jain, PH:7022158131\n\norder refered by sagar paul\n\nLocation : JP Nagar'),('3VAH0R8DUD','PhysioTherapy...2015-07-18...2015-07-16...9916744478...Evening(4-7PM)...sharma.gaurav051@gmail.com...2nd floor, No.51 \nSri Sai Nilayam\nVasantha layout,\nNear vadevi school\nMunnekolala\nBangalore - 560037...Shoulder pain, strictly under first service free ,\n\nRecharge refer by : rishabh jain : 9964984551\n\nOrder by sagar paul'),('Q7E4JFFLQV','PhysioTherapy...2015-07-18...2015-07-16...9425204506...Evening(4-7PM)...2305pawanksharma@gmail.com...2nd floor, No.51 \nSri Sai Nilayam\nVasantha layout,\nNear vadevi school\nMunnekolala\nBangalore - 560037...Shoulder pain, strictly under first service free ,\n\nRecharge refer by : rishabh jain : 9964984551\n\nOrder by sagar paul'),('77UOR1K5NS','Pest Control...2015-07-18...2015-07-16...7022158128...Morning(8-12)...shivangimundhra@yahoo.com...jain girls hostel 403-D, Abbhaih reddy layout, behind Inchara Hotel, JP Nagar, 6th phase, puttenahalli road...Problem: Rats keep coming and going\nLocation: Jp Nagar\n\nRecharge referal : aliyaa siddiqie, ph : 8147581266\n\norder referal  :  Sagar Paul'),('FH6TR3WCA2','PhysioTherapy...2015-07-17...2015-07-16...9743645072...Evening(4-7PM)...nancyjain2106@gmail.com...jain girls hostel, 403-D, abbaih reddy layout, behind inchara hotel, JP Nagar 6th phase, puttenhalli road....upper back, Location jp nagar\n\nRecharge referal by Aliya, 8147581266\n\norder refered by Sagar'),('PCU9RG39S2','PhysioTherapy...2015-07-17...2015-07-16...9731012598...Evening(4-7PM)...pinkydev0@gmail.com...jain girls hostel, 403-D, abbaih reddy layout, behind inchara hotel, JP Nagar 6th phase, puttenhalli road....Neck pain, strictly under first service free ,\n\nRecharge refer by :Aliya , 8147581266\n\nOrder by sagar paul'),('LJG8OJ95V5','Pest Control...2015-07-18...2015-07-16...8553427983...Evening(4-7PM)...mallikakumar093@gmail.com...108/6, Sri Ranga Nilaya, 7th cross, Thavarkere main road, Bangalore-560029...PLS Schedule it on sunday afternoon\n\nCockroach problem, Please strictly under first service free.\n\nmoney referal - rishabh jain \n\norder refered by Sagar Paul\n'),('H253L0BE8B','Pest Control...2015-07-18...2015-07-17...8722226325...Afternoon(12-4PM)...neerajain03@gmail.com...Jain boys Hostel, (1st floor) Jp nagar 6th phase, Behind Inchara Hotel, Landmark: Foodcity, Bangalore\n...bed bugs issue, under first service frree only i want to try, only 1 room\n\nmoney referal- rishabh\n\norder by sagar\n'),('BJWDBSDLUS','Pet Care...2015-07-19...2015-07-17...9663960301...Morning(8-12)...sahanaspoojari@gmail.com...#283,11th cross, 2nd phase,woc,manjunathnagar,near modi hospital KFC,bangalore-560010...needs a pet bathing(reffered by sahana)'),('I1TWR4BVLR','Plumber...2015-07-18...2015-07-17...9964984551...Afternoon(12-4PM)...rshabhjain.jain48@gmail.com...Jain boys Hostel, (1st floor) Jp nagar 6th phase, Behind Inchara Hotel, Landmark: Foodcity, Bangalore\n...location : JP Nagar\nThe flow of water is very less due to internal blockage, need to clean it internally, under first service free\n\nMoney refral :  Rishabh\nOrder booked by Sagar\n\n'),('BFYY8RFMUN','Carpentry...2015-07-19...2015-07-17...7760746303...Afternoon(12-4PM)...Mithundj06@gmail.com...#3/21 , 1st floor\n7th cross\nBhavani layout\nOpp thavarekere park\nBangalore\nKarnataka 560029...Our table leg is broken. Table leg is made up of iron. Can u fix that.'),('IHNEIHOQ1A','Pest Control...2015-07-18...2015-07-17...9686451631...Afternoon(12-4PM)...u.swati.24@gmail.com...jain girls hostel (3rd floor ), 403-D, abbaih reddy layout, behind inchara hotel, JP Nagar 6th phase, puttenhalli road.\n...cockroach pproblem i am facing, i need treatment that comes under first service free, i want to try your service.\n\nMoney refer : Rishabh, 9964984551\nOrder by : sagar '),('EYLPC0VS9X','Carpentry...2015-07-19...2015-07-17...9916267482...Morning(8-12)...karthika.kr89@gmail.com...No 42, Chaitra nilaya, 1st floor 6th cross,\nBhuvaneshwarinagar, kempapura Hebbal, \nBangalore - 560024...The leg of a chair is broken.. Needed a carpenter to fix it.. Referred by Sahana SP'),('4BYQNSUUA5','PhysioTherapy...2015-07-18...2015-07-17...8095991377...Evening(4-7PM)...namitjain990@gmail.com...#24, 001 ground floor shradhmangal apt., VV Puram, Bangalore - 560004...back problem , Location : VV PURAM \nReffered by Namit \nordered by Sagar'),('IP15GQ7IKJ','PhysioTherapy...2015-07-19...2015-07-17...9731875649...Afternoon(12-4PM)...hkdreams77@gmail.com...mr.hemanth, avalahalli, behind sai baba temple , yelhanka -64 ...severe back pain\n(reffered by sahana)'),('QUYMWMT76H','Pathology...2015-07-19...2015-07-17...9740134673...Morning(8-12)...200...10...180...Astalaxmi layout 1st main, jp nagar 6th phase, Bangalore\n\nNeed the service on Saturday 18th July time: Evening. 4 to 7 \nReferred by Sagar paul . ...pawaramita1201@gmail.com...CALCIUM'),('SH8VY28SP4','Pathology...2015-07-19...2015-07-17...9019923769...Morning(8-12)...200...10...180...jain girls hostel (3rd floor), 403-D, abbaih reddy layout, behind inchara hotel, JP Nagar 6th phase, puttenhalli road.\n...nikitasinghania@outlook.com...CALCIUM'),('P1R0B3ODWS','Pest Control...2015-07-18...2015-07-17...9739987299...Morning(8-12)...ramadevi.kolukula@gmail.com...101 srinivasa enclave 98/100 green glen layout\nbellandur, bangalore 560103...Need pest control for cockroaches and mosquitoes'),('18KRNAS8VI','Pet Care...2015-07-19...2015-07-17...9632415786...Morning(8-12)...jatinrx135@gmail.com...326, ground floor, 5th cross, 1st main, koramangla, 7th block....pet care :  pet nail trimmming, under first service free,\nmoney refer by Rishabh\n\norder by Sagar'),('LMTUCGZ893','Pest Control...2015-07-17...2015-07-17...9538197217...Afternoon(12-4PM)...divyavachani@yahoo.in...jain girls hostel, 403-D, abbaih reddy layout, behind inchara hotel, JP Nagar 6th phase, puttenhalli road.\n(3rd floor)...frequent cockroach problem i facing,  1 room,\nstrictly under free service\n\nLocation: JP NAGAR\n\nmoney refer by rishabh \n\nOrder by Sagar'),('D9CECE2JX5','Electrician...2015-07-18...2015-07-17...7829783277...Morning(8-12)...caneha31@gmail.com...house no. 3384, 2nd main, 13th cross, Shastrinagar, KR Road, Bangalore-560028...LOCATION : SHASTRINAGAR\n\nElectrician: Fan servicing,some problem in fan.UNDER FIRST SERVICE FREE!!!\n\nMoney order: Rishabh jain\n\nOrder by : Sagar Paul'),('R6HO2O2V8D','Pest Control...2015-07-18...2015-07-17...8884203142...Morning(8-12)...ankitkashyap233@gmail.com...flat A3, suntech solar apartent,near beevee bakery, jp nagar 6th phase, behind inchara hotel...cockroach problem stricyl for 1 room under first service free, \nLocation : Jp nagar\n\nmoney refer by Rishabh\n\nOrder by Sagar'),('D3BHPTYS0W','Pest Control...2015-07-20...2015-07-18...9739987299...Evening(4-7PM)...ramadevi.kolukula@gmail.com...101 srinivasa enclave 98/100 green glen layout\nbellandur, bangalore 560103...cockroach and mosquito repellant'),('4MOPKRLDI9','Plumber...2015-07-20...2015-07-18...9999999999...Evening(4-7PM)...test@test.com...Nothing great about...No problem'),('GPP59GDWSC','Pathology...2015-07-20...2015-07-18...8197506806...Evening(4-7PM)...200...10...180...#28, 8th main, 16th cross, Ramaswamy Layout,Bangalore,\n\nMoney order by Rishabh\n\nOrder refered by Sagar...gauravgj0610@gmail.com...CALCIUM'),('D5F7JL6U4H','Pathology...2015-07-20...2015-07-18...8105370401...Morning(8-12)...200...10...180...b-1102,Confident Aquilla, Sompura circle,Sarjapur road,Blore.\n\nMoney refer- Rishabh\nOrder by Sagar...digan77@gmail.com...CALCIUM'),('XXO0P2R68R','Pathology...2015-07-20...2015-07-18...9026197616...Morning(8-12)...200...10...180...B-1102, Confident Aquila,Sompura circle,sarjapur road,blore\nMONEY REFER- Rishabh\nOrder refer- Sagar...mrashidakhan7@gmail.com...CALCIUM'),('3NP8NRYL5P','Pathology...2015-07-20...2015-07-18...7899362988...Morning(8-12)...200...10...180...B-1102, Confident Aquila, Sompura circle,sarjapur roadmblore\n\nMoney refer- rishabh,\nOrder by Sagar...cmgandhi27@gmail.com...CALCIUM'),('PP2USD4FQY','Pathology...2015-07-20...2015-07-18...7275890625...Morning(8-12)...200...10...180...B-1102, Confident Aquila, Sompura circle,sarjapur roadmblore\n Money refer- rishabh, \nOrder by Sagar...abhinav.159793@gmail.com...CALCIUM'),('NDRJDMMMLY','Pathology...2015-07-20...2015-07-18...8055874838...Morning(8-12)...200...10...180...B-1102, Confident Aquila, Sompura circle,sarjapur roadmblore \nMoney refer- rishabh\nOrder by Sagar...rohitgurnani843@gmail.com...CALCIUM'),('760065HUNC','Pathology...2015-07-20...2015-07-18...9916743775...Morning(8-12)...200...10...180...B-1102, Confident Aquila, Sompura circle,sarjapur roadmblore\n Money refer- rishabh,\n Order by Sagar...rajat.isme141@gmail.com...CALCIUM'),('RRX3JYIGQE','Plumber...2015-07-19...2015-07-18...8147234701...Morning(8-12)...md.ashraf073@gmail.com...962,16th cross, 1 stage, Kumar swamy layiut, Bangalore...Water leakage problem. fixing existing product.. want it under first service free.\nMoney refer by Rishabh\nOrder  refer by Sagar'),('5HV34X0RZ6','PhysioTherapy...2015-07-19...2015-07-18...9739501507...Evening(4-7PM)...saurabh.jain.cool@gmail.com...#28, 8th main, 16 cross, ramaswamy layout, lakkasandra,...need a shoulder pain treatment session, under first service freee. (MONDAY)\n\nmoney order \"rishbh\norder by : Sagar'),('4IPG2XEWYW','Pathology...2015-07-20...2015-07-18...9880915829...Morning(8-12)...200...10...180...jain girls hostel, 403-D, abbaih reddy layout, behind inchara hotel, JP Nagar 6th phase, puttenhalli road.\nmoney ref_rishabh\nOrder_by sagar...sharelfran123@gmail.com...CALCIUM'),('8Y4NNOPNUO','PhysioTherapy...2015-07-20...2015-07-19...9901022118...Evening(4-7PM)...ankitkumargupta19@gmail.com...D401, Renaissance brindavan appartments, Uttarahalli main road, bangalore- 61...hi, i have lowerback pain,  under first service free\nLocation:uttarahallli\nrecharge refer : ankit gupta \nOrder by sagar'),('DQ0JQO5SI2','Carpentry...2015-07-20...2015-07-20...9900651621...Evening(4-7PM)...anchita@aurospaces.com...B-24, Diamond District\nBangalore-560102...Need to get door and door lock repaired/replaced immediately. '),('CFLYU8R96V','Pest Control...2015-07-21...2015-07-20...8105995003...Evening(4-7PM)...alkaahelleya@gmail.com...Flat 801, Block 17A\nSuncity Apartments, Sarjapur Outer Ring road junction,\nIbblur, Bangalore...For controlling Cockroaches.'),('QOMBKD7ATT','Electrician...2015-07-21...2015-07-20...9901200552...Afternoon(12-4PM)...praha1991@gmail.com...SF02, Zaanz Apartments, ST Bed Layout,\nKoramangala 4th Block...General Wiring Error.\n3 point plugs not working.'),('AD9FUIREOQ','Carpentry...2015-07-21...2015-07-20...8892072059...Morning(8-12)...kripastores@yahoo.com...KRIPA TELECOM ,NO.18,FIRST FLOOR, ELECTRONICS CITY .PHASE-2,Bangalore.\n...Window cover with wood and some wood work with glass in M.D room '),('3N4M45YBQ5','Pest Control...2015-07-23...2015-07-21...9591347776...Afternoon(12-4PM)...madhukv020@gmail.com...Doddabalapur main road, behind bmsite college, yelhanka 64 ...Mosquitoes 1bhk(reffered by sahana)'),('NWWOHQUE6I','Plumber...2015-07-22...2015-07-21...9176016949...Afternoon(12-4PM)...krishnakumar.nair83@icloud.com...Room -9,#80,7th cross Balaji Nagar ...Fix a pipe with waser..Mogudoom referral'),('GN3262LKCA','PhysioTherapy...2015-07-22...2015-07-22...9952953869...Afternoon(12-4PM)...hafeelahamd21@gmail.com...#306,shayadhri appt,100ft outer ring road,5th phase ,jp nagar...Lower back pain..ref.mogudoom '),('OZ7E0M1GPM','PhysioTherapy...2015-07-23...2015-07-22...8095033099...Afternoon(12-4PM)...harshi9393@gmail.com... Shankar puram\nNo.26 karnic road...Back pain.ref.mogudoom '),('9QNXSRWCL5','Painter...2015-07-24...2015-07-23...9876543211...Evening(4-7PM)...a@gmail.com...dubai main road...dfasdfsafs'),('ZT5W9UT10W','Pet Care...2015-07-25...2015-07-24...9886370182...Morning(8-12)...shankard25@gmail.com...#738 15A main 3rd sector hsr layout hsr club road...dog wash sait bernard'),('NX2NR0W573','Carpentry...2015-07-24...2015-07-24...8892072059...Evening(4-7PM)...kripastores@yahoo.com...KRIPA TELECOM ,NO.18,FIRST FLOOR, ELECTRONICS CITY .PHASE-2,Bangalore.\n...Wooden Ceiling (work was completed as of 17/07/2015)'),('Y438CVZ3S7','Pest Control...2015-07-26...2015-07-25...7204088798...Morning(8-12)...ishwardhotargaon@gmail.com... no. 7th main, 1st cross veerabadhra swami temple, doddanagamangala, e-city post, bangalore 560100....1bhk flat bed bug\'s problem.'),('CAZMNQH23R','Electrician...2015-07-28...2015-07-27...9916749836...Evening(4-7PM)...dhanjay33@gmail.com...1/18, 2 A cross, Dwarkanagar bsk 3rd stage, Hoskerhalli\n\n...MY location:  Dwarkanagar, Hoskerhalli\nTIME : Evening 7.30\n\nan issue with the fan, need an electrician\n\nRef:sagar'),('N392I4GUTT','Fabrication(Iron or Alluminium)...2015-07-28...2015-07-27...9631225778...Evening(4-7PM)...mathuindia@gmail.com...Powai...i have problem. '),('BKANAB4ZKH','Carpentry...2015-07-28...2015-07-27...8892072059...Morning(8-12)...kripastores@yahoo.com...KRIPA TELECOM ,NO.18,FIRST FLOOR, ELECTRONICS CITY .PHASE-2,Bangalore.\n...without material urgently required vendors on tomorrow for work of 216 sq.ft laminated wood work and some work on wood,Please assign on tomorrow very very urgently.  '),('6XM37DEYD7','Plumber...2015-07-28...2015-07-27...9738630144...Morning(8-12)...sivabangaram279@gmail.com...#18,1st floor kripa telecom,Near D-mart,Electronic city phase-2,Bangalore....Plumber should  needs to fix Water pipe from upstaire to 1st floor 60ft\'s length only  with out material very urgently plumber must and should came at tomorrow 12pm below.'),('V2WLNNF0C9','Pet Care...2015-07-29...2015-07-28...9986568939...Morning(8-12)...Nanda4842@gmail.com...#126/19, 2nd cross, venkateshwara layout, sg palya Bangalore-29...Dog bath'),('ANF6SUSNB1','Pest Control...2015-07-29...2015-07-28...9591971561...Afternoon(12-4PM)...sandeshrocks777@gmail.com...#5, shree sagar,HMT main road, opposite to munishwara temple, Mathikere , bangalore-560054...Bed Bugs 3000sqft.'),('PGEFOEHWIU','Pest Control...2015-07-29...2015-07-28...9742607811...Evening(4-7PM)...ashish.shukla2005@gmail.com...Ashish Shukla,\nFlat no F 202,\nMantri Woodlands,\nNear BPL,\nArekere , Bannergatta Main Road,\nBangalore - 560076...Cockroack and small bee are high in number. Need pest control for small bee and cockroach'),('G3C0MOSH5D','PhysioTherapy...2015-07-29...2015-07-28...9916333791...Afternoon(12-4PM)...6kishore6@gmail.com...#23 , 2nd cross 515 colony HAL 3rd stage New thippasandra, Bengaluru-560075...Hi, i would like to book physiotherapy sessions for myself for 10 days. and would like to get it done from Dr. Srinivas (senior physiotherapist-Spectrum physio Centre). \nalso as per sagar, the rate would be 250 per session. '),('XSNIWK9P4V','Pest Control...2015-07-31...2015-07-29...9900976682...Afternoon(12-4PM)...naveeen444@gmail.com...singanayakana halli, behind post office, yelhanka-64...mosquitoes for 1bhk (reffered by sahana)'),('UD7ZHXBPTY','Pest Control...2015-07-31...2015-07-29...9035064311...Afternoon(12-4PM)...swathi.soniyo@gmail.com...#276,3rd B cross , 3rd stage, 2nd block, basaveshwaranagar, bangalore-79...cockroaches for 1 kitchen(reffered by sahana)'),('2IEZR7GLOD','Electrician...2015-07-30...2015-07-30...9886294322...Afternoon(12-4PM)...pwoolvara@gmail.com...No 9 Pooja Nilaya 20g Cross Ejipura Main Rd Viveknagar Post Bangalore...Line Issue (or) Invertor Issue.'),('HYNWPGQ1Q3','Plumber...2015-08-01...2015-07-31...9945827347...Morning(8-12)...ambi.aithal@gmail.com...#173, 2nd Floor, 13th Cross\nAvalahalli, Girinagar\nLand mark: Avalahalli BDA park bus stop ...sink pipe problem'),('PNP52U70JM','Plumber...2015-08-01...2015-07-31...8147239008...Morning(8-12)...sudhirchiwate@gmail.com...103/A, VP Road, Old Madivala\nLand Mark: Near Someshwara Temple...Tap leakage '),('1KTJN02O57','Electrician...2015-08-01...2015-08-01...9810925588...Afternoon(12-4PM)...ram@yahoo.com...jhgjhg...dsdgddfgfdffdfdfd'),('QRAKGQMJHC','Pest Control...2015-08-03...2015-08-02...9845402456...Afternoon(12-4PM)...vekatesh.cm@gmail.com...#40 1st main KR garden Murugeshpalya Bangalore 17...Mosquitoes '),('BZBSVOWAMR','Pest Control...2015-08-03...2015-08-02...9980048899...Afternoon(12-4PM)...saga.apple@gmail.com...NO1 ananda NR Layout Konena Agrahara Behind Rajeshwari theatre Old airport road Bangalore 560017...Mosquitoes '),('3UFUDIAMKY','Carpentry...2015-08-03...2015-08-02...9620666901...Morning(8-12)...sameer.agarwal.blr@gmail.com...hsr sector 3...wood cabinet'),('9SPUK8F0A3','Plumber...2015-08-04...2015-08-03...9742706932...Afternoon(12-4PM)...nimisha1191@gmail.com...#20,annaiah layout,near manasa vidya kendra, jp nagar 6th phase...pipe leakage(reffered by sahana)'),('RQ5FJXJ2K7','Carpentry...2015-08-04...2015-08-03...9698410991...Morning(8-12)...asd@gmail.com...asdsadasjdnasjkn...asdasdasdasvadffa '),('Q1KED3S3RJ','Electrician...2015-08-05...2015-08-04...9535583513...Morning(8-12)...rohith@gmail.com...dhwkghdwcuigduhoigduwqwhu...Power problem'),('CUJVLD4W0T','Electrician...2015-08-05...2015-08-05...9880763941...Afternoon(12-4PM)...chiddu@aurospa.com...#218, 1st floor, 9th main, HSR Layout Sector 6, Bangalore - 560034...I need to solder a bike torch and get it to work. The original switch is not working and I am keen to fix this'),('IC0OJ7ZN63','Pest Control...2015-08-05...2015-08-05...9886018233...Afternoon(12-4PM)...anand.anwekar@gmail.com...2024 Sobha Cinnamon Haralur Road Off Sarjapur Road Bangalore...Required pest control at Home (Cockroaches, lizard, mosquitoes etc)'),('ZNVRU10OHL','Nursing Care...2015-08-05...2015-08-05...9986701263...Evening(4-7PM)...hayyan273@gmail.com...Noor Mahal, Bunder Road 1 Cross, Bhatkal, Uttar Kannada District, Karnataka-581320...We are looking for a nurse who can take care of an elderly women as she is having problem of moving around and not able to fulfill her day today needs on her own.'),('MTFABP2DJ5','Carpentry...2015-08-07...2015-08-06...9590959002...Afternoon(12-4PM)...fdgfdghgf@gmail.com...fdggfdgsdf...dfdsf'),('HW0ROY9S7A','Carpentry...2015-08-07...2015-08-07...9611125430...Evening(4-7PM)...raj@aurospaces.com...2013, Sobha Cinnamon Apartments, Harlur Road, Near Kudlu village, bangalore- 560102...Need to fix cloth hanger '),('Y7NWJ4WAC0','Pest Control...2015-08-08...2015-08-07...8792575852...Morning(8-12)...vidhansanghvi18@gmail.com...#8/1, Opposite Shradha nursing home, Near Shiva Theater, Kormangala 8th Block....Facing problems of Bed Bugs.\n\nOrder referred by ANKIT (9242173510)'),('SVP7VISQ37','Pest Control...2015-08-08...2015-08-07...7259699314...Morning(8-12)...akashbafna93@gmail.com...No.15, 3rd Floor, 23rd main, JP Nagar 2nd phase, Marenahalli, Bangalore-560078...Facing BED BUGS problem.\n\nOrder referred by ANKIT (9242173510).'),('GPX3VT5NRY','Pest Control...2015-08-09...2015-08-07...9845762275...Morning(8-12)...vikasbafna86@gmail.com...No.71, 21st A main, JP Nagar 2nd Phase, Marenahalli, Bangalore-560078....Facing BED BUGS problem.\n\nOrder referred by ANKIT (9242173510).'),('QW4UHZVN0P','Electrician...2015-08-08...2015-08-07...9845331077...Afternoon(12-4PM)...Girish.B1103@gmail.com...Btm 2nd stage, above Karnataka bank, behind IOB petrol pump, Bangalore, 560076...I want to do internal electrical wiring and UPS wiring at my new training centre. I m looking for quote first.'),('Y30IXCWGLQ','Pet Care...2015-08-09...2015-08-08...9964083555...Afternoon(12-4PM)...blinkykolkata2013@gmail.com...Hsr club...Bath'),('75O5KV4JXY','Electrician...2015-08-09...2015-08-08...9916749836...Afternoon(12-4PM)...dhanjay33@gmail.com...1/18, 2 A cross, Dwarkanagar bsk 3rd stage, Hoskerhalli\n\n...Need ELECTRICIAN having problem with fan.\n\nOrder referred by ANKIT (9242173510)'),('RX2AKOTXOV','Pet Care...2015-08-10...2015-08-09...9901232591...Afternoon(12-4PM)...kkiran0894@gmail.com...145 3rd E cross 2nd main road kasturinagar 560043...pet massage '),('F0A4NRSBUJ','Pet Care...2015-08-10...2015-08-09...9986499119...Afternoon(12-4PM)...swaathi.s11@gmail.com...145, 3rd E cross kasturinagar 2nd main road 560043...pet massage ');
/*!40000 ALTER TABLE `order_description` ENABLE KEYS */;
UNLOCK TABLES;

--
-- Table structure for table `order_details`
--

DROP TABLE IF EXISTS `order_details`;
/*!40101 SET @saved_cs_client     = @@character_set_client */;
/*!40101 SET character_set_client = utf8 */;
CREATE TABLE `order_details` (
  `orderId` varchar(50) DEFAULT NULL,
  `testId` varchar(50) DEFAULT NULL,
  KEY `orderId` (`orderId`),
  KEY `testId` (`testId`),
  CONSTRAINT `order_details_ibfk_1` FOREIGN KEY (`orderId`) REFERENCES `order_info` (`orderId`) ON DELETE CASCADE ON UPDATE CASCADE,
  CONSTRAINT `order_details_ibfk_2` FOREIGN KEY (`testId`) REFERENCES `pathology_tests` (`testId`) ON DELETE CASCADE ON UPDATE CASCADE
) ENGINE=InnoDB DEFAULT CHARSET=latin1;
/*!40101 SET character_set_client = @saved_cs_client */;

--
-- Dumping data for table `order_details`
--

LOCK TABLES `order_details` WRITE;
/*!40000 ALTER TABLE `order_details` DISABLE KEYS */;
INSERT INTO `order_details` VALUES ('ESDEVF3DL8','8c064026-c8b0-4af5-933b-7f3f819a92e0'),('BB5XV2Y59A','18ddebf3-2e2a-4076-9be4-dfb36d2285a1'),('AX8VL9V83G','7955c0b1-ed1d-429c-8f86-5a5ae50db2d8'),('QUYMWMT76H','7955c0b1-ed1d-429c-8f86-5a5ae50db2d8'),('SH8VY28SP4','7955c0b1-ed1d-429c-8f86-5a5ae50db2d8'),('GPP59GDWSC','7955c0b1-ed1d-429c-8f86-5a5ae50db2d8'),('D5F7JL6U4H','7955c0b1-ed1d-429c-8f86-5a5ae50db2d8'),('XXO0P2R68R','7955c0b1-ed1d-429c-8f86-5a5ae50db2d8'),('3NP8NRYL5P','7955c0b1-ed1d-429c-8f86-5a5ae50db2d8'),('PP2USD4FQY','7955c0b1-ed1d-429c-8f86-5a5ae50db2d8'),('NDRJDMMMLY','7955c0b1-ed1d-429c-8f86-5a5ae50db2d8'),('760065HUNC','7955c0b1-ed1d-429c-8f86-5a5ae50db2d8'),('4IPG2XEWYW','7955c0b1-ed1d-429c-8f86-5a5ae50db2d8');
/*!40000 ALTER TABLE `order_details` ENABLE KEYS */;
UNLOCK TABLES;

--
-- Table structure for table `order_doctor_type`
--

DROP TABLE IF EXISTS `order_doctor_type`;
/*!40101 SET @saved_cs_client     = @@character_set_client */;
/*!40101 SET character_set_client = utf8 */;
CREATE TABLE `order_doctor_type` (
  `orderId` varchar(50) DEFAULT NULL,
  `docotorTypeId` varchar(50) DEFAULT NULL,
  KEY `orderId` (`orderId`),
  KEY `docotorTypeId` (`docotorTypeId`),
  CONSTRAINT `order_doctor_type_ibfk_1` FOREIGN KEY (`orderId`) REFERENCES `order_info` (`orderId`) ON DELETE CASCADE ON UPDATE CASCADE,
  CONSTRAINT `order_doctor_type_ibfk_2` FOREIGN KEY (`docotorTypeId`) REFERENCES `doctor_type` (`doctortypeId`) ON DELETE CASCADE ON UPDATE CASCADE
) ENGINE=InnoDB DEFAULT CHARSET=latin1;
/*!40101 SET character_set_client = @saved_cs_client */;

--
-- Dumping data for table `order_doctor_type`
--

LOCK TABLES `order_doctor_type` WRITE;
/*!40000 ALTER TABLE `order_doctor_type` DISABLE KEYS */;
INSERT INTO `order_doctor_type` VALUES ('LERELTNTJC','a320efe1-9ee5-4097-a175-5a9bcf6b7b20'),('CBI3750XAW','aad91b6a-68c9-4e77-bd4d-355422eea9e4');
/*!40000 ALTER TABLE `order_doctor_type` ENABLE KEYS */;
UNLOCK TABLES;

--
-- Table structure for table `order_info`
--

DROP TABLE IF EXISTS `order_info`;
/*!40101 SET @saved_cs_client     = @@character_set_client */;
/*!40101 SET character_set_client = utf8 */;
CREATE TABLE `order_info` (
  `orderId` varchar(50) NOT NULL,
  `bookedDate` datetime DEFAULT NULL,
  `appointmentDate` datetime DEFAULT NULL,
  `appointmentSlotId` varchar(50) DEFAULT NULL,
  `contactNo` varchar(13) DEFAULT NULL,
  `contactEmail` varchar(50) DEFAULT NULL,
  `orderAddress` varchar(300) DEFAULT NULL,
  `TotalPrice` decimal(10,0) DEFAULT NULL,
  `TotalDiscount` decimal(10,0) DEFAULT NULL,
  `NetAmount` decimal(10,0) DEFAULT NULL,
  `orderDescription` varchar(500) DEFAULT NULL,
  PRIMARY KEY (`orderId`)
) ENGINE=InnoDB DEFAULT CHARSET=latin1;
/*!40101 SET character_set_client = @saved_cs_client */;

--
-- Dumping data for table `order_info`
--

LOCK TABLES `order_info` WRITE;
/*!40000 ALTER TABLE `order_info` DISABLE KEYS */;
INSERT INTO `order_info` VALUES ('00FWY3F7HA','2015-07-14 10:22:33','2015-07-24 12:48:13','f01ae510-8b23-449c-b96d-ccbd1f65ab4d','9986825129','rahulv19@live.com','46/2 no.2 7th cross balaji layout behind lakshmi thetare',200,0,0,'Plumber...2015-07-14...2015-07-14...9986825129...Evening(4-7PM)...rahulv19@live.com...46/2 no.2 7th cross balaji layout behind lakshmi thetare...Free first service '),('03MYHP0WZG','2015-07-06 12:10:50','2015-07-07 12:35:33','f01ae510-8b23-449c-b96d-ccbd1f65ab4d','9686967669','hiteshsub@gmail.com','#19/A 23rd cross hsr layout 3rd sector near narayana health',0,0,0,'Electrician...2015-07-07...2015-07-06...9686967669...Evening(4-7PM)...hiteshsub@gmail.com...#19/A 23rd cross hsr layout 3rd sector near narayana health...Switching problems replacement '),('0CYPVHNOCW','2015-07-06 13:17:35','2015-07-07 08:47:44','af566565-addd-4406-8320-e0346cd8a6dd','9686967669','hiteshsub@gmail.com','#19/A 23rd cross hsr layout 3rd sector near narayana health',0,0,0,'Pet Care...2015-07-07...2015-07-06...9686967669...Morning(8-12)...hiteshsub@gmail.com...#19/A 23rd cross hsr layout 3rd sector near narayana health...Dog wash'),('0ECTWJ9QBO','2015-07-14 09:33:40','2015-07-15 09:33:40','f01ae510-8b23-449c-b96d-ccbd1f65ab4d','8147118396','merony9851@gmail.com','JP NAGAR 5TH PHASE, 18TH CROSS, 21ST MAIN,SHAMANA GARDEN\nHOUSE NO: 27, LANDMARK:GRILLS ',NULL,NULL,-500,'PhysioTherapy...2015-07-15...2015-07-14...8147118396...Evening(4-7PM)...merony9851@gmail.com...JP NAGAR 5TH PHASE, 18TH CROSS, 21ST MAIN,SHAMANA GARDEN\nHOUSE NO: 27, LANDMARK:GRILLS ...Shoulder Pain, jp nagar, referred by Sagar Paul,under 1st service free'),('0V7QWRDFN0','2015-07-11 08:16:07','2015-07-12 03:33:07','af566565-addd-4406-8320-e0346cd8a6dd','9663023322','ranjan.mit@gmail.com','House No 366, Apporva , 6th Main, Wipro park service lane , Koramangala 1st Block,  Bangalore , Pin - 560034',0,0,0,'Plumber...2015-07-12...2015-07-11...9663023322...Morning(8-12)...ranjan.mit@gmail.com...House No 366, Apporva , 6th Main, Wipro park service lane , Koramangala 1st Block,  Bangalore , Pin - 560034...low pressure flow in pipes ...in bathroom and other taps'),('0X8NS0NLP9','2015-07-07 17:06:15','2015-07-30 07:45:42','d1f9b950-7f62-4a44-ac6d-f484d6be1165','9886750707','rakesh.cmpsc@gmail.com','#121/1 sree raghavendra nilaya 3rd cross sir m.v nagar off kalkere main raod ramamurthy nagar bangalore-560016',552,0,52,'Pet Care...2015-07-08...2015-07-07...9886750707...Afternoon(12-4PM)...rakesh.cmpsc@gmail.com...#121/1 sree raghavendra nilaya 3rd cross sir m.v nagar off kalkere main raod ramamurthy nagar bangalore-560016...hello,\ni need pet care service under first service free scheme location: ramamurthy nagar (k.r puram)\nreferred by SAGAR '),('11521LUKDS','2015-06-22 11:49:07','2015-06-29 07:11:54','d1f9b950-7f62-4a44-ac6d-f484d6be1165','9742557757','abdul@aurospaces.com','Koramangala PIZZA HUT',1150,0,1150,'Carpentry...2015-06-24...2015-06-22...9742557757...Evening(4-7PM)...abdul@aurospaces.com...Koramangala PIZZA HUT...Magic Box Installation'),('15Z1D5JSYV','2015-07-14 09:57:22','2015-07-16 10:38:57','af566565-addd-4406-8320-e0346cd8a6dd','9663828220','mrahulkanth@gmail.com','SRS PG Homes, near CMS B School, near food city',0,0,0,'Pest Control...2015-07-16...2015-07-14...9663828220...Morning(8-12)...mrahulkanth@gmail.com...SRS PG Homes, near CMS B School, near food city...cockroaches and mosquitoes'),('18KRNAS8VI','2015-07-17 19:15:22','2015-07-19 05:24:44','af566565-addd-4406-8320-e0346cd8a6dd','9632415786','jatinrx135@gmail.com','326, ground floor, 5th cross, 1st main, koramangla, 7th block.',0,0,0,'Pet Care...2015-07-19...2015-07-17...9632415786...Morning(8-12)...jatinrx135@gmail.com...326, ground floor, 5th cross, 1st main, koramangla, 7th block....pet care :  pet nail trimmming, under first service free,\nmoney refer by Rishabh\n\norder by Sagar'),('1D6I2AUMBK','2015-07-15 10:56:52','2015-07-28 06:48:50','f01ae510-8b23-449c-b96d-ccbd1f65ab4d','9972395358','mamtaarora969@gmail.com','#44/1, opp. brigade mellenium appartments, kothanoor main road, jp nagar 7th phase,bangalore-560078',0,0,0,'Pest Control...2015-07-17...2015-07-15...9972395358...Evening(4-7PM)...mamtaarora969@gmail.com...#44/1, opp. brigade mellenium appartments, kothanoor main road, jp nagar 7th phase,bangalore-560078...cockroaches\nref- kaleswar\nmonday- 10:00 PM'),('1JTCNE7O78','2015-06-23 06:52:57','2015-06-23 06:56:43','d1f9b950-7f62-4a44-ac6d-f484d6be1165','9797979797','testing@gmail.com','Just testing how it works.\nNot need to worry.',0,0,0,'Pest Control...2015-06-23...2015-06-23...9797979797...Afternoon(12-4PM)...testing@gmail.com...Just testing how it works.\nNot need to worry....Have lot of cockroaches...'),('1KTJN02O57','2015-08-01 07:33:57','2015-08-03 04:52:40','d1f9b950-7f62-4a44-ac6d-f484d6be1165','9810925588','ram@yahoo.com','jhgjhg',0,0,0,'Electrician...2015-08-01...2015-08-01...9810925588...Afternoon(12-4PM)...ram@yahoo.com...jhgjhg...dsdgddfgfdffdfdfd'),('1NEPYAWYMY','2015-07-11 13:50:33','2015-07-27 06:33:05','af566565-addd-4406-8320-e0346cd8a6dd','9845401568','Adhikary.laxmi@gmail.com','686. 12 cross. 27 main. 1 sector. Hsr layout. Booked by raj. Make sure service is free. ',600,0,100,'Pest Control...2015-07-13...2015-07-11...9845401568...Morning(8-12)...Adhikary.laxmi@gmail.com...686. 12 cross. 27 main. 1 sector. Hsr layout. Booked by raj. Make sure service is free. ...Cockroach treatment '),('1V8ZBXPO00','2015-06-22 06:13:54','2015-06-22 06:13:54','f01ae510-8b23-449c-b96d-ccbd1f65ab4d','9742557757','abdul@aurospaces.com','No 218 HSR Layout 9th Main 6th sector 1st Floor Bangalore 560102',NULL,NULL,NULL,'Painter...2015-06-22...2015-06-22...9742557757...Evening(4-7PM)...abdul@aurospaces.com...No 218 HSR Layout 9th Main 6th sector 1st Floor Bangalore 560102...Cleaning Magic Box'),('2GFWOT7X06','2015-07-14 12:47:55','2015-07-24 12:16:58','f01ae510-8b23-449c-b96d-ccbd1f65ab4d','9742576988','wmogdoom@yahoo.com','#46/1,room no:114,7th cross,Balaji nagar',450,0,0,'Electrician...2015-07-15...2015-07-14...9742576988...Evening(4-7PM)...wmogdoom@yahoo.com...#46/1,room no:114,7th cross,Balaji nagar...Problem with connection...first free service referred by Mogudoom '),('2HCX5OKT8R','2015-07-08 05:37:09','2015-07-27 06:31:46','f01ae510-8b23-449c-b96d-ccbd1f65ab4d','9742666126','suvarnaanuj@gmail.com','F-208, Raheja Park apartments, Magadi main Road, Bangalore - 560079',600,0,100,'Pest Control...2015-07-09...2015-07-08...9742666126...Evening(4-7PM)...suvarnaanuj@gmail.com...F-208, Raheja Park apartments, Magadi main Road, Bangalore - 560079...I have a cockroach infestation at home.. Need someone to take care of it.. '),('2IEZR7GLOD','2015-07-30 06:39:33','2015-08-03 06:37:08','d1f9b950-7f62-4a44-ac6d-f484d6be1165','9886294322','pwoolvara@gmail.com','No 9 Pooja Nilaya 20g Cross Ejipura Main Rd Viveknagar Post Bangalore',400,0,0,'Electrician...2015-07-30...2015-07-30...9886294322...Afternoon(12-4PM)...pwoolvara@gmail.com...No 9 Pooja Nilaya 20g Cross Ejipura Main Rd Viveknagar Post Bangalore...Line Issue (or) Invertor Issue.'),('2RRLHWL6C4','2015-07-14 10:02:42','2015-07-24 09:14:59','af566565-addd-4406-8320-e0346cd8a6dd','9916963108','gurureddy66@gmail.com','room number-S5, srs pg homes, neare food city, jp nagar 6th phase ',400,0,0,'Pest Control...2015-07-16...2015-07-14...9916963108...Morning(8-12)...gurureddy66@gmail.com...room number-S5, srs pg homes, neare food city, jp nagar 6th phase ...Mosquitoes, ants and cockroaches'),('2Z2CEZUHTG','2015-06-29 05:36:14','2015-07-06 05:41:13','af566565-addd-4406-8320-e0346cd8a6dd','8892072059','kripastores@yahoo.com','KRIPA TELECOM ,NO.18,FIRST FLOOR, ELECTRONICS CITY .PHASE-2,Bangalore.\n',700,0,700,'Carpentry...2015-06-29...2015-06-29...8892072059...Afternoon(12-4PM)...kripastores@yahoo.com...KRIPA TELECOM ,NO.18,FIRST FLOOR, ELECTRONICS CITY .PHASE-2,Bangalore.\n...wooden flooring in office room'),('393G58PMAY','2015-07-10 06:27:18','2015-07-29 09:15:02','f01ae510-8b23-449c-b96d-ccbd1f65ab4d','9916333791','6kishore6@gmail.com','#23 , 2nd cross 515 colony HAL 3rd stage New thippasandra, Bengaluru-560075',0,0,0,'PhysioTherapy...2015-07-10...2015-07-10...9916333791...Evening(4-7PM)...6kishore6@gmail.com...#23 , 2nd cross 515 colony HAL 3rd stage New thippasandra, Bengaluru-560075...Need physiotherapy, 2nd time  I need the same person who came yesterday for my treatment. i am satisfied with the service.\nProblem :  back pain\ncharge - ?500\nArea- Thippasandra\nReffered by Sagar'),('3C7WPENLAC','2015-07-15 06:22:17','2015-07-29 10:04:06','d1f9b950-7f62-4a44-ac6d-f484d6be1165','9486865929','kailash.vsv@outlook.com','#44, 6th main near ssb school appareddy palya indranagar 2nd stage bangalore 38',0,0,0,'PhysioTherapy...2015-07-16...2015-07-15...9486865929...Afternoon(12-4PM)...kailash.vsv@outlook.com...#44, 6th main near ssb school appareddy palya indranagar 2nd stage bangalore 38...Sprain in the hand, need suggestion and treatment for it on'),('3HJ6NC2X9F','2015-07-14 11:51:11','2015-07-16 11:51:11','f01ae510-8b23-449c-b96d-ccbd1f65ab4d','8792729264','sonaldaga35@gmail.com','#22, 2nd floor, jain hostel (girls), near foodcity, jp nagar 6th phase, behind inchara hotel, bangalore\n',NULL,NULL,-500,'PhysioTherapy...2015-07-16...2015-07-14...8792729264...Evening(4-7PM)...sonaldaga35@gmail.com...#22, 2nd floor, jain hostel (girls), near foodcity, jp nagar 6th phase, behind inchara hotel, bangalore\n...suffering from back ache, location-jp nagar, under first service free, referred by sagar paul'),('3N4M45YBQ5','2015-07-21 13:14:34','2015-07-23 13:59:36','d1f9b950-7f62-4a44-ac6d-f484d6be1165','9591347776','madhukv020@gmail.com','Doddabalapur main road, behind bmsite college, yelhanka 64 ',0,0,0,'Pest Control...2015-07-23...2015-07-21...9591347776...Afternoon(12-4PM)...madhukv020@gmail.com...Doddabalapur main road, behind bmsite college, yelhanka 64 ...Mosquitoes 1bhk(reffered by sahana)'),('3NP8NRYL5P','2015-07-18 18:12:56','2015-07-21 06:30:27','af566565-addd-4406-8320-e0346cd8a6dd','7899362988','cmgandhi27@gmail.com','B-1102, Confident Aquila, Sompura circle,sarjapur roadmblore\n\nMoney refer- rishabh,\nOrder by Sagar',200,10,0,NULL),('3UFUDIAMKY','2015-08-02 07:10:37','2015-08-03 05:46:26','d1f9b950-7f62-4a44-ac6d-f484d6be1165','9620666901','sameer.agarwal.blr@gmail.com','hsr sector 3',0,0,0,'Carpentry...2015-08-03...2015-08-02...9620666901...Morning(8-12)...sameer.agarwal.blr@gmail.com...hsr sector 3...wood cabinet'),('3VAH0R8DUD','2015-07-16 13:56:27','2015-07-28 12:21:49','f01ae510-8b23-449c-b96d-ccbd1f65ab4d','9916744478','sharma.gaurav051@gmail.com','2nd floor, No.51 \nSri Sai Nilayam\nVasantha layout,\nNear vadevi school\nMunnekolala\nBangalore - 560037',0,0,0,'PhysioTherapy...2015-07-18...2015-07-16...9916744478...Evening(4-7PM)...sharma.gaurav051@gmail.com...2nd floor, No.51 \nSri Sai Nilayam\nVasantha layout,\nNear vadevi school\nMunnekolala\nBangalore - 560037...Shoulder pain, strictly under first service free ,\n\nRecharge refer by : rishabh jain : 9964984551\n\nOrder by sagar paul'),('4AE3YID3S5','2015-07-06 12:13:13','2015-07-07 10:12:51','f01ae510-8b23-449c-b96d-ccbd1f65ab4d','9686967669','hiteshsub@gmail.com','#19/A 23rd cross hsr layout 3rd sector near narayana health',0,0,0,'Carpentry...2015-07-07...2015-07-06...9686967669...Evening(4-7PM)...hiteshsub@gmail.com...#19/A 23rd cross hsr layout 3rd sector near narayana health...Tower bolt fixing'),('4BYQNSUUA5','2015-07-17 10:13:49','2015-07-18 07:16:54','f01ae510-8b23-449c-b96d-ccbd1f65ab4d','8095991377','namitjain990@gmail.com','#24, 001 ground floor shradhmangal apt., VV Puram, Bangalore - 560004',0,0,0,'PhysioTherapy...2015-07-18...2015-07-17...8095991377...Evening(4-7PM)...namitjain990@gmail.com...#24, 001 ground floor shradhmangal apt., VV Puram, Bangalore - 560004...back problem , Location : VV PURAM \nReffered by Namit \nordered by Sagar'),('4CGKGVYSJR','2015-06-19 10:23:36','2015-06-21 08:52:50','f01ae510-8b23-449c-b96d-ccbd1f65ab4d','1234567890','123456@gmail.com','qqqqqqqqqq',0,0,0,'Fabrication(Iron or Alluminium)...2015-06-21...2015-06-19...1234567890...Evening(4-7PM)...123456@gmail.com...qqqqqqqqqq...aaaaaaaaaaaaaaaaaaa'),('4IPG2XEWYW','2015-07-18 18:35:21','2015-07-20 15:10:13','af566565-addd-4406-8320-e0346cd8a6dd','9880915829','sharelfran123@gmail.com','jain girls hostel, 403-D, abbaih reddy layout, behind inchara hotel, JP Nagar 6th phase, puttenhalli road.\nmoney ref_rishabh\nOrder_by sagar',200,10,0,NULL),('4MOPKRLDI9','2015-07-18 17:50:21','2015-07-20 05:31:59','f01ae510-8b23-449c-b96d-ccbd1f65ab4d','9999999999','test@test.com','Nothing great about',0,0,0,'Plumber...2015-07-20...2015-07-18...9999999999...Evening(4-7PM)...test@test.com...Nothing great about...No problem'),('4YLDDRWRGN','2015-06-11 09:10:30','2015-06-11 09:10:30','f01ae510-8b23-449c-b96d-ccbd1f65ab4d','9876543210','a@a.com','23d df',0,0,0,'Nursing,2015-06-11 09:10:30,2015-06-11 09:10:30,9876543210,Evening(4-7PM),a@a.com,23d df,'),('5AXRBGHLMU','2015-07-10 09:57:34','2015-07-12 09:57:34','d1f9b950-7f62-4a44-ac6d-f484d6be1165','9901172704','enabirrahman@gmail.com','J 4/7, Phase 1,DRDO Complex, C V Raman Nagar, Bangalore , Karnataka, 560093',NULL,NULL,-500,'PhysioTherapy...2015-07-12...2015-07-10...9901172704...Afternoon(12-4PM)...enabirrahman@gmail.com...J 4/7, Phase 1,DRDO Complex, C V Raman Nagar, Bangalore , Karnataka, 560093...Ankle ,knee ,elbow, hand pain. Location: C V Raman Nagar\nAs per first service free. Reffered by SAGAR'),('5HEQP9L7A4','2015-07-08 08:35:24','2015-07-09 05:39:10','f01ae510-8b23-449c-b96d-ccbd1f65ab4d','9880085604','narayanajucardio@gmail.com','# 1442 1st Floor 21st Cross 5th main 3rd sector HSR Layout Bangalore 560102',0,0,0,'Electrician...2015-07-08...2015-07-08...9880085604...Evening(4-7PM)...narayanajucardio@gmail.com...# 1442 1st Floor 21st Cross 5th main 3rd sector HSR Layout Bangalore 560102...tubelight pannel repair or replce'),('5HV34X0RZ6','2015-07-18 18:32:36','2015-07-21 06:35:46','f01ae510-8b23-449c-b96d-ccbd1f65ab4d','9739501507','saurabh.jain.cool@gmail.com','#28, 8th main, 16 cross, ramaswamy layout, lakkasandra,',0,0,0,'PhysioTherapy...2015-07-19...2015-07-18...9739501507...Evening(4-7PM)...saurabh.jain.cool@gmail.com...#28, 8th main, 16 cross, ramaswamy layout, lakkasandra,...need a shoulder pain treatment session, under first service freee. (MONDAY)\n\nmoney order \"rishbh\norder by : Sagar'),('5JML1GERMJ','2015-07-14 11:55:33','2015-07-29 06:20:43','af566565-addd-4406-8320-e0346cd8a6dd','9538760705','sonica.agrawal27@gmail.com','Flat B-2, Abbaih Reddy Homes, near food city, JP Nagar, 6th phase, behind Inchara Hotel, Bangalore',0,0,0,'PhysioTherapy...2015-07-16...2015-07-14...9538760705...Morning(8-12)...sonica.agrawal27@gmail.com...Flat B-2, Abbaih Reddy Homes, near food city, JP Nagar, 6th phase, behind Inchara Hotel, Bangalore...sufffering from ankle pain , under first service free, location : jp nagar,reffered by sagar paul'),('68HSLEODQR','2015-07-10 14:01:48','2015-07-29 09:23:32','f01ae510-8b23-449c-b96d-ccbd1f65ab4d','8025522271','cm.yogesh@gmail.com','296,19 main 6 blk,\nkoramangala',500,0,0,'PhysioTherapy...2015-07-11...2015-07-10...8025522271...Evening(4-7PM)...cm.yogesh@gmail.com...296,19 main 6 blk,\nkoramangala...gait training'),('6ETOQB62DU','2015-07-02 06:51:31','2015-07-06 05:43:01','af566565-addd-4406-8320-e0346cd8a6dd','8892072059','kripastores@yahoo.com','KRIPA TELECOM ,NO.18,FIRST FLOOR, ELECTRONICS CITY .PHASE-2,Bangalore.\n',700,0,700,'Carpentry...2015-07-02...2015-07-02...8892072059...Afternoon(12-4PM)...kripastores@yahoo.com...KRIPA TELECOM ,NO.18,FIRST FLOOR, ELECTRONICS CITY .PHASE-2,Bangalore.\n...Laminate replacement. (New Laminate Installation)'),('6I34U7D22W','2015-06-28 15:07:10','2015-07-06 05:38:51','af566565-addd-4406-8320-e0346cd8a6dd','9686233110','sachinshinde083@gmail.com','#212, Mahaveer Sanctum Annexe, first floor, LBS Nagar, Bangalore -560075',4000,0,3500,'Plumber...2015-06-30...2015-06-28...9686233110...Evening(4-7PM)...sachinshinde083@gmail.com...#212, Mahaveer Sanctum Annexe, first floor, LBS Nagar, Bangalore -560075...Install wash basin'),('6L2MM99LK8','2015-07-16 05:23:36','2015-07-29 08:58:36','f01ae510-8b23-449c-b96d-ccbd1f65ab4d','9008071007','csanilkumar.90@gmail.com','#45,MVA residency,ITI layout,8th cross, mallathalli , bangalore-560056',0,0,0,'PhysioTherapy...2015-07-17...2015-07-16...9008071007...Evening(4-7PM)...csanilkumar.90@gmail.com...#45,MVA residency,ITI layout,8th cross, mallathalli , bangalore-560056...arm pain(reffered by sahana)'),('6RT38CUAI5','2015-07-13 19:10:27','2015-07-13 19:10:27','af566565-addd-4406-8320-e0346cd8a6dd','9892989298','Sss@fff.com','Hello street',NULL,NULL,-500,'Pest Control...2015-07-13...2015-07-13...9892989298...Morning(8-12)...Sss@fff.com...Hello street...Test'),('6XM37DEYD7','2015-07-27 16:34:43','2015-07-28 05:29:37','d1f9b950-7f62-4a44-ac6d-f484d6be1165','9738630144','sivabangaram279@gmail.com','#18,1st floor kripa telecom,Near D-mart,Electronic city phase-2,Bangalore.',0,0,0,'Plumber...2015-07-28...2015-07-27...9738630144...Morning(8-12)...sivabangaram279@gmail.com...#18,1st floor kripa telecom,Near D-mart,Electronic city phase-2,Bangalore....Plumber should  needs to fix Water pipe from upstaire to 1st floor 60ft\'s length only  with out material very urgently plumber must and should came at tomorrow 12pm below.'),('75O5KV4JXY','2015-08-08 05:03:02','2015-08-09 05:03:02','d1f9b950-7f62-4a44-ac6d-f484d6be1165','9916749836','dhanjay33@gmail.com','1/18, 2 A cross, Dwarkanagar bsk 3rd stage, Hoskerhalli\n\n',NULL,NULL,NULL,'Electrician...2015-08-09...2015-08-08...9916749836...Afternoon(12-4PM)...dhanjay33@gmail.com...1/18, 2 A cross, Dwarkanagar bsk 3rd stage, Hoskerhalli\n\n...Need ELECTRICIAN having problem with fan.\n\nOrder referred by ANKIT (9242173510)'),('760065HUNC','2015-07-18 18:20:46','2015-07-21 06:32:27','af566565-addd-4406-8320-e0346cd8a6dd','9916743775','rajat.isme141@gmail.com','B-1102, Confident Aquila, Sompura circle,sarjapur roadmblore\n Money refer- rishabh,\n Order by Sagar',200,10,0,NULL),('76G5Y9WM0T','2015-07-16 09:19:34','2015-07-17 05:57:17','f01ae510-8b23-449c-b96d-ccbd1f65ab4d','9880617045','deepu404@gmail.com','#5,2nd floor, 7th cross,l n puram, Bangalore-560021',0,0,0,'PhysioTherapy...2015-07-17...2015-07-16...9880617045...Evening(4-7PM)...deepu404@gmail.com...#5,2nd floor, 7th cross,l n puram, Bangalore-560021...Thai muscle pain(reffered by sahana)'),('77UOR1K5NS','2015-07-16 14:46:37','2015-07-18 12:17:05','af566565-addd-4406-8320-e0346cd8a6dd','7022158128','shivangimundhra@yahoo.com','jain girls hostel 403-D, Abbhaih reddy layout, behind Inchara Hotel, JP Nagar, 6th phase, puttenahalli road',0,0,0,'Pest Control...2015-07-18...2015-07-16...7022158128...Morning(8-12)...shivangimundhra@yahoo.com...jain girls hostel 403-D, Abbhaih reddy layout, behind Inchara Hotel, JP Nagar, 6th phase, puttenahalli road...Problem: Rats keep coming and going\nLocation: Jp Nagar\n\nRecharge referal : aliyaa siddiqie, ph : 8147581266\n\norder referal  :  Sagar Paul'),('7B1UDYPNIB','2015-07-16 13:00:10','2015-07-28 12:21:33','f01ae510-8b23-449c-b96d-ccbd1f65ab4d','9902312404','sandipbosecat2013@gmail.com','Jain boys Hostel, (1st floor) Jp nagar 6th phase, Behind Inchara Hotel, Landmark: Foodcity, Bangalore',0,0,0,'PhysioTherapy...2015-07-18...2015-07-16...9902312404...Evening(4-7PM)...sandipbosecat2013@gmail.com...Jain boys Hostel, (1st floor) Jp nagar 6th phase, Behind Inchara Hotel, Landmark: Foodcity, Bangalore...suffering from Shoulder pain, Location : JP nagar,\n\nRecharge refer: 9964984551\n\nOrdr reffered by sagar'),('7BPPI9BG6H','2015-06-08 15:29:30','2015-06-09 12:07:05','f01ae510-8b23-449c-b96d-ccbd1f65ab4d','8884369686','rajesh@creotech.in','790',0,0,0,'Fabrication,2015-06-09 15:29:30,2015-06-08 15:29:30,8884369686,Afternoon(12-4PM),rajesh@creotech.in,790,one frame\ncontact\nneed the lcd '),('7D20R0LBKJ','2015-07-15 05:58:54','2015-07-21 13:52:25','f01ae510-8b23-449c-b96d-ccbd1f65ab4d','9632003084','guru.2015@yahoo.com','#402/22, 13th main ,17th cross ,Venkateshwara layout ,Madiwala',400,0,0,'Pet Care...2015-07-15...2015-07-15...9632003084...Evening(4-7PM)...guru.2015@yahoo.com...#402/22, 13th main ,17th cross ,Venkateshwara layout ,Madiwala...dogs breed : seetz , pet bathing , first free service, Referred by Mogudoom'),('7EWVK3JLB1','2015-07-16 11:15:10','2015-07-17 12:22:11','af566565-addd-4406-8320-e0346cd8a6dd','9449802157','surabhi.tomar@gmail.com','No 703 garden Apts 21 Vitall Mallya Rd Opp U.B city shell petrol bunk Bangalore 560001\n',0,0,0,'Pet Care...2015-07-17...2015-07-16...9449802157...Morning(8-12)...surabhi.tomar@gmail.com...No 703 garden Apts 21 Vitall Mallya Rd Opp U.B city shell petrol bunk Bangalore 560001\n...Dog Wash - Breed  Labrador'),('7G6EI8WF3X','2015-07-15 06:17:38','2015-07-23 13:45:49','f01ae510-8b23-449c-b96d-ccbd1f65ab4d','8884342888','supreeth.siddu@gmail.com','#65, 3rd floor , SURYA VAMSHI layout, \nDoddaballapur mainroad, Naganahalli,\nYalahanka-64 ',0,0,0,'Pest Control...2015-07-17...2015-07-15...8884342888...Evening(4-7PM)...supreeth.siddu@gmail.com...#65, 3rd floor , SURYA VAMSHI layout, \nDoddaballapur mainroad, Naganahalli,\nYalahanka-64 ...bed bugs '),('7N1K8AOHGV','2015-07-16 10:59:50','2015-07-17 07:34:30','f01ae510-8b23-449c-b96d-ccbd1f65ab4d','8147933319','kevin_julius_dsilva@yahoo.com','Jain boys hostel, jp nagar 6th phase, behind inchara hotel, landmark-food city\nBangalore',0,0,0,'Pest Control...2015-07-17...2015-07-16...8147933319...Evening(4-7PM)...kevin_julius_dsilva@yahoo.com...Jain boys hostel, jp nagar 6th phase, behind inchara hotel, landmark-food city\nBangalore...rat problem only 1 room, under first service free\nrecharge refernce by soham , ph 7022158312\nLocation : JP Nagar\n\nOrder refered by sagar,\n'),('7QWJ2PZJTM','2015-07-08 06:07:22','2015-07-08 09:52:26','f01ae510-8b23-449c-b96d-ccbd1f65ab4d','9535236491','parry4007@gmail.com','12 4th main, 2nd cross, behind cmr college, ombr layout banaswadi,\nbangalore north, kalyananagar, bangalore, karnataka -\n560043',0,0,0,'Plumber...2015-07-08...2015-07-08...9535236491...Evening(4-7PM)...parry4007@gmail.com...12 4th main, 2nd cross, behind cmr college, ombr layout banaswadi,\nbangalore north, kalyananagar, bangalore, karnataka -\n560043...fix tap and pipe lines..1 shower...aquaguard connection....\n\nunder first service free\nreferred by Sagar Paul\n\n   '),('831L5TZLF2','2015-07-15 11:57:42','2015-07-23 13:42:01','f01ae510-8b23-449c-b96d-ccbd1f65ab4d','8951594233','arunabejawada@gmail.com','#65, d/n 101 1st floor suryavamshi layout, naganahalli, yelhanka -64 ',0,0,0,'Pest Control...2015-07-17...2015-07-15...8951594233...Afternoon(12-4PM)...arunabejawada@gmail.com...#65, d/n 101 1st floor suryavamshi layout, naganahalli, yelhanka -64 ...Ants Cockroaches and mosquitoes\n(reffered by sahana)'),('8BDLIC90Y8','2015-06-07 10:53:23','2015-06-08 12:07:28','d1f9b950-7f62-4a44-ac6d-f484d6be1165','undefined','undefined','undefined',0,0,0,'Plumber,2015-06-08 10:53:23,2015-06-07 10:53:23,undefined,Evening(4-7PM),undefined,undefined,asdfghj'),('8E9UYAFAHG','2015-07-15 12:30:17','2015-07-16 11:10:16','f01ae510-8b23-449c-b96d-ccbd1f65ab4d','7353752042','sahanaspoojari@gmail.com','#20, annaiah lay near manasa vidhya Kendra jp nagar 6th phase bang-78 ',0,0,0,'Plumber...2015-07-16...2015-07-15...7353752042...Afternoon(12-4PM)...sahanaspoojari@gmail.com...#20, annaiah lay near manasa vidhya Kendra jp nagar 6th phase bang-78 ...pipe rusted and leaking'),('8UBJXIR0MV','2015-07-14 09:25:27','2015-07-29 09:45:59','d1f9b950-7f62-4a44-ac6d-f484d6be1165','8105538479','vidya_coolcat@yahoo.co.in','g2, sapthagiri meadows, jp naagr 6 the phase\nputenahli',0,0,0,'PhysioTherapy...2015-07-15...2015-07-14...8105538479...Afternoon(12-4PM)...vidya_coolcat@yahoo.co.in...g2, sapthagiri meadows, jp naagr 6 the phase\nputenahli...jp naagr\nRefered by sagar '),('8V6FZ6NWS6','2015-06-20 14:26:41','2015-06-30 07:44:49','af566565-addd-4406-8320-e0346cd8a6dd','9986983873','murthyn.1506@gmail.com','#423/4,4th floor,6th cross, 9th main,hsr layout,sector-1,banglore-560102',500,0,0,'PhysioTherapy...2015-06-21...2015-06-20...9986983873...Morning(8-12)...murthyn.1506@gmail.com...#423/4,4th floor,6th cross, 9th main,hsr layout,sector-1,banglore-560102...Normal body massage'),('8W46N8WL3M','2015-07-07 16:09:44','2015-07-08 06:44:14','d1f9b950-7f62-4a44-ac6d-f484d6be1165','9916333791','6kishore6@gmail.com','#23 , 2nd cross 515 colony HAL 3rd stage New thippasandra, Bengaluru-560075',0,0,0,'Plumber...2015-07-08...2015-07-07...9916333791...Afternoon(12-4PM)...6kishore6@gmail.com...#23 , 2nd cross 515 colony HAL 3rd stage New thippasandra, Bengaluru-560075...could not find indiranagr in the drop down list. so i have chosen kormangala. As per the offer of free first service.. i would like to book a plumber. '),('8Y4NNOPNUO','2015-07-19 03:18:41','2015-07-22 14:36:41','f01ae510-8b23-449c-b96d-ccbd1f65ab4d','9901022118','ankitkumargupta19@gmail.com','D401, Renaissance brindavan appartments, Uttarahalli main road, bangalore- 61',0,0,0,'PhysioTherapy...2015-07-20...2015-07-19...9901022118...Evening(4-7PM)...ankitkumargupta19@gmail.com...D401, Renaissance brindavan appartments, Uttarahalli main road, bangalore- 61...hi, i have lowerback pain,  under first service free\nLocation:uttarahallli\nrecharge refer : ankit gupta \nOrder by sagar'),('912WF8O4A2','2015-07-08 06:14:31','2015-07-10 07:33:12','d1f9b950-7f62-4a44-ac6d-f484d6be1165','8884342888','supreeth.siddu@gmail.com','#65, SURYA VAMSHI layout,\nDoddaballapur mainroad, Naganahalli,\nYalahanka-64 ',0,0,0,'Pest Control...2015-07-10...2015-07-08...8884342888...Afternoon(12-4PM)...supreeth.siddu@gmail.com...#65, SURYA VAMSHI layout,\nDoddaballapur mainroad, Naganahalli,\nYalahanka-64 ...Lots of ants and bedbugs in my place.. so need to get rid of those'),('9D4EJRHBVD','2015-07-13 13:21:14','2015-07-17 06:38:36','f01ae510-8b23-449c-b96d-ccbd1f65ab4d','9886988688','prash_suv@yahoo.co.in','202, Ashraya Apartments, Lane F-3, Thimmareddy Layout, Jeevanbimanagar, Bangalore 560075',0,0,0,'Carpentry...2015-07-14...2015-07-13...9886988688...Evening(4-7PM)...prash_suv@yahoo.co.in...202, Ashraya Apartments, Lane F-3, Thimmareddy Layout, Jeevanbimanagar, Bangalore 560075...Dining table needs to be repaired. It\'s become shaky.. The nuts and bolts need to be tightened'),('9QNXSRWCL5','2015-07-23 11:27:06','2015-07-24 12:04:22','f01ae510-8b23-449c-b96d-ccbd1f65ab4d','9876543211','a@gmail.com','dubai main road',0,0,0,'Painter...2015-07-24...2015-07-23...9876543211...Evening(4-7PM)...a@gmail.com...dubai main road...dfasdfsafs'),('9SPUK8F0A3','2015-08-03 11:02:07','2015-08-04 11:02:07','d1f9b950-7f62-4a44-ac6d-f484d6be1165','9742706932','nimisha1191@gmail.com','#20,annaiah layout,near manasa vidya kendra, jp nagar 6th phase',NULL,NULL,-200,'Plumber...2015-08-04...2015-08-03...9742706932...Afternoon(12-4PM)...nimisha1191@gmail.com...#20,annaiah layout,near manasa vidya kendra, jp nagar 6th phase...pipe leakage(reffered by sahana)'),('A6O73XT1OI','2015-07-14 10:49:15','2015-07-29 09:54:40','f01ae510-8b23-449c-b96d-ccbd1f65ab4d','9964983739','amrutha.princess16@gmail.com','46/2 no.2 7th cross balaji Nagar ',0,0,0,'PhysioTherapy...2015-07-14...2015-07-14...9964983739...Evening(4-7PM)...amrutha.princess16@gmail.com...46/2 no.2 7th cross balaji Nagar ...Free first service for physiotherapy '),('AD9FUIREOQ','2015-07-20 16:05:19','2015-07-21 16:05:19','af566565-addd-4406-8320-e0346cd8a6dd','8892072059','kripastores@yahoo.com','KRIPA TELECOM ,NO.18,FIRST FLOOR, ELECTRONICS CITY .PHASE-2,Bangalore.\n',NULL,NULL,NULL,'Carpentry...2015-07-21...2015-07-20...8892072059...Morning(8-12)...kripastores@yahoo.com...KRIPA TELECOM ,NO.18,FIRST FLOOR, ELECTRONICS CITY .PHASE-2,Bangalore.\n...Window cover with wood and some wood work with glass in M.D room '),('AHQAMSIGDL','2015-06-14 04:19:04','2015-06-08 12:32:57','d1f9b950-7f62-4a44-ac6d-f484d6be1165','9880574428','sapnaveldhi@gmail.com','#2013,sobha cinnamon and saffron apts,harlur road,sarjapura,bangalore-560068',2850,50,1425,NULL),('AJFQ7K0EYM','2015-05-30 07:27:35','2015-06-05 14:20:03','d1f9b950-7f62-4a44-ac6d-f484d6be1165','9743656568','murali@auropsaces.com','#218, 1st floor, 9th main, HSR 6th sector, banglore 560102',500,0,500,'Carpenter,2015-06-01 07:27:35,2015-05-30 07:27:35,9743656568,Afternoon(12-4PM),murali@auropsaces.com,#218, 1st floor, 9th main, HSR 6th sector, banglore 560102,fixing of wifi on the wall'),('ANF6SUSNB1','2015-07-28 07:47:10','2015-07-29 12:20:06','d1f9b950-7f62-4a44-ac6d-f484d6be1165','9591971561','sandeshrocks777@gmail.com','#5, shree sagar,HMT main road, opposite to munishwara temple, Mathikere , bangalore-560054',1540,0,1040,'Pest Control...2015-07-29...2015-07-28...9591971561...Afternoon(12-4PM)...sandeshrocks777@gmail.com...#5, shree sagar,HMT main road, opposite to munishwara temple, Mathikere , bangalore-560054...Bed Bugs 3000sqft.'),('AUV97HUUFM','2015-07-14 12:35:27','2015-07-29 08:57:48','f01ae510-8b23-449c-b96d-ccbd1f65ab4d','8050495309','asarma42@gmail.com','jp nagar 5th phase near zeeshan restaurant ',0,0,0,'PhysioTherapy...2015-07-16...2015-07-14...8050495309...Evening(4-7PM)...asarma42@gmail.com...jp nagar 5th phase near zeeshan restaurant ...ankel pain'),('AX8VL9V83G','2015-07-14 16:22:25','2015-07-15 11:31:44','f01ae510-8b23-449c-b96d-ccbd1f65ab4d','9740134673','pawaramita1201@gmail.com','Astalaxmi layout 1st main, jp nagar 6th phase, Bangalore\n\nNeed the service on Saturday 18th July time: Evening. 4 to 7 \nReferred by Sagar paul',200,10,0,NULL),('B3PK2UESN8','2015-07-09 13:37:35','2015-07-27 06:32:41','f01ae510-8b23-449c-b96d-ccbd1f65ab4d','9945503165','srini.verve@gmail.com','No 204, Srinivasa Enclave, Green Glen Layout, Bellandur, Bangalore 560103',700,0,200,'Pest Control...2015-07-10...2015-07-09...9945503165...Evening(4-7PM)...srini.verve@gmail.com...No 204, Srinivasa Enclave, Green Glen Layout, Bellandur, Bangalore 560103...Cockroaches are causing a lot of problems. I want to get rid of them.'),('B8VHVUR6OI','2015-07-14 07:18:42','2015-07-24 12:43:49','d1f9b950-7f62-4a44-ac6d-f484d6be1165','9019396611','muralikumar819@gmail.com','#10,6th cross, 11th main vidya Jothi nagar, hongasandra bangalore 560068',150,0,0,'Plumber...2015-07-15...2015-07-14...9019396611...Afternoon(12-4PM)...muralikumar819@gmail.com...#10,6th cross, 11th main vidya Jothi nagar, hongasandra bangalore 560068...floor leakage problem\n'),('B9DWX5BSNG','2015-07-08 16:13:45','2015-07-09 06:53:54','d1f9b950-7f62-4a44-ac6d-f484d6be1165','9901232591','kkiran0894@gmail.com','145 3rd E cross 2nd main road kasturinagar 560043',0,0,0,'Pet Care...2015-07-09...2015-07-08...9901232591...Afternoon(12-4PM)...kkiran0894@gmail.com...145 3rd E cross 2nd main road kasturinagar 560043...Pet grooming ( massage '),('BB5XV2Y59A','2015-06-14 04:13:48','2015-06-04 14:24:40','d1f9b950-7f62-4a44-ac6d-f484d6be1165','9880574428','sapnaveldhi@gmail.com','#2013,sobha cinnamon and saffron apts,harlur road,sarjapura,bangalore-560068',225,25,169,NULL),('BFYY8RFMUN','2015-07-17 07:54:06','2015-07-19 06:32:04','d1f9b950-7f62-4a44-ac6d-f484d6be1165','7760746303','Mithundj06@gmail.com','#3/21 , 1st floor\n7th cross\nBhavani layout\nOpp thavarekere park\nBangalore\nKarnataka 560029',0,0,0,'Carpentry...2015-07-19...2015-07-17...7760746303...Afternoon(12-4PM)...Mithundj06@gmail.com...#3/21 , 1st floor\n7th cross\nBhavani layout\nOpp thavarekere park\nBangalore\nKarnataka 560029...Our table leg is broken. Table leg is made up of iron. Can u fix that.'),('BH951FDWRV','2015-06-14 04:21:15','2015-06-06 14:24:44','d1f9b950-7f62-4a44-ac6d-f484d6be1165','9611125430','raj@aurospaces.com','2013, Sobha Cinnamon Apartments, Harlur Road, Near Kudlu village, bangalore- 560102',2850,50,1425,NULL),('BJWDBSDLUS','2015-07-17 05:25:23','2015-07-19 07:32:16','af566565-addd-4406-8320-e0346cd8a6dd','9663960301','sahanaspoojari@gmail.com','#283,11th cross, 2nd phase,woc,manjunathnagar,near modi hospital KFC,bangalore-560010',0,0,0,'Pet Care...2015-07-19...2015-07-17...9663960301...Morning(8-12)...sahanaspoojari@gmail.com...#283,11th cross, 2nd phase,woc,manjunathnagar,near modi hospital KFC,bangalore-560010...needs a pet bathing(reffered by sahana)'),('BKANAB4ZKH','2015-07-27 15:51:09','2015-07-28 05:10:04','af566565-addd-4406-8320-e0346cd8a6dd','8892072059','kripastores@yahoo.com','KRIPA TELECOM ,NO.18,FIRST FLOOR, ELECTRONICS CITY .PHASE-2,Bangalore.\n',0,0,0,'Carpentry...2015-07-28...2015-07-27...8892072059...Morning(8-12)...kripastores@yahoo.com...KRIPA TELECOM ,NO.18,FIRST FLOOR, ELECTRONICS CITY .PHASE-2,Bangalore.\n...without material urgently required vendors on tomorrow for work of 216 sq.ft laminated wood work and some work on wood,Please assign on tomorrow very very urgently.  '),('BQCPSXRJKW','2015-07-11 11:43:22','2015-07-27 05:14:51','d1f9b950-7f62-4a44-ac6d-f484d6be1165','9591039130','anisnational317@gmail.com','#774,17th main 23rd cross Hsr layout bangalore',0,0,0,'Carpentry...2015-07-13...2015-07-11...9591039130...Afternoon(12-4PM)...anisnational317@gmail.com...#774,17th main 23rd cross Hsr layout bangalore...Want to fix a door\n'),('BZBSVOWAMR','2015-08-02 05:33:02','2015-08-05 11:50:51','d1f9b950-7f62-4a44-ac6d-f484d6be1165','9980048899','saga.apple@gmail.com','NO1 ananda NR Layout Konena Agrahara Behind Rajeshwari theatre Old airport road Bangalore 560017',550,0,350,'Pest Control...2015-08-03...2015-08-02...9980048899...Afternoon(12-4PM)...saga.apple@gmail.com...NO1 ananda NR Layout Konena Agrahara Behind Rajeshwari theatre Old airport road Bangalore 560017...Mosquitoes '),('CAZMNQH23R','2015-07-27 09:32:24','2015-07-28 09:32:24','f01ae510-8b23-449c-b96d-ccbd1f65ab4d','9916749836','dhanjay33@gmail.com','1/18, 2 A cross, Dwarkanagar bsk 3rd stage, Hoskerhalli\n\n',NULL,NULL,-500,'Electrician...2015-07-28...2015-07-27...9916749836...Evening(4-7PM)...dhanjay33@gmail.com...1/18, 2 A cross, Dwarkanagar bsk 3rd stage, Hoskerhalli\n\n...MY location:  Dwarkanagar, Hoskerhalli\nTIME : Evening 7.30\n\nan issue with the fan, need an electrician\n\nRef:sagar'),('CBI3750XAW','2015-07-01 04:45:40','2015-07-01 06:53:38','d1f9b950-7f62-4a44-ac6d-f484d6be1165','9632840005','nagarajkorrapati99@gmail.com','Bellandur 7th cross, Bangalore, Naear bellandur central mall',1200,10,580,NULL),('CEL8Y0639A','2015-05-31 09:58:04','2015-06-05 14:24:52','d1f9b950-7f62-4a44-ac6d-f484d6be1165','3543543543','dgfdg@dfgdfg.dfg','sdfdsfdfdsfdfsdf',0,0,0,'HomeCare Taker,2015-06-01 09:58:04,2015-05-31 09:58:04,3543543543,Afternoon(12-4PM),dgfdg@dfgdfg.dfg,sdfdsfdfdsfdfsdf,'),('CFLYU8R96V','2015-07-20 09:11:56','2015-07-21 11:55:36','f01ae510-8b23-449c-b96d-ccbd1f65ab4d','8105995003','alkaahelleya@gmail.com','Flat 801, Block 17A\nSuncity Apartments, Sarjapur Outer Ring road junction,\nIbblur, Bangalore',0,0,0,'Pest Control...2015-07-21...2015-07-20...8105995003...Evening(4-7PM)...alkaahelleya@gmail.com...Flat 801, Block 17A\nSuncity Apartments, Sarjapur Outer Ring road junction,\nIbblur, Bangalore...For controlling Cockroaches.'),('COBHO73H1E','2015-06-22 06:12:39','2015-06-22 06:12:39','f01ae510-8b23-449c-b96d-ccbd1f65ab4d','9742557757','abdul@aurospaces.com','No 218 HSR Layout 9th Main 6th sector 1st Floor Bangalore 560102',NULL,NULL,-500,'Painter...2015-06-22...2015-06-22...9742557757...Evening(4-7PM)...abdul@aurospaces.com...No 218 HSR Layout 9th Main 6th sector 1st Floor Bangalore 560102...Clear quote'),('CUJVLD4W0T','2015-08-05 04:53:34','2015-08-05 04:53:34','d1f9b950-7f62-4a44-ac6d-f484d6be1165','9880763941','chiddu@aurospa.com','#218, 1st floor, 9th main, HSR Layout Sector 6, Bangalore - 560034',NULL,NULL,-200,'Electrician...2015-08-05...2015-08-05...9880763941...Afternoon(12-4PM)...chiddu@aurospa.com...#218, 1st floor, 9th main, HSR Layout Sector 6, Bangalore - 560034...I need to solder a bike torch and get it to work. The original switch is not working and I am keen to fix this'),('D1GEILXHXZ','2015-05-30 13:55:37','2015-06-06 14:24:57','d1f9b950-7f62-4a44-ac6d-f484d6be1165','9986983873','murthyn.1506@gmail.com','No 403,4th floor,6th main,9th cross,hsr layout sector-1,banglore-560102',500,20,400,'PhysioTherapy,2015-05-31 13:55:37,2015-05-30 13:55:37,9986983873,Afternoon(12-4PM),murthyn.1506@gmail.com,No 403,4th floor,6th main,9th cross,hsr layout sector-1,banglore-560102,Body massage'),('D3BHPTYS0W','2015-07-18 11:21:55','2015-07-20 11:38:13','f01ae510-8b23-449c-b96d-ccbd1f65ab4d','9739987299','ramadevi.kolukula@gmail.com','101 srinivasa enclave 98/100 green glen layout\nbellandur, bangalore 560103',0,0,0,'Pest Control...2015-07-20...2015-07-18...9739987299...Evening(4-7PM)...ramadevi.kolukula@gmail.com...101 srinivasa enclave 98/100 green glen layout\nbellandur, bangalore 560103...cockroach and mosquito repellant'),('D3O99NMKOL','2015-07-03 06:28:12','2015-07-06 05:43:11','af566565-addd-4406-8320-e0346cd8a6dd','8892072059','kripastores@yahoo.com','KRIPA TELECOM ,NO.18,FIRST FLOOR, ELECTRONICS CITY .PHASE-2,Bangalore.\n',700,0,700,'Carpentry...2015-07-03...2015-07-03...8892072059...Afternoon(12-4PM)...kripastores@yahoo.com...KRIPA TELECOM ,NO.18,FIRST FLOOR, ELECTRONICS CITY .PHASE-2,Bangalore.\n...Laminate replacement. (New Laminate Installation)'),('D5F7JL6U4H','2015-07-18 18:03:01','2015-07-21 06:29:30','af566565-addd-4406-8320-e0346cd8a6dd','8105370401','digan77@gmail.com','b-1102,Confident Aquilla, Sompura circle,Sarjapur road,Blore.\n\nMoney refer- Rishabh\nOrder by Sagar',200,10,0,NULL),('D5KR6CWK6D','2015-06-22 11:59:56','2015-06-29 06:59:53','af566565-addd-4406-8320-e0346cd8a6dd','9449802157','surabhi.tomar@gmail.com','No 703 garden Apts 21 Vitall Mallya Rd Opp U.B city shell petrol bunk Bangalore 560001\n',680,0,180,'Pet Care...2015-06-24...2015-06-22...9449802157...Morning(8-12)...surabhi.tomar@gmail.com...No 703 garden Apts 21 Vitall Mallya Rd Opp U.B city shell petrol bunk Bangalore 560001\n...Two Dogs Bathing \nBreed: Labrador Dog'),('D9CECE2JX5','2015-07-17 19:27:23','2015-07-22 05:57:14','af566565-addd-4406-8320-e0346cd8a6dd','7829783277','caneha31@gmail.com','house no. 3384, 2nd main, 13th cross, Shastrinagar, KR Road, Bangalore-560028',0,0,0,'Electrician...2015-07-18...2015-07-17...7829783277...Morning(8-12)...caneha31@gmail.com...house no. 3384, 2nd main, 13th cross, Shastrinagar, KR Road, Bangalore-560028...LOCATION : SHASTRINAGAR\n\nElectrician: Fan servicing,some problem in fan.UNDER FIRST SERVICE FREE!!!\n\nMoney order: Rishabh jain\n\nOrder by : Sagar Paul'),('DDY685ZQYM','2015-07-11 16:53:43','2015-07-14 09:21:17','af566565-addd-4406-8320-e0346cd8a6dd','9964319333','Chachu03@gmail.com','#126/19 ,2nd cross, Venkateshwara layout, sg playa, Bangalore 29',0,0,0,'Painter...2015-07-13...2015-07-11...9964319333...Morning(8-12)...Chachu03@gmail.com...#126/19 ,2nd cross, Venkateshwara layout, sg playa, Bangalore 29...Distemper for  new vaskals and new windows.'),('DF0GVTMIZ5','2015-07-14 10:07:34','2015-07-16 10:37:24','af566565-addd-4406-8320-e0346cd8a6dd','9000004088','gorantlagovardhan@gmail.com','room no- S6, SRS pg, Jp nagar 6th phase',0,0,0,'Pest Control...2015-07-16...2015-07-14...9000004088...Morning(8-12)...gorantlagovardhan@gmail.com...room no- S6, SRS pg, Jp nagar 6th phase...mosquitoes'),('DOPH9G089G','2015-07-14 07:30:17','2015-07-15 06:59:43','d1f9b950-7f62-4a44-ac6d-f484d6be1165','9620159757','iamjnbharath@gmail.com','#52,EWS, 63 Experimental House,707 SFS, 4th phase,near dairy circle  Yelahanka newtown Bangalore-560065',440,0,0,'Pest Control...2015-07-15...2015-07-14...9620159757...Afternoon(12-4PM)...iamjnbharath@gmail.com...#52,EWS, 63 Experimental House,707 SFS, 4th phase,near dairy circle  Yelahanka newtown Bangalore-560065...Rats and cockroaches  '),('DPB2I780GI','2015-07-14 11:45:00','2015-07-29 10:00:12','f01ae510-8b23-449c-b96d-ccbd1f65ab4d','8147581266','aaliya_sidd@yahoo.com','#22, jain hostel (girls), near foodcity, jp nagar 6th phase, behind inchara hotel, Bangalore\n\n',0,0,0,'PhysioTherapy...2015-07-15...2015-07-14...8147581266...Evening(4-7PM)...aaliya_sidd@yahoo.com...#22, jain hostel (girls), near foodcity, jp nagar 6th phase, behind inchara hotel, Bangalore\n\n...back pain, location jp nagar, underf rist service free,\nReffered by sagar paul'),('DPNXNRX1ZC','2015-07-03 11:47:21','2015-07-04 11:47:21','d1f9b950-7f62-4a44-ac6d-f484d6be1165','8025501487','psr@hotmail.com','psr@hotmail.com',NULL,NULL,-500,'PhysioTherapy...2015-07-04...2015-07-03...8025501487...Afternoon(12-4PM)...psr@hotmail.com...psr@hotmail.com...Hi,'),('DQ0JQO5SI2','2015-07-20 06:59:19','2015-07-21 12:26:57','af566565-addd-4406-8320-e0346cd8a6dd','9900651621','anchita@aurospaces.com','B-24, Diamond District\nBangalore-560102',0,0,0,'Carpentry...2015-07-20...2015-07-20...9900651621...Evening(4-7PM)...anchita@aurospaces.com...B-24, Diamond District\nBangalore-560102...Need to get door and door lock repaired/replaced immediately. '),('DQEW8UWLHO','2015-07-01 15:20:12','2015-07-03 10:01:07','af566565-addd-4406-8320-e0346cd8a6dd','9845193064','Raokoyi@gmail.com','Itpl main road',0,0,0,'Plumber...2015-07-03...2015-07-01...9845193064...Morning(8-12)...Raokoyi@gmail.com...Itpl main road...Bathroom fittings and other plumbing works'),('DVQV9STNC0','2015-07-14 15:57:43','2015-07-29 06:16:51','af566565-addd-4406-8320-e0346cd8a6dd','9035602487','md.ashraf073@gmail.com','#926, 16th cross, near water tank,  k s layout, bangalore- 560078',0,0,0,'PhysioTherapy...2015-07-16...2015-07-14...9035602487...Morning(8-12)...md.ashraf073@gmail.com...#926, 16th cross, near water tank,  k s layout, bangalore- 560078...back pain, kumarswamy layout, under first service free, refereed by sagar, meet on sunday morning'),('E6OYLV5SWX','2015-07-08 11:04:35','2015-07-09 06:23:57','d1f9b950-7f62-4a44-ac6d-f484d6be1165','8095045886','Muralikumar819@gmail.com','#37 1st main Manjunatha layout  Bangalore 68',0,0,0,'Pet Care...2015-07-09...2015-07-08...8095045886...Afternoon(12-4PM)...Muralikumar819@gmail.com...#37 1st main Manjunatha layout  Bangalore 68... dog wash '),('EANF1ODE03','2015-07-07 14:54:14','2015-07-10 10:40:56','f01ae510-8b23-449c-b96d-ccbd1f65ab4d','9742329446','lokesh.ramamurthy@gmail.com','NO.123, Balaji Layout, 3rd Cross\nBabbusapalya bangalore-43',0,0,0,'Pest Control...2015-07-08...2015-07-07...9742329446...Evening(4-7PM)...lokesh.ramamurthy@gmail.com...NO.123, Balaji Layout, 3rd Cross\nBabbusapalya bangalore-43...too many mosquito\'s.  '),('ESDEVF3DL8','2015-05-30 17:54:40','2015-06-01 10:25:23','af566565-addd-4406-8320-e0346cd8a6dd','9880574428','sapnaveldhi@gmail.com','#2013,sobha cinnamon and saffron apts,harlur road,sarjapura,bangalore-560068',1500,10,1350,NULL),('EYLPC0VS9X','2015-07-17 08:58:22','2015-07-19 06:38:42','af566565-addd-4406-8320-e0346cd8a6dd','9916267482','karthika.kr89@gmail.com','No 42, Chaitra nilaya, 1st floor 6th cross,\nBhuvaneshwarinagar, kempapura Hebbal, \nBangalore - 560024',0,0,0,'Carpentry...2015-07-19...2015-07-17...9916267482...Morning(8-12)...karthika.kr89@gmail.com...No 42, Chaitra nilaya, 1st floor 6th cross,\nBhuvaneshwarinagar, kempapura Hebbal, \nBangalore - 560024...The leg of a chair is broken.. Needed a carpenter to fix it.. Referred by Sahana SP'),('F0A4NRSBUJ','2015-08-09 12:45:40','2015-08-10 12:45:40','d1f9b950-7f62-4a44-ac6d-f484d6be1165','9986499119','swaathi.s11@gmail.com','145, 3rd E cross kasturinagar 2nd main road 560043',NULL,NULL,NULL,'Pet Care...2015-08-10...2015-08-09...9986499119...Afternoon(12-4PM)...swaathi.s11@gmail.com...145, 3rd E cross kasturinagar 2nd main road 560043...pet massage '),('F5FSEZP03G','2015-07-15 08:00:56','2015-07-29 10:06:53','f01ae510-8b23-449c-b96d-ccbd1f65ab4d','9916963036','uma.judi@gmail.com','76/4 30th cross 4th T block tilaknagar jayanagar bangalore 41',0,0,0,'PhysioTherapy...2015-07-16...2015-07-15...9916963036...Evening(4-7PM)...uma.judi@gmail.com...76/4 30th cross 4th T block tilaknagar jayanagar bangalore 41...Back pain \nNeed a lady doctor\nReferred by sahana'),('FH6TR3WCA2','2015-07-16 18:18:02','2015-07-28 12:27:25','f01ae510-8b23-449c-b96d-ccbd1f65ab4d','9743645072','nancyjain2106@gmail.com','jain girls hostel, 403-D, abbaih reddy layout, behind inchara hotel, JP Nagar 6th phase, puttenhalli road.',0,0,0,'PhysioTherapy...2015-07-17...2015-07-16...9743645072...Evening(4-7PM)...nancyjain2106@gmail.com...jain girls hostel, 403-D, abbaih reddy layout, behind inchara hotel, JP Nagar 6th phase, puttenhalli road....upper back, Location jp nagar\n\nRecharge referal by Aliya, 8147581266\n\norder refered by Sagar'),('FIJD0AW4S4','2015-07-08 16:11:03','2015-07-09 06:52:38','d1f9b950-7f62-4a44-ac6d-f484d6be1165','9986499119','swaathi.s11@gmail.com','145, 3rd E cross kasturinagar 2nd main road 560043',0,0,0,'Pet Care...2015-07-09...2015-07-08...9986499119...Afternoon(12-4PM)...swaathi.s11@gmail.com...145, 3rd E cross kasturinagar 2nd main road 560043...need pet massage '),('FIPZ3VOM9C','2015-07-15 06:18:08','2015-07-29 06:19:21','d1f9b950-7f62-4a44-ac6d-f484d6be1165','8884220260','gorantlagovardhan@gmail.com','Room - S5,srs pg home, no-2,17th cross, 26th main, murthappa garden, jp nagar 6th phase',0,0,0,'PhysioTherapy...2015-07-17...2015-07-15...8884220260...Afternoon(12-4PM)...gorantlagovardhan@gmail.com...Room - S5,srs pg home, no-2,17th cross, 26th main, murthappa garden, jp nagar 6th phase...knee pain, kindly schedule  it on Saturday (12 - 4) '),('G3C0MOSH5D','2015-07-28 13:07:48','2015-07-29 11:14:16','d1f9b950-7f62-4a44-ac6d-f484d6be1165','9916333791','6kishore6@gmail.com','#23 , 2nd cross 515 colony HAL 3rd stage New thippasandra, Bengaluru-560075',NULL,0,0,'PhysioTherapy...2015-07-29...2015-07-28...9916333791...Afternoon(12-4PM)...6kishore6@gmail.com...#23 , 2nd cross 515 colony HAL 3rd stage New thippasandra, Bengaluru-560075...Hi, i would like to book physiotherapy sessions for myself for 10 days. and would like to get it done from Dr. Srinivas (senior physiotherapist-Spectrum physio Centre). \nalso as per sagar, the rate would be 250 per session. '),('G50K2H5JKE','2015-07-03 10:18:39','2015-07-03 10:20:21','f01ae510-8b23-449c-b96d-ccbd1f65ab4d','7411366041','ravichand.aryan@greenhoodgroup.com','St Johns Hospital, Koramangala Bangalore 560034',0,0,0,'Plumber...2015-07-03...2015-07-03...7411366041...Evening(4-7PM)...ravichand.aryan@greenhoodgroup.com...St Johns Hospital, Koramangala Bangalore 560034...Water connections from the water tank with core cutting and material.'),('GALOSNZN29','2015-05-30 07:29:41','2015-06-05 14:25:01','d1f9b950-7f62-4a44-ac6d-f484d6be1165','9743656568','murali@auropsaces.com','#218, 1st floor, 9th main, HSR 6th sector, banglore 560102',300,0,300,'Electrician,2015-06-01 07:29:41,2015-05-30 07:29:41,9743656568,Afternoon(12-4PM),murali@auropsaces.com,#218, 1st floor, 9th main, HSR 6th sector, banglore 560102,fixing of fan/ fan repair '),('GEKU5FZBC9','2015-07-16 08:31:05','2015-07-20 04:58:39','af566565-addd-4406-8320-e0346cd8a6dd','9916752812','Uppalapathi@gmail.com','#746,7th cross, 13th main BTM 2nd stage bangalore-76',0,0,0,'Pest Control...2015-07-18...2015-07-16...9916752812...Morning(8-12)...Uppalapathi@gmail.com...#746,7th cross, 13th main BTM 2nd stage bangalore-76...Bed bugs service required on Monday 20-07-2015 ( reffered by kaleswar) before 9.30 in d morning'),('GN3262LKCA','2015-07-22 04:56:02','2015-07-22 07:48:17','d1f9b950-7f62-4a44-ac6d-f484d6be1165','9952953869','hafeelahamd21@gmail.com','#306,shayadhri appt,100ft outer ring road,5th phase ,jp nagar',0,0,0,'PhysioTherapy...2015-07-22...2015-07-22...9952953869...Afternoon(12-4PM)...hafeelahamd21@gmail.com...#306,shayadhri appt,100ft outer ring road,5th phase ,jp nagar...Lower back pain..ref.mogudoom '),('GPP59GDWSC','2015-07-18 17:52:27','2015-07-20 05:39:58','f01ae510-8b23-449c-b96d-ccbd1f65ab4d','8197506806','gauravgj0610@gmail.com','#28, 8th main, 16th cross, Ramaswamy Layout,Bangalore,\n\nMoney order by Rishabh\n\nOrder refered by Sagar',200,10,0,NULL),('GPX3VT5NRY','2015-08-07 07:40:47','2015-08-09 10:18:47','af566565-addd-4406-8320-e0346cd8a6dd','9845762275','vikasbafna86@gmail.com','No.71, 21st A main, JP Nagar 2nd Phase, Marenahalli, Bangalore-560078',2310,0,2110,'Pest Control...2015-08-09...2015-08-07...9845762275...Morning(8-12)...vikasbafna86@gmail.com...No.71, 21st A main, JP Nagar 2nd Phase, Marenahalli, Bangalore-560078....Facing BED BUGS problem.\n\nOrder referred by ANKIT (9242173510).'),('H253L0BE8B','2015-07-17 05:11:45','2015-07-18 05:11:45','d1f9b950-7f62-4a44-ac6d-f484d6be1165','8722226325','neerajain03@gmail.com','Jain boys Hostel, (1st floor) Jp nagar 6th phase, Behind Inchara Hotel, Landmark: Foodcity, Bangalore\n',NULL,NULL,-500,'Pest Control...2015-07-18...2015-07-17...8722226325...Afternoon(12-4PM)...neerajain03@gmail.com...Jain boys Hostel, (1st floor) Jp nagar 6th phase, Behind Inchara Hotel, Landmark: Foodcity, Bangalore\n...bed bugs issue, under first service frree only i want to try, only 1 room\n\nmoney referal- rishabh\n\norder by sagar\n'),('HKKU6A5ZQF','2015-07-13 03:15:54','2015-07-13 09:50:44','f01ae510-8b23-449c-b96d-ccbd1f65ab4d','8861719526','amaljoy91@gmail.com','#16/44,18th cross,rajiv gandhi nagar,hsr layout,6th sector,bangalore',0,0,0,'Plumber...2015-07-13...2015-07-13...8861719526...Afternoon(12-4PM)...amaljoy91@gmail.com...#16/44,18th cross,rajiv gandhi nagar,hsr layout,6th sector,bangalore...shower tap leaking'),('HQDBQ5GZ94','2015-07-12 10:53:33','2015-07-13 10:00:10','f01ae510-8b23-449c-b96d-ccbd1f65ab4d','9916781133','jabir.mnnit@gmail.com','Flat no. 301, 2nd floor, house no. 1551, 26th main road, sector 2, HSR Layout, Bangalore 560102',0,0,0,'Plumber...2015-07-12...2015-07-12...9916781133...Evening(4-7PM)...jabir.mnnit@gmail.com...Flat no. 301, 2nd floor, house no. 1551, 26th main road, sector 2, HSR Layout, Bangalore 560102...need drilling to be done on wall for frames and hooks.'),('HW0ROY9S7A','2015-08-07 03:43:45','2015-08-07 05:47:00','f01ae510-8b23-449c-b96d-ccbd1f65ab4d','9611125430','raj@aurospaces.com','2013, Sobha Cinnamon Apartments, Harlur Road, Near Kudlu village, bangalore- 560102',0,0,0,'Carpentry...2015-08-07...2015-08-07...9611125430...Evening(4-7PM)...raj@aurospaces.com...2013, Sobha Cinnamon Apartments, Harlur Road, Near Kudlu village, bangalore- 560102...Need to fix cloth hanger '),('HYNWPGQ1Q3','2015-07-31 14:03:46','2015-08-01 14:03:46','af566565-addd-4406-8320-e0346cd8a6dd','9945827347','ambi.aithal@gmail.com','#173, 2nd Floor, 13th Cross\nAvalahalli, Girinagar\nLand mark: Avalahalli BDA park bus stop ',NULL,NULL,-200,'Plumber...2015-08-01...2015-07-31...9945827347...Morning(8-12)...ambi.aithal@gmail.com...#173, 2nd Floor, 13th Cross\nAvalahalli, Girinagar\nLand mark: Avalahalli BDA park bus stop ...sink pipe problem'),('I1TWR4BVLR','2015-07-17 07:35:39','2015-07-21 14:45:16','d1f9b950-7f62-4a44-ac6d-f484d6be1165','9964984551','rshabhjain.jain48@gmail.com','Jain boys Hostel, (1st floor) Jp nagar 6th phase, Behind Inchara Hotel, Landmark: Foodcity, Bangalore\n',0,0,0,'Plumber...2015-07-18...2015-07-17...9964984551...Afternoon(12-4PM)...rshabhjain.jain48@gmail.com...Jain boys Hostel, (1st floor) Jp nagar 6th phase, Behind Inchara Hotel, Landmark: Foodcity, Bangalore\n...location : JP Nagar\nThe flow of water is very less due to internal blockage, need to clean it internally, under first service free\n\nMoney refral :  Rishabh\nOrder booked by Sagar\n\n'),('I55OD8S42T','2015-07-14 14:12:35','2015-07-15 05:51:15','af566565-addd-4406-8320-e0346cd8a6dd','9945646013','witsyraksha@gmail.com','#18, Sri Cauvery Nilaya, 5th cross. Balaji layout, Hongasandra, Begur main road, Blore - 560 068',0,0,0,'Fabrication(Iron or Alluminium)...2015-07-15...2015-07-14...9945646013...Morning(8-12)...witsyraksha@gmail.com...#18, Sri Cauvery Nilaya, 5th cross. Balaji layout, Hongasandra, Begur main road, Blore - 560 068...Water purifier not working. \n\nFree service, referred by mugudoom.'),('IBBTZMJ9EI','2015-07-11 10:31:57','2015-07-12 04:20:07','d1f9b950-7f62-4a44-ac6d-f484d6be1165','9663429007','nshona32@gmail.com','house no 24/1, 31st main, abbiah reddy layout, jp nagar 6th phase bangalore',0,0,0,'PhysioTherapy...2015-07-12...2015-07-11...9663429007...Afternoon(12-4PM)...nshona32@gmail.com...house no 24/1, 31st main, abbiah reddy layout, jp nagar 6th phase bangalore...back pain location jp nagar 6th phase, under first session free reffered by sagar  '),('IC0OJ7ZN63','2015-08-05 05:28:00','2015-08-05 11:11:48','d1f9b950-7f62-4a44-ac6d-f484d6be1165','9886018233','anand.anwekar@gmail.com','2024 Sobha Cinnamon Haralur Road Off Sarjapur Road Bangalore',0,0,0,'Pest Control...2015-08-05...2015-08-05...9886018233...Afternoon(12-4PM)...anand.anwekar@gmail.com...2024 Sobha Cinnamon Haralur Road Off Sarjapur Road Bangalore...Required pest control at Home (Cockroaches, lizard, mosquitoes etc)'),('IFOWTREAZ6','2015-06-18 16:57:17','2015-06-22 05:33:41','d1f9b950-7f62-4a44-ac6d-f484d6be1165','9743656568','murali@auropsaces.com','#218, 1st floor, 9th main, HSR 6th sector, banglore 560102',2000,25,1500,'Carpentry...2015-06-19...2015-06-18...9743656568...Afternoon(12-4PM)...murali@auropsaces.com...#218, 1st floor, 9th main, HSR 6th sector, banglore 560102...facing a lot of mosquito problem need to install a mosquito mesh in window'),('IHNEIHOQ1A','2015-07-17 08:44:02','2015-07-18 06:33:25','d1f9b950-7f62-4a44-ac6d-f484d6be1165','9686451631','u.swati.24@gmail.com','jain girls hostel (3rd floor ), 403-D, abbaih reddy layout, behind inchara hotel, JP Nagar 6th phase, puttenhalli road.\n',0,0,0,'Pest Control...2015-07-18...2015-07-17...9686451631...Afternoon(12-4PM)...u.swati.24@gmail.com...jain girls hostel (3rd floor ), 403-D, abbaih reddy layout, behind inchara hotel, JP Nagar 6th phase, puttenhalli road.\n...cockroach pproblem i am facing, i need treatment that comes under first service free, i want to try your service.\n\nMoney refer : Rishabh, 9964984551\nOrder by : sagar '),('IHNS1YS5DQ','2015-07-08 07:19:38','2015-07-11 03:49:13','af566565-addd-4406-8320-e0346cd8a6dd','8892104211','Pratiklaljoshi@gmail.com','Flat no 104, house no 6 , 3rd cross, k r Layout, J P nagar 6th phase',680,0,180,'Pet Care...2015-07-10...2015-07-08...8892104211...Evening(4-7PM)...Pratiklaljoshi@gmail.com...Flat no 104, house no 6 , 3rd cross, k r Layout, J P nagar 6th phase...Hi, I want pet message and grooming as per first service free reference given by Mr. Sagar\n'),('IKWVJFULWX','2015-05-31 19:48:16','2015-06-08 14:25:06','d1f9b950-7f62-4a44-ac6d-f484d6be1165','8043346315','praveen.java7@gmail.com','2302 hickorycreek cir',0,0,0,'PhysioTherapy,2015-05-31 19:48:16,2015-05-31 19:48:16,8043346315,Evening(4-7PM),praveen.java7@gmail.com,2302 hickorycreek cir,esdgvdvdf'),('IP15GQ7IKJ','2015-07-17 10:28:31','2015-07-20 07:57:27','d1f9b950-7f62-4a44-ac6d-f484d6be1165','9731875649','hkdreams77@gmail.com','mr.hemanth, avalahalli, behind sai baba temple , yelhanka -64 ',0,0,0,'PhysioTherapy...2015-07-19...2015-07-17...9731875649...Afternoon(12-4PM)...hkdreams77@gmail.com...mr.hemanth, avalahalli, behind sai baba temple , yelhanka -64 ...severe back pain\n(reffered by sahana)'),('IXYUZOZBKU','2015-07-14 11:18:30','2015-07-14 11:18:30','f01ae510-8b23-449c-b96d-ccbd1f65ab4d','9632002226','purushotham05naidu@gmail.com','46/1,7th cross, Balaji nagar, room no-4',NULL,NULL,-500,'PhysioTherapy...2015-07-14...2015-07-14...9632002226...Evening(4-7PM)...purushotham05naidu@gmail.com...46/1,7th cross, Balaji nagar, room no-4...Physiotherapy. First free service referred by mogudoom'),('IZ4JCMERFR','2015-07-15 08:25:15','2015-07-17 09:15:37','f01ae510-8b23-449c-b96d-ccbd1f65ab4d','9880752439','d.sangeeta13@gmail.com','E-603, Jacaranda Block, Brigade Millenium, JP Nagar 7th Phase\nBangalore 560085',0,0,0,'Pest Control...2015-07-17...2015-07-15...9880752439...Evening(4-7PM)...d.sangeeta13@gmail.com...E-603, Jacaranda Block, Brigade Millenium, JP Nagar 7th Phase\nBangalore 560085...Cockroach and ants under first free services and referred by Mogudoom'),('IZKRI6PMQA','2015-07-16 13:32:58','2015-07-18 12:12:54','af566565-addd-4406-8320-e0346cd8a6dd','8527852180','dipanshua32@gmail.com','room no. 208, Sri Sai Nest,\nNo.12, 30th main, 6th phase, JP Nagar, Bangalore -78',0,0,0,'Pest Control...2015-07-18...2015-07-16...8527852180...Morning(8-12)...dipanshua32@gmail.com...room no. 208, Sri Sai Nest,\nNo.12, 30th main, 6th phase, JP Nagar, Bangalore -78...cockroaches.  1 room . strictly under 500rs free service offer\n\nRecharge referal : animesh jain, PH:7022158131\n\norder refered by sagar paul\n\nLocation : JP Nagar'),('J349CRRQOV','2015-07-16 09:49:26','2015-07-27 07:37:54','af566565-addd-4406-8320-e0346cd8a6dd','7022154962','sujeet.das2@gmail.com','\nhouse no. 9, 21st main, 19th cross, 5th phase, s.m.s layout, backside gate bohara masjid, JP nagar, 560078',0,0,0,'Pest Control...2015-07-17...2015-07-16...7022154962...Morning(8-12)...sujeet.das2@gmail.com...\nhouse no. 9, 21st main, 19th cross, 5th phase, s.m.s layout, backside gate bohara masjid, JP nagar, 560078...problem: bed bugs, for 1 room\nLocation JP Nagar,\nrecharge referal : soham, Ph:  91 7022158312\n\nordered referred by sagar paul\n'),('J412HJS55N','2015-07-06 12:17:03','2015-07-10 04:51:15','f01ae510-8b23-449c-b96d-ccbd1f65ab4d','9686967669','hiteshsub@gmail.com','#19/A 23rd cross hsr layout 3rd sector near narayana health',0,0,0,'Plumber...2015-07-07...2015-07-06...9686967669...Evening(4-7PM)...hiteshsub@gmail.com...#19/A 23rd cross hsr layout 3rd sector near narayana health...Tap leakeage ss brand wall mixer'),('J8C8GEDD22','2015-07-11 17:17:29','2015-07-12 17:17:29','d1f9b950-7f62-4a44-ac6d-f484d6be1165','8867616563','ashutosh@gmail.com','yelahanka, Bellandur',NULL,NULL,-500,'Electrician...2015-07-12...2015-07-11...8867616563...Afternoon(12-4PM)...ashutosh@gmail.com...yelahanka, Bellandur...Hi I need an electrician for my business Place'),('JFOXK3VP4G','2015-07-16 11:29:16','2015-07-29 08:59:36','f01ae510-8b23-449c-b96d-ccbd1f65ab4d','9035555579','Seenureddy10@gmail.com','5/9 8th cross harikruppa govindrajanagar Bangalore -560040',0,0,0,'PhysioTherapy...2015-07-17...2015-07-16...9035555579...Evening(4-7PM)...Seenureddy10@gmail.com...5/9 8th cross harikruppa govindrajanagar Bangalore -560040...Back pain ( reffered by sahana)'),('JGL1060LYV','2015-07-06 14:40:16','2015-07-07 07:21:00','af566565-addd-4406-8320-e0346cd8a6dd','9902978567','shashank.purushotham6@gmail.com','#3,Bassappa Road\nShanti Nagar\nBengaluru: 560027',0,0,0,'Pet Care...2015-07-07...2015-07-06...9902978567...Morning(8-12)...shashank.purushotham6@gmail.com...#3,Bassappa Road\nShanti Nagar\nBengaluru: 560027...I want a wash for my dog! '),('JHBMMQR429','2015-07-11 14:09:34','2015-07-13 14:09:34','af566565-addd-4406-8320-e0346cd8a6dd','9241228463','nathan25fharry@gmail.com','Sector 3. House number 933. Hsr ',NULL,NULL,-500,'PhysioTherapy...2015-07-13...2015-07-11...9241228463...Morning(8-12)...nathan25fharry@gmail.com...Sector 3. House number 933. Hsr ...Swelling in foot '),('JWKO27KF0J','2015-07-14 11:20:22','2015-07-17 09:49:51','af566565-addd-4406-8320-e0346cd8a6dd','9880909066','athmapatilgs@gmail.com','near Tavarekere bus stop',0,0,0,'Pest Control...2015-07-15...2015-07-14...9880909066...Morning(8-12)...athmapatilgs@gmail.com...near Tavarekere bus stop...1bhk house.. cockroach and ants'),('KNQHH90NWD','2015-07-07 16:05:38','2015-07-10 10:46:56','f01ae510-8b23-449c-b96d-ccbd1f65ab4d','9739655179','pavan.malepati@gmail.com','btm layout 1st stage\n65 35 main',0,0,0,'Carpentry...2015-07-09...2015-07-07...9739655179...Evening(4-7PM)...pavan.malepati@gmail.com...btm layout 1st stage\n65 35 main...problem in hinges for the kitchen cabinet '),('KNZGR7BVX7','2015-07-07 09:50:07','2015-07-07 09:51:41','f01ae510-8b23-449c-b96d-ccbd1f65ab4d','9880085604','narayanajucardio@gmail.com','# 1442 1st Floor 21st Cross 5th main 3rd sector HSR Layout Bangalore 560102',0,0,0,'Plumber...2015-07-07...2015-07-07...9880085604...Evening(4-7PM)...narayanajucardio@gmail.com...# 1442 1st Floor 21st Cross 5th main 3rd sector HSR Layout Bangalore 560102...Tap Repair'),('KWESE9ALZF','2015-07-09 11:04:55','2015-07-10 11:10:44','d1f9b950-7f62-4a44-ac6d-f484d6be1165','9810991160','dhananjay.maan@gmail.com','A-1533',0,0,0,'Electrician...2015-07-10...2015-07-09...9810991160...Afternoon(12-4PM)...dhananjay.maan@gmail.com...A-1533...some problem'),('L49JDUFEAO','2015-07-16 12:20:07','2015-07-29 09:00:02','f01ae510-8b23-449c-b96d-ccbd1f65ab4d','7204226664','Pavuscorpion@gmail.com','#16,ground floor, 6th main , narayanappa block rt nagar Bangalore 32',0,0,0,'PhysioTherapy...2015-07-18...2015-07-16...7204226664...Evening(4-7PM)...Pavuscorpion@gmail.com...#16,ground floor, 6th main , narayanappa block rt nagar Bangalore 32...Leg pain for my grandma aged 75 years\nReffered by sahana '),('LA7NOM3EK3','2015-07-07 07:10:11','2015-07-07 08:43:05','f01ae510-8b23-449c-b96d-ccbd1f65ab4d','9035523504','sheilacherian7@yahoo.co.in','222, 3rd Cross, 4th Main,\nKoramangala 1st Block',0,0,0,'Fabrication(Iron or Alluminium)...2015-07-07...2015-07-07...9035523504...Afternoon(12-4PM)...sheilacherian7@yahoo.co.in...222, 3rd Cross, 4th Main,\nKoramangala 1st Block...grill for climbing plant   gate repair'),('LABSM08GD7','2015-07-11 11:16:27','2015-07-12 03:41:11','af566565-addd-4406-8320-e0346cd8a6dd','9980732289','rgowda22@gmail.com','407,28th main Hsr layout  1st sector. Near police station',340,0,0,'Pet Care...2015-07-12...2015-07-11...9980732289...Morning(8-12)...rgowda22@gmail.com...407,28th main Hsr layout  1st sector. Near police station...German shepper wash'),('LERELTNTJC','2015-06-07 11:00:27','2015-07-24 08:36:41','af566565-addd-4406-8320-e0346cd8a6dd','9342045178','jayanna@gmail.com','Hsr layout bangalore',1000,10,900,NULL),('LFNJ96KUL3','2015-07-03 08:38:10','2015-07-07 10:11:38','f01ae510-8b23-449c-b96d-ccbd1f65ab4d','9089787878','abc@fty.com','17 ashoka pillar bangalore',0,0,0,'Carpentry...2015-07-05...2015-07-03...9089787878...Evening(4-7PM)...abc@fty.com...17 ashoka pillar bangalore...cots repair'),('LJG8OJ95V5','2015-07-16 18:24:31','2015-07-19 12:18:55','f01ae510-8b23-449c-b96d-ccbd1f65ab4d','8553427983','mallikakumar093@gmail.com','108/6, Sri Ranga Nilaya, 7th cross, Thavarkere main road, Bangalore-560029',0,0,0,'Pest Control...2015-07-18...2015-07-16...8553427983...Evening(4-7PM)...mallikakumar093@gmail.com...108/6, Sri Ranga Nilaya, 7th cross, Thavarkere main road, Bangalore-560029...PLS Schedule it on sunday afternoon\n\nCockroach problem, Please strictly under first service free.\n\nmoney referal - rishabh jain \n\norder refered by Sagar Paul\n'),('LMTUCGZ893','2015-07-17 19:21:31','2015-07-18 07:08:21','d1f9b950-7f62-4a44-ac6d-f484d6be1165','9538197217','divyavachani@yahoo.in','jain girls hostel, 403-D, abbaih reddy layout, behind inchara hotel, JP Nagar 6th phase, puttenhalli road.\n(3rd floor)',0,0,0,'Pest Control...2015-07-17...2015-07-17...9538197217...Afternoon(12-4PM)...divyavachani@yahoo.in...jain girls hostel, 403-D, abbaih reddy layout, behind inchara hotel, JP Nagar 6th phase, puttenhalli road.\n(3rd floor)...frequent cockroach problem i facing,  1 room,\nstrictly under free service\n\nLocation: JP NAGAR\n\nmoney refer by rishabh \n\nOrder by Sagar'),('LPG9AQP38I','2015-06-23 09:00:20','2015-06-24 05:57:45','f01ae510-8b23-449c-b96d-ccbd1f65ab4d','9886018233','anand.anwekar@gmail.com','2024 Sobha Cinnamon Haralur Road Off Sarjapur Road Bangalore',400,25,0,'PhysioTherapy...2015-06-23...2015-06-23...9886018233...Evening(4-7PM)...anand.anwekar@gmail.com...2024 Sobha Cinnamon Haralur Road Off Sarjapur Road Bangalore...back pain and issue with disc, having prescription from orthopedic'),('M1E879XYK7','2015-06-30 13:22:57','2015-07-01 07:13:58','d1f9b950-7f62-4a44-ac6d-f484d6be1165','9456787654','gtfrdesdf@gmail.com','rtgyhgtfr',0,0,0,'PhysioTherapy...2015-07-01...2015-06-30...9456787654...Afternoon(12-4PM)...gtfrdesdf@gmail.com...rtgyhgtfr...dcfvcfvfvffffffffffffffffffffffffffffffffffffffffffffffffffffffffffffffffffffffffffffffffffffffffffffffffffffffffffffffffffffffffffffffffff'),('MFE5L7YDMT','2015-07-02 07:14:03','2015-07-02 07:14:03','f01ae510-8b23-449c-b96d-ccbd1f65ab4d','9999999999','test@test.com','fshddkjfhhsf',NULL,NULL,-500,'Plumber...2015-07-02...2015-07-02...9999999999...Evening(4-7PM)...test@test.com...fshddkjfhhsf...Please'),('MQG5SUS9S1','2015-07-14 09:21:59','2015-07-15 09:21:59','af566565-addd-4406-8320-e0346cd8a6dd','9964319333','Chachu03@gmail.com','#126/19 ,2nd cross, Venkateshwara layout, sg playa, Bangalore 29',NULL,NULL,NULL,'Plumber...2015-07-15...2015-07-14...9964319333...Morning(8-12)...Chachu03@gmail.com...#126/19 ,2nd cross, Venkateshwara layout, sg playa, Bangalore 29...plumbing new building 12 toilets and 6 kitchens  '),('MTFABP2DJ5','2015-08-06 11:06:46','2015-08-07 11:08:48','d1f9b950-7f62-4a44-ac6d-f484d6be1165','9590959002','fdgfdghgf@gmail.com','fdggfdgsdf',0,0,0,'Carpentry...2015-08-07...2015-08-06...9590959002...Afternoon(12-4PM)...fdgfdghgf@gmail.com...fdggfdgsdf...dfdsf'),('MWUPHUIWGZ','2015-07-10 15:20:52','2015-07-11 04:36:17','af566565-addd-4406-8320-e0346cd8a6dd','9738229871','sjarunkumar341@gmail.com','No 14 12TH CROSS 1ST MAIN SOMESHWARANAGAR JAYANGAGAR 1ST BLOCK BANGALORE -560011',0,0,0,'Pest Control...2015-07-11...2015-07-10...9738229871...Morning(8-12)...sjarunkumar341@gmail.com...No 14 12TH CROSS 1ST MAIN SOMESHWARANAGAR JAYANGAGAR 1ST BLOCK BANGALORE -560011...Cockroach and black ants treatment 1bhk '),('N392I4GUTT','2015-07-27 14:11:28','2015-07-28 05:06:59','f01ae510-8b23-449c-b96d-ccbd1f65ab4d','9631225778','mathuindia@gmail.com','Powai',0,0,0,'Fabrication(Iron or Alluminium)...2015-07-28...2015-07-27...9631225778...Evening(4-7PM)...mathuindia@gmail.com...Powai...i have problem. '),('NDRJDMMMLY','2015-07-18 18:17:36','2015-07-20 06:51:28','af566565-addd-4406-8320-e0346cd8a6dd','8055874838','rohitgurnani843@gmail.com','B-1102, Confident Aquila, Sompura circle,sarjapur roadmblore \nMoney refer- rishabh\nOrder by Sagar',200,10,0,NULL),('NMH785V8CU','2015-07-16 10:06:18','2015-07-17 09:57:29','f01ae510-8b23-449c-b96d-ccbd1f65ab4d','8095991377','namitjain990@gmail.com','#24, 001 ground floor shradhmangal apt., VV Puram, Bangalore - 560004',0,0,0,'PhysioTherapy...2015-07-17...2015-07-16...8095991377...Evening(4-7PM)...namitjain990@gmail.com...#24, 001 ground floor shradhmangal apt., VV Puram, Bangalore - 560004...problem: bed bugs, for 1 room\nLocation JP Nagar,\nrecharge referal : namit , Ph:   8095991377\n\nordered referred by sagar paul\n'),('NWWOHQUE6I','2015-07-21 14:10:01','2015-07-22 14:36:24','d1f9b950-7f62-4a44-ac6d-f484d6be1165','9176016949','krishnakumar.nair83@icloud.com','Room -9,#80,7th cross Balaji Nagar ',0,0,0,'Plumber...2015-07-22...2015-07-21...9176016949...Afternoon(12-4PM)...krishnakumar.nair83@icloud.com...Room -9,#80,7th cross Balaji Nagar ...Fix a pipe with waser..Mogudoom referral'),('NX2NR0W573','2015-07-24 10:03:15','2015-07-24 10:06:05','af566565-addd-4406-8320-e0346cd8a6dd','8892072059','kripastores@yahoo.com','KRIPA TELECOM ,NO.18,FIRST FLOOR, ELECTRONICS CITY .PHASE-2,Bangalore.\n',6500,0,6500,'Carpentry...2015-07-24...2015-07-24...8892072059...Evening(4-7PM)...kripastores@yahoo.com...KRIPA TELECOM ,NO.18,FIRST FLOOR, ELECTRONICS CITY .PHASE-2,Bangalore.\n...Wooden Ceiling (work was completed as of 17/07/2015)'),('NYQ2TRFSD5','2015-07-14 10:39:26','2015-07-29 09:51:02','d1f9b950-7f62-4a44-ac6d-f484d6be1165','9986412588','Natarajj316@gmail.com','Shamanna nursery jayanagar 1st block 3rd cross near pta school bang-560011',0,0,0,'PhysioTherapy...2015-07-15...2015-07-14...9986412588...Afternoon(12-4PM)...Natarajj316@gmail.com...Shamanna nursery jayanagar 1st block 3rd cross near pta school bang-560011...Right hand upper joint(shoulder)'),('O9A1L5UNVO','2015-07-11 13:23:50','2015-07-12 03:57:44','d1f9b950-7f62-4a44-ac6d-f484d6be1165','9886680449','Sumitchoudhary1@gmail.com','Hrs layout Sec 2',900,0,400,'Pest Control...2015-07-12...2015-07-11...9886680449...Afternoon(12-4PM)...Sumitchoudhary1@gmail.com...Hrs layout Sec 2...Pest control '),('OFCOBCVC1O','2015-07-14 09:39:01','2015-07-15 16:07:02','af566565-addd-4406-8320-e0346cd8a6dd','9886828883','sagar.reddy003@gmail.com','#121/2, bassappa reddy circle, opp to HDFC bank ATM rupenarghara hosur raod banglore 68 ',0,0,0,'Pest Control...2015-07-15...2015-07-14...9886828883...Morning(8-12)...sagar.reddy003@gmail.com...#121/2, bassappa reddy circle, opp to HDFC bank ATM rupenarghara hosur raod banglore 68 ...mosquito problem near plants and pots '),('OG5G8O25LH','2015-07-15 07:24:31','2015-07-16 10:55:58','f01ae510-8b23-449c-b96d-ccbd1f65ab4d','8095933790','lakshmimn16@gmail.com','Door no.1674,6th main,5th cross,2nd stage,rpc layout,vijayanagar',0,0,0,'Pest Control...2015-07-16...2015-07-15...8095933790...Evening(4-7PM)...lakshmimn16@gmail.com...Door no.1674,6th main,5th cross,2nd stage,rpc layout,vijayanagar...Cockroach problems...first free service...referred. By Mogudoom\n'),('OHXT4LKGNC','2015-07-16 08:34:12','2015-07-18 12:08:16','f01ae510-8b23-449c-b96d-ccbd1f65ab4d','8747015906','arasuvaimadhuram@gmail.com','#149/a,1st floor foodays complex,5th main,6th sector,hsr layout',0,0,0,'Pest Control...2015-07-18...2015-07-16...8747015906...Evening(4-7PM)...arasuvaimadhuram@gmail.com...#149/a,1st floor foodays complex,5th main,6th sector,hsr layout...Flies...first. Free service..ref.mogudoom '),('ORNW1PSR0C','2015-07-16 12:53:29','2015-07-28 12:21:18','f01ae510-8b23-449c-b96d-ccbd1f65ab4d','9916825268','shahsunil1994@gmail.com','Jain boys Hostel, (2nd floor) Jp nagar 6th phase, Behind Inchara Hotel, Landmark: Foodcity, Bangalore',0,0,0,'PhysioTherapy...2015-07-18...2015-07-16...9916825268...Evening(4-7PM)...shahsunil1994@gmail.com...Jain boys Hostel, (2nd floor) Jp nagar 6th phase, Behind Inchara Hotel, Landmark: Foodcity, Bangalore...Lower back pain,\nrecharge refral by rishabh, Ph: 9964984551,\norder refered  by sagar\n\nLocation jp nagar'),('ORS2Q2IC9C','2015-07-16 12:45:05','2015-07-28 12:20:57','f01ae510-8b23-449c-b96d-ccbd1f65ab4d','8123102934','sunilchandverma@gmail.com','Jain boys Hostel, (2nd floor) Jp nagar 6th phase, Behind Inchara Hotel, Landmark: Foodcity, Bangalore',0,0,0,'PhysioTherapy...2015-07-18...2015-07-16...8123102934...Evening(4-7PM)...sunilchandverma@gmail.com...Jain boys Hostel, (2nd floor) Jp nagar 6th phase, Behind Inchara Hotel, Landmark: Foodcity, Bangalore...shoulder pain,\nreffered rishabh, ph: 9964984551\nreffered by sagar\nlocation: JP Nagar'),('OUBY40UVYD','2015-07-16 05:51:42','2015-07-29 06:13:16','f01ae510-8b23-449c-b96d-ccbd1f65ab4d','9141932580','lakshmimn16@gmail.com','1674,5th cross ,6th main,rpc layout,hampinagar,vijayanagar',0,0,0,'PhysioTherapy...2015-07-18...2015-07-16...9141932580...Evening(4-7PM)...lakshmimn16@gmail.com...1674,5th cross ,6th main,rpc layout,hampinagar,vijayanagar...Back pain.first free ser.ref.mogudoom'),('OZ7E0M1GPM','2015-07-22 13:31:16','2015-07-24 09:38:23','d1f9b950-7f62-4a44-ac6d-f484d6be1165','8095033099','harshi9393@gmail.com',' Shankar puram\nNo.26 karnic road',540,0,40,'PhysioTherapy...2015-07-23...2015-07-22...8095033099...Afternoon(12-4PM)...harshi9393@gmail.com... Shankar puram\nNo.26 karnic road...Back pain.ref.mogudoom '),('P177TIL9ZZ','2015-07-10 10:39:53','2015-07-14 05:10:27','d1f9b950-7f62-4a44-ac6d-f484d6be1165','9700355929','kaleswar@aurospaces.com','P.no 20, Near inchara hotel, Puttenhalli Main road, J P nagar 6th Phase, Banglore-560078',400,0,0,'Electrician...2015-07-11...2015-07-10...9700355929...Afternoon(12-4PM)...kaleswar@aurospaces.com...P.no 20, Near inchara hotel, Puttenhalli Main road, J P nagar 6th Phase, Banglore-560078...TV wall mounting'),('P1R0B3ODWS','2015-07-17 17:32:59','2015-07-18 08:18:10','af566565-addd-4406-8320-e0346cd8a6dd','9739987299','ramadevi.kolukula@gmail.com','101 srinivasa enclave 98/100 green glen layout\nbellandur, bangalore 560103',0,0,0,'Pest Control...2015-07-18...2015-07-17...9739987299...Morning(8-12)...ramadevi.kolukula@gmail.com...101 srinivasa enclave 98/100 green glen layout\nbellandur, bangalore 560103...Need pest control for cockroaches and mosquitoes'),('PB92RB6M8F','2015-06-13 12:10:08','2015-06-05 14:25:17','d1f9b950-7f62-4a44-ac6d-f484d6be1165','9845065950','Prabhakarrao.cm@gmail.com','Site No 1 ',0,0,0,'Plumber,2015-06-14 12:10:08,2015-06-13 12:10:08,9845065950,Afternoon(12-4PM),Prabhakarrao.cm@gmail.com,Site No 1 ,Need to move the drainage pipes (Sevage   Kitchen)  from ground to ceiling'),('PCGEWGF9CM','2015-07-14 11:30:44','2015-07-29 09:57:04','af566565-addd-4406-8320-e0346cd8a6dd','8971668699','wmogdoom@yahoo.com','#70/29,7th cross ,Balaji Nagar',0,0,0,'PhysioTherapy...2015-07-15...2015-07-14...8971668699...Morning(8-12)...wmogdoom@yahoo.com...#70/29,7th cross ,Balaji Nagar...Knee pain under first free service referred by Mogudoom '),('PCU9RG39S2','2015-07-16 18:19:55','2015-07-28 12:27:41','f01ae510-8b23-449c-b96d-ccbd1f65ab4d','9731012598','pinkydev0@gmail.com','jain girls hostel, 403-D, abbaih reddy layout, behind inchara hotel, JP Nagar 6th phase, puttenhalli road.',0,0,0,'PhysioTherapy...2015-07-17...2015-07-16...9731012598...Evening(4-7PM)...pinkydev0@gmail.com...jain girls hostel, 403-D, abbaih reddy layout, behind inchara hotel, JP Nagar 6th phase, puttenhalli road....Neck pain, strictly under first service free ,\n\nRecharge refer by :Aliya , 8147581266\n\nOrder by sagar paul'),('PE0NHT6ETU','2015-06-24 16:38:51','2015-06-26 05:50:31','af566565-addd-4406-8320-e0346cd8a6dd','8892072059','kripastores@yahoo.com','KRIPA TELECOM \nNO.18,FIRST FLOOR, ELECTRONICS CITY .PHASE-2, \nHOSUR MAIN ROAD,  BANGALORE-560 100 \n',0,0,0,'Carpentry...2015-06-25...2015-06-24...8892072059...Evening(4-7PM)...kripastores@yahoo.com...KRIPA TELECOM \nNO.18,FIRST FLOOR, ELECTRONICS CITY .PHASE-2, \nHOSUR MAIN ROAD,  BANGALORE-560 100 \n...Make 300 sq Ft floor mate in office room'),('PGEFOEHWIU','2015-07-28 11:27:16','2015-07-29 05:31:08','f01ae510-8b23-449c-b96d-ccbd1f65ab4d','9742607811','ashish.shukla2005@gmail.com','Ashish Shukla,\nFlat no F 202,\nMantri Woodlands,\nNear BPL,\nArekere , Bannergatta Main Road,\nBangalore - 560076',0,0,0,'Pest Control...2015-07-29...2015-07-28...9742607811...Evening(4-7PM)...ashish.shukla2005@gmail.com...Ashish Shukla,\nFlat no F 202,\nMantri Woodlands,\nNear BPL,\nArekere , Bannergatta Main Road,\nBangalore - 560076...Cockroack and small bee are high in number. Need pest control for small bee and cockroach'),('PLTP7XYBQI','2015-06-25 11:46:20','2015-07-02 06:58:35','af566565-addd-4406-8320-e0346cd8a6dd','9845175194','dsouza.david5@gmail.com','No 2B Cornwell Classic, 13 Cornwell Road, Langford Gardens Bangalore 560025',1300,0,800,'Plumber...2015-06-26...2015-06-25...9845175194...Morning(8-12)...dsouza.david5@gmail.com...No 2B Cornwell Classic, 13 Cornwell Road, Langford Gardens Bangalore 560025...Cup Fixing for Parryware Flush tank.'),('PNP52U70JM','2015-07-31 14:06:31','2015-08-03 05:02:15','af566565-addd-4406-8320-e0346cd8a6dd','8147239008','sudhirchiwate@gmail.com','103/A, VP Road, Old Madivala\nLand Mark: Near Someshwara Temple',330,0,130,'Plumber...2015-08-01...2015-07-31...8147239008...Morning(8-12)...sudhirchiwate@gmail.com...103/A, VP Road, Old Madivala\nLand Mark: Near Someshwara Temple...Tap leakage '),('PP2USD4FQY','2015-07-18 18:15:21','2015-07-21 06:30:46','af566565-addd-4406-8320-e0346cd8a6dd','7275890625','abhinav.159793@gmail.com','B-1102, Confident Aquila, Sompura circle,sarjapur roadmblore\n Money refer- rishabh, \nOrder by Sagar',200,10,0,NULL),('PQ3UGQVEJE','2015-07-08 06:13:47','2015-07-08 11:50:42','d1f9b950-7f62-4a44-ac6d-f484d6be1165','9448826557','jenitha_i@yahoo.com','# B304 Salarpuria Apts HSR Lyt 7th sector Bangalore 560102',0,0,0,'Carpentry...2015-07-08...2015-07-08...9448826557...Afternoon(12-4PM)...jenitha_i@yahoo.com...# B304 Salarpuria Apts HSR Lyt 7th sector Bangalore 560102...Repair damaged wooden flooring and hinges to existing door'),('PVL3HEYJLZ','2015-06-30 14:17:37','2015-07-01 04:56:54','af566565-addd-4406-8320-e0346cd8a6dd','9124123242','das.atul2012@gmail.com','Flat No-D/2,2nd Floor,Bishnupriya Apartment,Jayadev Vihar,Bhubaneswar-13,Orissa\nSalia Sahi',0,0,0,'PhysioTherapy...2015-07-01...2015-06-30...9124123242...Morning(8-12)...das.atul2012@gmail.com...Flat No-D/2,2nd Floor,Bishnupriya Apartment,Jayadev Vihar,Bhubaneswar-13,Orissa\nSalia Sahi...Neck pain spondilitis pain'),('Q0N7WYOQWG','2015-07-15 13:55:34','2015-07-16 12:39:56','d1f9b950-7f62-4a44-ac6d-f484d6be1165','9959508883','praveen.p@gmail.com','praveen.p@gmail.com',0,0,0,'Plumber...2015-07-16...2015-07-15...9959508883...Afternoon(12-4PM)...praveen.p@gmail.com...praveen.p@gmail.com...fhgfgh'),('Q1KED3S3RJ','2015-08-04 07:14:08','2015-08-05 07:33:21','af566565-addd-4406-8320-e0346cd8a6dd','9535583513','rohith@gmail.com','dhwkghdwcuigduhoigduwqwhu',0,0,0,'Electrician...2015-08-05...2015-08-04...9535583513...Morning(8-12)...rohith@gmail.com...dhwkghdwcuigduhoigduwqwhu...Power problem'),('Q4XFEECQMK','2015-07-14 09:22:21','2015-07-29 09:28:31','d1f9b950-7f62-4a44-ac6d-f484d6be1165','8056352099','vidyash21@gmail.com','G2, sapthagiri meadows, jp nagar 6th phase\nNear big market\nPuttenahali',500,0,0,'PhysioTherapy...2015-07-15...2015-07-14...8056352099...Afternoon(12-4PM)...vidyash21@gmail.com...G2, sapthagiri meadows, jp nagar 6th phase\nNear big market\nPuttenahali...knee pain.\nLocation jp nagar, under service free\nRefered by sagar'),('Q7E4JFFLQV','2015-07-16 13:57:47','2015-07-28 12:22:09','f01ae510-8b23-449c-b96d-ccbd1f65ab4d','9425204506','2305pawanksharma@gmail.com','2nd floor, No.51 \nSri Sai Nilayam\nVasantha layout,\nNear vadevi school\nMunnekolala\nBangalore - 560037',0,0,0,'PhysioTherapy...2015-07-18...2015-07-16...9425204506...Evening(4-7PM)...2305pawanksharma@gmail.com...2nd floor, No.51 \nSri Sai Nilayam\nVasantha layout,\nNear vadevi school\nMunnekolala\nBangalore - 560037...Shoulder pain, strictly under first service free ,\n\nRecharge refer by : rishabh jain : 9964984551\n\nOrder by sagar paul'),('Q7O28I3D0M','2015-06-04 04:45:07','2015-06-05 14:25:24','d1f9b950-7f62-4a44-ac6d-f484d6be1165','9986701263','hayyan273@gmail.com','Noor Mahal, Bunder Road 1 Cross, Bhatkal, Uttar Kannada District, Karnataka-581320',20000,10,18000,'Nursing,2015-06-06 04:45:07,2015-06-04 04:45:07,9986701263,Evening(4-7PM),hayyan273@gmail.com,Noor Mahal, Bunder Road 1 Cross, Bhatkal, Uttar Kannada District, Karnataka-581320,We are looking for a nurse who can take care of an  elderly women as she is having problem of moving around and not able to fulfill her day today needs on her own.'),('Q8CS0QBS1R','2015-07-06 12:43:10','2015-07-07 07:20:43','af566565-addd-4406-8320-e0346cd8a6dd','9686967669','hiteshsub@gmail.com','#19/A 23rd cross hsr layout 3rd sector near narayana health',0,0,0,'Pet Care...2015-07-07...2015-07-06...9686967669...Morning(8-12)...hiteshsub@gmail.com...#19/A 23rd cross hsr layout 3rd sector near narayana health...Dog wash madol breed '),('QC0416J0AX','2015-07-08 20:51:57','2015-07-09 20:51:57','d1f9b950-7f62-4a44-ac6d-f484d6be1165','9372459456','reddy@gmail.com','12345',NULL,NULL,-500,'PhysioTherapy...2015-07-09...2015-07-08...9372459456...Afternoon(12-4PM)...reddy@gmail.com...12345...back pain'),('QKNT5F916X','2015-07-14 10:53:16','2015-07-27 10:58:31','f01ae510-8b23-449c-b96d-ccbd1f65ab4d','9986412588','Natarajj316@gmail.com','Shamanna nursery jayanagar 1st block 3rd cross near pta school bang-560011',0,0,0,'Pest Control...2015-07-15...2015-07-14...9986412588...Evening(4-7PM)...Natarajj316@gmail.com...Shamanna nursery jayanagar 1st block 3rd cross near pta school bang-560011...Kitchen and 1bhk'),('QOMBKD7ATT','2015-07-20 12:13:19','2015-07-31 12:34:59','d1f9b950-7f62-4a44-ac6d-f484d6be1165','9901200552','praha1991@gmail.com','SF02, Zaanz Apartments, ST Bed Layout,\nKoramangala 4th Block',0,0,0,'Electrician...2015-07-21...2015-07-20...9901200552...Afternoon(12-4PM)...praha1991@gmail.com...SF02, Zaanz Apartments, ST Bed Layout,\nKoramangala 4th Block...General Wiring Error.\n3 point plugs not working.'),('QQYFHYXLZH','2015-06-20 08:46:21','2015-06-22 05:18:20','f01ae510-8b23-449c-b96d-ccbd1f65ab4d','9883838090','chiddu@gmail.com','goro gd',0,0,0,'PhysioTherapy...2015-06-20...2015-06-20...9883838090...Evening(4-7PM)...chiddu@gmail.com...goro gd...<!--/header-->'),('QR0GPCWNHF','2015-07-01 07:01:02','2015-07-06 05:42:21','af566565-addd-4406-8320-e0346cd8a6dd','8892072059','kripastores@yahoo.com','KRIPA TELECOM ,NO.18,FIRST FLOOR, ELECTRONICS CITY .PHASE-2,Bangalore.\n',700,0,700,'Carpentry...2015-07-01...2015-07-01...8892072059...Afternoon(12-4PM)...kripastores@yahoo.com...KRIPA TELECOM ,NO.18,FIRST FLOOR, ELECTRONICS CITY .PHASE-2,Bangalore.\n...Laminate replacement. (New Laminate Installation)'),('QRAKGQMJHC','2015-08-02 05:29:45','2015-08-05 11:49:00','d1f9b950-7f62-4a44-ac6d-f484d6be1165','9845402456','vekatesh.cm@gmail.com','#40 1st main KR garden Murugeshpalya Bangalore 17',550,0,350,'Pest Control...2015-08-03...2015-08-02...9845402456...Afternoon(12-4PM)...vekatesh.cm@gmail.com...#40 1st main KR garden Murugeshpalya Bangalore 17...Mosquitoes '),('QUYMWMT76H','2015-07-17 12:27:57','2015-07-19 07:45:20','af566565-addd-4406-8320-e0346cd8a6dd','9740134673','pawaramita1201@gmail.com','Astalaxmi layout 1st main, jp nagar 6th phase, Bangalore\n\nNeed the service on Saturday 18th July time: Evening. 4 to 7 \nReferred by Sagar paul . ',200,10,180,NULL),('QW4UHZVN0P','2015-08-07 10:49:01','2015-08-08 11:18:36','d1f9b950-7f62-4a44-ac6d-f484d6be1165','9845331077','Girish.B1103@gmail.com','Btm 2nd stage, above Karnataka bank, behind IOB petrol pump, Bangalore, 560076',0,0,0,'Electrician...2015-08-08...2015-08-07...9845331077...Afternoon(12-4PM)...Girish.B1103@gmail.com...Btm 2nd stage, above Karnataka bank, behind IOB petrol pump, Bangalore, 560076...I want to do internal electrical wiring and UPS wiring at my new training centre. I m looking for quote first.'),('R6HO2O2V8D','2015-07-17 19:33:35','2015-07-18 08:17:25','af566565-addd-4406-8320-e0346cd8a6dd','8884203142','ankitkashyap233@gmail.com','flat A3, suntech solar apartent,near beevee bakery, jp nagar 6th phase, behind inchara hotel',0,0,0,'Pest Control...2015-07-18...2015-07-17...8884203142...Morning(8-12)...ankitkashyap233@gmail.com...flat A3, suntech solar apartent,near beevee bakery, jp nagar 6th phase, behind inchara hotel...cockroach problem stricyl for 1 room under first service free, \nLocation : Jp nagar\n\nmoney refer by Rishabh\n\nOrder by Sagar'),('RJ4SIT6DK2','2015-07-06 11:45:05','2015-07-07 12:29:59','af566565-addd-4406-8320-e0346cd8a6dd','9916611011','Siddubanse@gmail.com','40 2nd floor BTR Garden, Kudlu Gate, Blore',0,0,0,'Electrician...2015-07-07...2015-07-06...9916611011...Morning(8-12)...Siddubanse@gmail.com...40 2nd floor BTR Garden, Kudlu Gate, Blore...Plug point add and geyser is not working \n'),('RN4RRPOZIC','2015-06-11 09:12:46','2015-06-05 14:25:37','d1f9b950-7f62-4a44-ac6d-f484d6be1165','9876543210','a@a.com','23d df',0,0,0,'Painter,2015-06-12 09:12:46,2015-06-11 09:12:46,9876543210,Afternoon(12-4PM),a@a.com,23d df,ppppppppppp'),('RN6G5K52KA','2015-07-15 08:22:15','2015-07-17 08:22:15','f01ae510-8b23-449c-b96d-ccbd1f65ab4d','9986342290','sahanaspoojari@gmail.com','76/4 30th cross 4thT block tilaknagar jayanagar bangalore -41 ',NULL,NULL,-500,'Pet Care...2015-07-17...2015-07-15...9986342290...Evening(4-7PM)...sahanaspoojari@gmail.com...76/4 30th cross 4thT block tilaknagar jayanagar bangalore -41 ...pet cleaning\nreffered by sahana\n'),('RQ5FJXJ2K7','2015-08-03 13:33:20','2015-08-04 05:14:47','af566565-addd-4406-8320-e0346cd8a6dd','9698410991','asd@gmail.com','asdsadasjdnasjkn',0,0,0,'Carpentry...2015-08-04...2015-08-03...9698410991...Morning(8-12)...asd@gmail.com...asdsadasjdnasjkn...asdasdasdasvadffa '),('RRX3JYIGQE','2015-07-18 18:27:20','2015-07-19 06:04:31','af566565-addd-4406-8320-e0346cd8a6dd','8147234701','md.ashraf073@gmail.com','962,16th cross, 1 stage, Kumar swamy layiut, Bangalore',0,0,0,'Plumber...2015-07-19...2015-07-18...8147234701...Morning(8-12)...md.ashraf073@gmail.com...962,16th cross, 1 stage, Kumar swamy layiut, Bangalore...Water leakage problem. fixing existing product.. want it under first service free.\nMoney refer by Rishabh\nOrder  refer by Sagar'),('RW4CVRB4LJ','2015-07-15 07:16:59','2015-07-20 06:28:10','f01ae510-8b23-449c-b96d-ccbd1f65ab4d','9341226999','costbr@yahoo.co.in','#15,3rd main,anuguraha layout,bliekahalli',0,0,0,'PhysioTherapy...2015-07-16...2015-07-15...9341226999...Evening(4-7PM)...costbr@yahoo.co.in...#15,3rd main,anuguraha layout,bliekahalli...Lower back pain...free service....referred by Mogudoom '),('RX2AKOTXOV','2015-08-09 12:43:24','2015-08-10 12:43:24','d1f9b950-7f62-4a44-ac6d-f484d6be1165','9901232591','kkiran0894@gmail.com','145 3rd E cross 2nd main road kasturinagar 560043',NULL,NULL,NULL,'Pet Care...2015-08-10...2015-08-09...9901232591...Afternoon(12-4PM)...kkiran0894@gmail.com...145 3rd E cross 2nd main road kasturinagar 560043...pet massage '),('SEZNPGUTPR','2015-07-14 10:44:35','2015-07-15 10:44:35','af566565-addd-4406-8320-e0346cd8a6dd','9986412588','Natarajj316@gmail.com','Shamanna nursery jayanagar 1st block 3rd cross near pta school bang-560011',NULL,NULL,NULL,'Pet Care...2015-07-15...2015-07-14...9986412588...Morning(8-12)...Natarajj316@gmail.com...Shamanna nursery jayanagar 1st block 3rd cross near pta school bang-560011...Removal of ticks and wash'),('SH8VY28SP4','2015-07-17 17:14:57','2015-07-19 17:14:57','af566565-addd-4406-8320-e0346cd8a6dd','9019923769','nikitasinghania@outlook.com','jain girls hostel (3rd floor), 403-D, abbaih reddy layout, behind inchara hotel, JP Nagar 6th phase, puttenhalli road.\n',200,10,180,NULL),('SHOBLLY3XV','2015-07-08 08:02:46','2015-07-27 06:32:13','af566565-addd-4406-8320-e0346cd8a6dd','8884666202','sharon.augustian@gmail.com','Flat no 104, house no 6 , 3rd cross, K R layout, J P nagar 6th phase, bangalore',700,0,200,'Pest Control...2015-07-10...2015-07-08...8884666202...Morning(8-12)...sharon.augustian@gmail.com...Flat no 104, house no 6 , 3rd cross, K R layout, J P nagar 6th phase, bangalore...i want the pest controller for cockroach problem as per first service free worth rs 500 only. reference given by Mr sagar. I want it to be done on saturday. '),('SUMA7BOHJY','2015-07-09 13:29:53','2015-07-11 03:09:20','af566565-addd-4406-8320-e0346cd8a6dd','9886225023','nirmalya.mohanty12@gmail.com','54, 3rd cross, royal shelters, devarachikanahalli, Bangalore- 76',0,0,0,'Pest Control...2015-07-11...2015-07-09...9886225023...Morning(8-12)...nirmalya.mohanty12@gmail.com...54, 3rd cross, royal shelters, devarachikanahalli, Bangalore- 76...Cup board infested with termites'),('SVP7VISQ37','2015-08-07 07:36:32','2015-08-08 11:50:31','af566565-addd-4406-8320-e0346cd8a6dd','7259699314','akashbafna93@gmail.com','No.15, 3rd Floor, 23rd main, JP Nagar 2nd phase, Marenahalli, Bangalore-560078',0,0,0,'Pest Control...2015-08-08...2015-08-07...7259699314...Morning(8-12)...akashbafna93@gmail.com...No.15, 3rd Floor, 23rd main, JP Nagar 2nd phase, Marenahalli, Bangalore-560078...Facing BED BUGS problem.\n\nOrder referred by ANKIT (9242173510).'),('T56WGDOPRE','2015-07-09 11:55:15','2015-07-10 06:26:02','d1f9b950-7f62-4a44-ac6d-f484d6be1165','9742770799','sunitha.sap@gmail.com','205 6th blk 18th main rd koramangala ground floor bangalore',0,0,0,'Pet Care...2015-07-09...2015-07-09...9742770799...Evening(4-7PM)...sunitha.sap@gmail.com...205 6th blk 18th main rd koramangala ground floor bangalore...Dog Wash\nNail Cutting, vendor needs to carry Shampoo and Lotion along with him. Thank You!!!'),('T5FT67FGRF','2015-07-14 10:16:19','2015-07-24 09:24:51','af566565-addd-4406-8320-e0346cd8a6dd','8374856010','pagu.priyanka@gmail.com','room no-s3, srs pg, jp nagar 6th phase, near CMS B School',400,0,0,'Pest Control...2015-07-16...2015-07-14...8374856010...Morning(8-12)...pagu.priyanka@gmail.com...room no-s3, srs pg, jp nagar 6th phase, near CMS B School...cockroaches'),('TCGPT54I0U','2015-07-16 06:49:29','2015-07-27 05:34:24','d1f9b950-7f62-4a44-ac6d-f484d6be1165','9916781133','jabir.mnnit@gmail.com','Flat no. 301, 2nd floor, house no. 1551, 26th main road, sector 2, HSR Layout, Bangalore 560102',0,0,0,'Carpentry...2015-07-16...2015-07-16...9916781133...Afternoon(12-4PM)...jabir.mnnit@gmail.com...Flat no. 301, 2nd floor, house no. 1551, 26th main road, sector 2, HSR Layout, Bangalore 560102...Need drilling to be done on the wall for hanging hooks and frames.'),('U3C40PCGIA','2015-06-24 08:42:00','2015-06-29 09:38:14','f01ae510-8b23-449c-b96d-ccbd1f65ab4d','9880914370','mail2ravi_kumar@yahoo.com','48, 2nd main road, vinayaknagar, wilosn garden. Bangalore-560027',2500,0,2000,'Pest Control...2015-06-24...2015-06-24...9880914370...Evening(4-7PM)...mail2ravi_kumar@yahoo.com...48, 2nd main road, vinayaknagar, wilosn garden. Bangalore-560027...Bed bugs in the garments factory creating a lot of problem. Kindly service ASAP'),('UD7ZHXBPTY','2015-07-29 12:22:44','2015-08-05 11:52:31','d1f9b950-7f62-4a44-ac6d-f484d6be1165','9035064311','swathi.soniyo@gmail.com','#276,3rd B cross , 3rd stage, 2nd block, basaveshwaranagar, bangalore-79',605,0,105,'Pest Control...2015-07-31...2015-07-29...9035064311...Afternoon(12-4PM)...swathi.soniyo@gmail.com...#276,3rd B cross , 3rd stage, 2nd block, basaveshwaranagar, bangalore-79...cockroaches for 1 kitchen(reffered by sahana)'),('UQ84IOY562','2015-07-14 11:23:24','2015-07-14 11:23:24','f01ae510-8b23-449c-b96d-ccbd1f65ab4d','9880714267','kumarharshitha1@gmail.com','46/3, 7th cross ,Balaji nagar room no-103',NULL,NULL,-500,'Plumber...2015-07-14...2015-07-14...9880714267...Evening(4-7PM)...kumarharshitha1@gmail.com...46/3, 7th cross ,Balaji nagar room no-103...First free service referred by Mogudoom '),('UXEH2MRQCI','2015-07-04 13:07:10','2015-07-06 07:21:40','af566565-addd-4406-8320-e0346cd8a6dd','8884190407','charu.priya@gympik.com','near CMS B School, lane opposite to SBI ATM, near Food city, JP nagar 6th Phase, Bangalore',0,0,0,'Electrician...2015-07-05...2015-07-04...8884190407...Morning(8-12)...charu.priya@gympik.com...near CMS B School, lane opposite to SBI ATM, near Food city, JP nagar 6th Phase, Bangalore...geyser problem'),('UZ4NNLGNWD','2015-07-09 06:43:05','2015-07-13 06:41:05','d1f9b950-7f62-4a44-ac6d-f484d6be1165','9620797610','dileep.d82@gmail.com','flat-105, Elegance lalbagh view apartment,Lalbagh siddapura, jayanagar 1st block, bangalore-560011',0,0,0,'Plumber...2015-07-09...2015-07-09...9620797610...Afternoon(12-4PM)...dileep.d82@gmail.com...flat-105, Elegance lalbagh view apartment,Lalbagh siddapura, jayanagar 1st block, bangalore-560011...Water tap leakage '),('V2WLNNF0C9','2015-07-28 06:34:33','2015-07-30 07:18:38','af566565-addd-4406-8320-e0346cd8a6dd','9986568939','Nanda4842@gmail.com','#126/19, 2nd cross, venkateshwara layout, sg palya Bangalore-29',300,0,0,'Pet Care...2015-07-29...2015-07-28...9986568939...Morning(8-12)...Nanda4842@gmail.com...#126/19, 2nd cross, venkateshwara layout, sg palya Bangalore-29...Dog bath'),('V3W5MFC3P3','2015-07-15 12:45:36','2015-07-31 05:21:38','f01ae510-8b23-449c-b96d-ccbd1f65ab4d','9435129907','merony9851@gmail.com','JP nagar 5th phase shamana garden near zeeshan restaurnat',605,0,105,'Pest Control...2015-07-17...2015-07-15...9435129907...Evening(4-7PM)...merony9851@gmail.com...JP nagar 5th phase shamana garden near zeeshan restaurnat...cockroaches and ants ( reffered by sahana )'),('VIDKGSHSN6','2015-07-08 10:16:22','2015-07-08 10:34:19','f01ae510-8b23-449c-b96d-ccbd1f65ab4d','9900740936','hppetrolbunk@gmail.com','HSR Layout',0,0,0,'Plumber...2015-07-08...2015-07-08...9900740936...Evening(4-7PM)...hppetrolbunk@gmail.com...HSR Layout...basic pipe installation (GI pipes)'),('VKSIVSJN6H','2015-06-22 11:44:25','2015-06-29 07:08:44','d1f9b950-7f62-4a44-ac6d-f484d6be1165','9742557757','abdul@aurospaces.com','Shoba Lake View Bellandur',1150,0,1150,'Carpentry...2015-06-24...2015-06-22...9742557757...Afternoon(12-4PM)...abdul@aurospaces.com...Shoba Lake View Bellandur...Magic Box Installation'),('VMACP2Z9OQ','2015-06-17 15:20:32','2015-06-18 06:48:54','d1f9b950-7f62-4a44-ac6d-f484d6be1165','9886937482','rajesh.vijayakumar@aurospaces.com','hjbdjsfdsfsdfdsf',0,0,0,'Carpentry...2015-06-18...2015-06-17...9886937482...Afternoon(12-4PM)...rajesh.vijayakumar@aurospaces.com...hjbdjsfdsfsdfdsf...rgfdgdfgfdgdf'),('VOH5AN8CXX','2015-07-13 05:01:26','2015-07-27 05:36:25','d1f9b950-7f62-4a44-ac6d-f484d6be1165','7777777777','e@d.com','747474',0,0,0,'Carpentry...2015-07-15...2015-07-13...7777777777...Afternoon(12-4PM)...e@d.com...747474...having problem with furniture'),('VX5ZVGW69F','2015-07-14 11:13:05','2015-07-29 12:19:41','d1f9b950-7f62-4a44-ac6d-f484d6be1165','9535573333','sandeshrocks777@gmail.com','#5, shree sagar,HMT main road, opposite to munishwara temple, Mathikere , bangalore-560054',825,0,325,'Pest Control...2015-07-15...2015-07-14...9535573333...Evening(4-7PM)...sandeshrocks777@gmail.com...#5, shree sagar,HMT main road, opposite to munishwara temple, Mathikere , bangalore-560054...pest control for a restaurant at mathikere'),('W4QI0OJGT2','2015-07-16 10:57:45','2015-07-17 05:36:05','af566565-addd-4406-8320-e0346cd8a6dd','9886822203','mohammed.moog@gmail.com','#77 5th main kumarswmi layout bangalore 560070',0,0,0,'Pest Control...2015-07-17...2015-07-16...9886822203...Morning(8-12)...mohammed.moog@gmail.com...#77 5th main kumarswmi layout bangalore 560070...pest control services my home  '),('WMPZD8J97Y','2015-07-15 09:48:46','2015-07-16 08:07:35','d1f9b950-7f62-4a44-ac6d-f484d6be1165','9941219305','vidyash21@gmail.com','G2; sapthagiri meadows; jp nagar 6th phase; near big market\nPuttenahali',0,0,0,'Electrician...2015-07-16...2015-07-15...9941219305...Morning(8-12)...vidyash21@gmail.com...G2; sapthagiri meadows; jp nagar 6th phase; near big market\nPuttenahali...Switch bird is not working \nRef- mogudoom'),('WNNY2GLAA4','2015-07-11 11:24:28','2015-07-13 11:24:28','f01ae510-8b23-449c-b96d-ccbd1f65ab4d','7411648721','jig.doshi1993@gmail.com','5th block hbr layout nagwara kalyanagar post\nbangalore -43',NULL,NULL,-500,'PhysioTherapy...2015-07-13...2015-07-11...7411648721...Evening(4-7PM)...jig.doshi1993@gmail.com...5th block hbr layout nagwara kalyanagar post\nbangalore -43...back pain \nlocation nagwara \nunder first service free\nreffered by sagar'),('X3V7YET31A','2015-07-16 12:38:32','2015-07-28 12:20:38','f01ae510-8b23-449c-b96d-ccbd1f65ab4d','9739577569','shasank.mathur44@gmail.com','Jain boys Hostel, (1st floor) Jp nagar 6th phase, Behind Inchara Hotel, Landmark: Foodcity, Bangalore',0,0,0,'PhysioTherapy...2015-07-18...2015-07-16...9739577569...Evening(4-7PM)...shasank.mathur44@gmail.com...Jain boys Hostel, (1st floor) Jp nagar 6th phase, Behind Inchara Hotel, Landmark: Foodcity, Bangalore...shoulder pain, \nLocation : JP Nagar\nrecharge referal : rishabh , ph: 9964984551\n\norder reffered by sagar'),('X66NTDHE1Z','2015-07-14 11:13:11','2015-07-14 11:13:11','f01ae510-8b23-449c-b96d-ccbd1f65ab4d','8553460539','kishoremkrm@gmail.com','46/1,room no.116,7th cross balaji nagar ,',NULL,NULL,-500,'Pest Control...2015-07-14...2015-07-14...8553460539...Evening(4-7PM)...kishoremkrm@gmail.com...46/1,room no.116,7th cross balaji nagar ,...Bed bugs for first free service'),('XDT8WZ9G0R','2015-07-13 05:05:29','2015-07-27 05:35:23','d1f9b950-7f62-4a44-ac6d-f484d6be1165','8888888888','h@j.com','kejwf',0,0,0,'Carpentry...2015-07-14...2015-07-13...8888888888...Afternoon(12-4PM)...h@j.com...kejwf...i have a problem  with door'),('XSNIWK9P4V','2015-07-29 09:07:08','2015-08-03 08:59:29','d1f9b950-7f62-4a44-ac6d-f484d6be1165','9900976682','naveeen444@gmail.com','singanayakana halli, behind post office, yelhanka-64',550,0,50,'Pest Control...2015-07-31...2015-07-29...9900976682...Afternoon(12-4PM)...naveeen444@gmail.com...singanayakana halli, behind post office, yelhanka-64...mosquitoes for 1bhk (reffered by sahana)'),('XXO0P2R68R','2015-07-18 18:09:08','2015-07-21 06:30:10','af566565-addd-4406-8320-e0346cd8a6dd','9026197616','mrashidakhan7@gmail.com','B-1102, Confident Aquila,Sompura circle,sarjapur road,blore\nMONEY REFER- Rishabh\nOrder refer- Sagar',200,10,0,NULL),('Y25BRJKMV9','2015-07-14 15:46:12','2015-07-16 15:46:12','af566565-addd-4406-8320-e0346cd8a6dd','8951015042','sarfarazbaig581@gmail.com','#3038, 5th cross, water tank, k s layout, bangalore- 560078',NULL,NULL,-500,'PhysioTherapy...2015-07-16...2015-07-14...8951015042...Morning(8-12)...sarfarazbaig581@gmail.com...#3038, 5th cross, water tank, k s layout, bangalore- 560078...shoulder pain, location kumarswamy layout, under first service free , refereed by sagar , meet on sunday morning'),('Y30IXCWGLQ','2015-08-08 02:43:04','2015-08-09 05:29:19','d1f9b950-7f62-4a44-ac6d-f484d6be1165','9964083555','blinkykolkata2013@gmail.com','Hsr club',0,0,0,'Pet Care...2015-08-09...2015-08-08...9964083555...Afternoon(12-4PM)...blinkykolkata2013@gmail.com...Hsr club...Bath'),('Y3W8TJP3XZ','2015-07-11 12:17:06','2015-07-13 05:43:46','af566565-addd-4406-8320-e0346cd8a6dd','9886370182','shankard25@gmail.com','#738 15A main 3rd sector hsr layout hsr club road',340,0,0,'Pet Care...2015-07-13...2015-07-11...9886370182...Morning(8-12)...shankard25@gmail.com...#738 15A main 3rd sector hsr layout hsr club road...Dog wash saint Bernard ....'),('Y438CVZ3S7','2015-07-25 17:16:07','2015-07-27 04:47:21','af566565-addd-4406-8320-e0346cd8a6dd','7204088798','ishwardhotargaon@gmail.com',' no. 7th main, 1st cross veerabadhra swami temple, doddanagamangala, e-city post, bangalore 560100.',815,0,315,'Pest Control...2015-07-26...2015-07-25...7204088798...Morning(8-12)...ishwardhotargaon@gmail.com... no. 7th main, 1st cross veerabadhra swami temple, doddanagamangala, e-city post, bangalore 560100....1bhk flat bed bug\'s problem.'),('Y4PINDT1Y1','2015-07-07 16:02:45','2015-07-29 09:06:12','d1f9b950-7f62-4a44-ac6d-f484d6be1165','9916333791','6kishore6@gmail.com','#23 , 2nd cross 515 colony HAL 3rd stage New thippasandra, Bengaluru-560075',0,0,0,'PhysioTherapy...2015-07-09...2015-07-07...9916333791...Afternoon(12-4PM)...6kishore6@gmail.com...#23 , 2nd cross 515 colony HAL 3rd stage New thippasandra, Bengaluru-560075...lower back issue-disc bulge at l5 s1 '),('Y7NWJ4WAC0','2015-08-07 06:08:39','2015-08-08 06:08:39','af566565-addd-4406-8320-e0346cd8a6dd','8792575852','vidhansanghvi18@gmail.com','#8/1, Opposite Shradha nursing home, Near Shiva Theater, Kormangala 8th Block.',NULL,NULL,-200,'Pest Control...2015-08-08...2015-08-07...8792575852...Morning(8-12)...vidhansanghvi18@gmail.com...#8/1, Opposite Shradha nursing home, Near Shiva Theater, Kormangala 8th Block....Facing problems of Bed Bugs.\n\nOrder referred by ANKIT (9242173510)'),('YJ2L158KU2','2015-07-10 11:56:49','2015-07-11 11:56:49','af566565-addd-4406-8320-e0346cd8a6dd','7022158131','jainanimesh13@gmail.com','#2, 17th Cross, 26th Main, JP Nagar 6th Phase Bangalore.',NULL,NULL,-500,'PhysioTherapy...2015-07-11...2015-07-10...7022158131...Morning(8-12)...jainanimesh13@gmail.com...#2, 17th Cross, 26th Main, JP Nagar 6th Phase Bangalore....neck pain; location- JP Nagar; As per First service free referred by Sagar.'),('YL0SXP6KDJ','2015-07-14 11:15:55','2015-07-14 11:15:55','f01ae510-8b23-449c-b96d-ccbd1f65ab4d','9449737568','wmogdoom@yahoo.com','#71,7th cross, Balaji nagar',NULL,NULL,-500,'Pet Care...2015-07-14...2015-07-14...9449737568...Evening(4-7PM)...wmogdoom@yahoo.com...#71,7th cross, Balaji nagar...Pomrenian first free service '),('YM1APKNQSX','2015-07-16 05:26:57','2015-07-29 06:11:06','f01ae510-8b23-449c-b96d-ccbd1f65ab4d','9986137065','uma.judi@gmail.com','#76/4,30th cross,4th T block,thilak Nagar,jayanagar',0,0,0,'PhysioTherapy...2015-07-17...2015-07-16...9986137065...Evening(4-7PM)...uma.judi@gmail.com...#76/4,30th cross,4th T block,thilak Nagar,jayanagar...Shoulder pain,ref.Mogudoom'),('YQ5GSUFZ48','2015-07-16 09:48:06','2015-07-27 07:37:31','af566565-addd-4406-8320-e0346cd8a6dd','8971369697','ami.lost1185@gmail.com','house no. 9, 21st main, 19th cross, 5th phase, s.m.s layout, backside gate bohara masjid, JP nagar, 560078',0,0,0,'Pest Control...2015-07-17...2015-07-16...8971369697...Morning(8-12)...ami.lost1185@gmail.com...house no. 9, 21st main, 19th cross, 5th phase, s.m.s layout, backside gate bohara masjid, JP nagar, 560078...problem: bed bugs, for 1 room\nLocation JP Nagar,\nrecharge referal : soham, Ph:  91 7022158312\n\nordered referred by sagar paul'),('YUADDT30WV','2015-07-14 11:20:52','2015-07-14 11:20:52','f01ae510-8b23-449c-b96d-ccbd1f65ab4d','9343823345','rahulvijaykumar086@gmail.com','#71/b,7th cross ,Balaji nagar',NULL,NULL,-500,'PhysioTherapy...2015-07-14...2015-07-14...9343823345...Evening(4-7PM)...rahulvijaykumar086@gmail.com...#71/b,7th cross ,Balaji nagar...First free service referred by Mogudoom '),('YX3HGMZC50','2015-06-27 07:37:38','2015-06-30 06:52:43','af566565-addd-4406-8320-e0346cd8a6dd','9844045038','care@aurospaces.com','80/2, 15th cross, RT Street, B V K Iyanger road, chickpete, Bangalore-53',340,0,0,'Pet Care...2015-06-28...2015-06-27...9844045038...Morning(8-12)...care@aurospaces.com...80/2, 15th cross, RT Street, B V K Iyanger road, chickpete, Bangalore-53...dog wash\n\n'),('Z2JXHSQ2BC','2015-07-13 14:29:08','2015-07-14 07:38:31','d1f9b950-7f62-4a44-ac6d-f484d6be1165','9900142096','parkinn214@gmail.com','domlur club',0,0,0,'Carpentry...2015-07-14...2015-07-13...9900142096...Afternoon(12-4PM)...parkinn214@gmail.com...domlur club...carpentry work '),('ZBEC8KP5TC','2015-07-16 05:09:22','2015-07-18 05:09:22','af566565-addd-4406-8320-e0346cd8a6dd','9916997503','lopamudra.sen@gmail.com','Doddanakundi, Marathalli',NULL,NULL,-500,'Pest Control...2015-07-18...2015-07-16...9916997503...Morning(8-12)...lopamudra.sen@gmail.com...Doddanakundi, Marathalli...Need pest control for cockroaches'),('ZBJ5ZQH91Z','2015-07-14 17:45:01','2015-07-29 06:17:53','f01ae510-8b23-449c-b96d-ccbd1f65ab4d','7022158312','sohamdasgupta16@gmail.com','JP Nagar 6th phase, Jain boys hostel, behind inchara hotel, landmark- foodcity.',0,0,0,'PhysioTherapy...2015-07-16...2015-07-14...7022158312...Evening(4-7PM)...sohamdasgupta16@gmail.com...JP Nagar 6th phase, Jain boys hostel, behind inchara hotel, landmark- foodcity....acute shoulder pain, location jp nagar, under first service free, referred by sagar paul\n\nneed it on satuday (4-7 evening)'),('ZM2QB50JP9','2015-07-10 10:45:55','2015-07-29 09:22:13','f01ae510-8b23-449c-b96d-ccbd1f65ab4d','7259273968','prathima.deepamohan@gmail.com','No 177 VHBCS LYT MAHALAKSHMIPURAM 3RD CROSS NEAR MODI HOSPITAL (OR) PAVITHRA PARADISE BANGALORE 86',0,0,0,'PhysioTherapy...2015-07-10...2015-07-10...7259273968...Evening(4-7PM)...prathima.deepamohan@gmail.com...No 177 VHBCS LYT MAHALAKSHMIPURAM 3RD CROSS NEAR MODI HOSPITAL (OR) PAVITHRA PARADISE BANGALORE 86...KEE '),('ZNVRU10OHL','2015-08-05 10:26:57','2015-08-05 11:19:00','f01ae510-8b23-449c-b96d-ccbd1f65ab4d','9986701263','hayyan273@gmail.com','Noor Mahal, Bunder Road 1 Cross, Bhatkal, Uttar Kannada District, Karnataka-581320',20000,10,18000,'Nursing Care...2015-08-05...2015-08-05...9986701263...Evening(4-7PM)...hayyan273@gmail.com...Noor Mahal, Bunder Road 1 Cross, Bhatkal, Uttar Kannada District, Karnataka-581320...We are looking for a nurse who can take care of an elderly women as she is having problem of moving around and not able to fulfill her day today needs on her own.'),('ZOB2YWHL4W','2015-07-10 06:30:45','2015-07-29 09:17:37','f01ae510-8b23-449c-b96d-ccbd1f65ab4d','9916333791','6kishore6@gmail.com','#23 , 2nd cross 515 colony HAL 3rd stage New thippasandra, Bengaluru-560075',0,0,0,'PhysioTherapy...2015-07-11...2015-07-10...9916333791...Evening(4-7PM)...6kishore6@gmail.com...#23 , 2nd cross 515 colony HAL 3rd stage New thippasandra, Bengaluru-560075...Need physiotherapy, 2nd time  I need the same person who came yesterday for my treatment. i am satisfied with the service.\nProblem :  back pain ;\nCharge - ?500 as per conversation\nArea- Thippasandra\nReffered by Sagar'),('ZS5B27NUBJ','2015-07-15 08:16:38','2015-07-17 12:08:45','f01ae510-8b23-449c-b96d-ccbd1f65ab4d','9916177199','sahana@aurospaces.com','76/4 30th cross,4th T block, tilaknagar,jayanagar,bangalore-41',0,0,0,'Pet Care...2015-07-17...2015-07-15...9916177199...Evening(4-7PM)...sahana@aurospaces.com...76/4 30th cross,4th T block, tilaknagar,jayanagar,bangalore-41...pet cleaning\nreffered by sahana'),('ZT5W9UT10W','2015-07-24 06:16:01','2015-07-27 04:59:12','af566565-addd-4406-8320-e0346cd8a6dd','9886370182','shankard25@gmail.com','#738 15A main 3rd sector hsr layout hsr club road',300,0,300,'Pet Care...2015-07-25...2015-07-24...9886370182...Morning(8-12)...shankard25@gmail.com...#738 15A main 3rd sector hsr layout hsr club road...dog wash sait bernard');
/*!40000 ALTER TABLE `order_info` ENABLE KEYS */;
UNLOCK TABLES;

--
-- Table structure for table `order_location`
--

DROP TABLE IF EXISTS `order_location`;
/*!40101 SET @saved_cs_client     = @@character_set_client */;
/*!40101 SET character_set_client = utf8 */;
CREATE TABLE `order_location` (
  `locationId` varchar(50) DEFAULT NULL,
  `orderId` varchar(50) DEFAULT NULL,
  KEY `locationId` (`locationId`),
  KEY `orderId` (`orderId`),
  CONSTRAINT `order_location_ibfk_1` FOREIGN KEY (`locationId`) REFERENCES `location` (`locationId`) ON DELETE CASCADE ON UPDATE CASCADE,
  CONSTRAINT `order_location_ibfk_2` FOREIGN KEY (`orderId`) REFERENCES `order_info` (`orderId`) ON DELETE CASCADE ON UPDATE CASCADE
) ENGINE=InnoDB DEFAULT CHARSET=latin1;
/*!40101 SET character_set_client = @saved_cs_client */;

--
-- Dumping data for table `order_location`
--

LOCK TABLES `order_location` WRITE;
/*!40000 ALTER TABLE `order_location` DISABLE KEYS */;
INSERT INTO `order_location` VALUES ('1','AJFQ7K0EYM'),('1','GALOSNZN29'),('1','D1GEILXHXZ'),('4','ESDEVF3DL8'),('5','CEL8Y0639A'),('19','IKWVJFULWX'),('12','Q7O28I3D0M'),('6','8BDLIC90Y8'),('4','LERELTNTJC'),('6','7BPPI9BG6H'),('17','4YLDDRWRGN'),('5','RN4RRPOZIC'),('6','PB92RB6M8F'),('4','BB5XV2Y59A'),('4','AHQAMSIGDL'),('4','BH951FDWRV'),('21','VMACP2Z9OQ'),('1','IFOWTREAZ6'),('11','4CGKGVYSJR'),('19','QQYFHYXLZH'),('1','8V6FZ6NWS6'),('12','COBHO73H1E'),('1','1V8ZBXPO00'),('2','VKSIVSJN6H'),('8','11521LUKDS'),('12','D5KR6CWK6D'),('16','1JTCNE7O78'),('4','LPG9AQP38I'),('15','U3C40PCGIA'),('5','PE0NHT6ETU'),('8','PLTP7XYBQI'),('12','YX3HGMZC50'),('8','6I34U7D22W'),('5','2Z2CEZUHTG'),('15','M1E879XYK7'),('12','PVL3HEYJLZ'),('1','CBI3750XAW'),('5','QR0GPCWNHF'),('3','DQEW8UWLHO'),('5','6ETOQB62DU'),('1','MFE5L7YDMT'),('5','D3O99NMKOL'),('18','LFNJ96KUL3'),('8','G50K2H5JKE'),('9','DPNXNRX1ZC'),('6','UXEH2MRQCI'),('1','RJ4SIT6DK2'),('1','03MYHP0WZG'),('1','4AE3YID3S5'),('1','J412HJS55N'),('1','Q8CS0QBS1R'),('1','0CYPVHNOCW'),('17','JGL1060LYV'),('8','LA7NOM3EK3'),('1','KNZGR7BVX7'),('12','EANF1ODE03'),('12','Y4PINDT1Y1'),('6','KNQHH90NWD'),('8','8W46N8WL3M'),('10','0X8NS0NLP9'),('12','2HCX5OKT8R'),('6','7QWJ2PZJTM'),('1','PQ3UGQVEJE'),('12','912WF8O4A2'),('6','IHNS1YS5DQ'),('6','SHOBLLY3XV'),('1','5HEQP9L7A4'),('1','VIDKGSHSN6'),('1','E6OYLV5SWX'),('12','FIJD0AW4S4'),('12','B9DWX5BSNG'),('1','QC0416J0AX'),('18','UZ4NNLGNWD'),('23','KWESE9ALZF'),('8','T56WGDOPRE'),('12','SUMA7BOHJY'),('2','B3PK2UESN8'),('12','393G58PMAY'),('12','ZOB2YWHL4W'),('12','5AXRBGHLMU'),('1','P177TIL9ZZ'),('12','ZM2QB50JP9'),('12','YJ2L158KU2'),('8','68HSLEODQR'),('15','MWUPHUIWGZ'),('8','0V7QWRDFN0'),('12','IBBTZMJ9EI'),('1','LABSM08GD7'),('12','WNNY2GLAA4'),('1','BQCPSXRJKW'),('1','Y3W8TJP3XZ'),('1','O9A1L5UNVO'),('1','1NEPYAWYMY'),('1','JHBMMQR429'),('12','DDY685ZQYM'),('2','J8C8GEDD22'),('1','HQDBQ5GZ94'),('1','HKKU6A5ZQF'),('19','VOH5AN8CXX'),('19','XDT8WZ9G0R'),('12','9D4EJRHBVD'),('12','Z2JXHSQ2BC'),('16','6RT38CUAI5'),('2','B8VHVUR6OI'),('12','DOPH9G089G'),('22','MQG5SUS9S1'),('12','Q4XFEECQMK'),('12','8UBJXIR0MV'),('12','0ECTWJ9QBO'),('12','OFCOBCVC1O'),('12','15Z1D5JSYV'),('12','2RRLHWL6C4'),('12','DF0GVTMIZ5'),('12','T5FT67FGRF'),('22','00FWY3F7HA'),('18','NYQ2TRFSD5'),('18','SEZNPGUTPR'),('22','A6O73XT1OI'),('18','QKNT5F916X'),('12','VX5ZVGW69F'),('22','X66NTDHE1Z'),('22','YL0SXP6KDJ'),('22','IXYUZOZBKU'),('22','JWKO27KF0J'),('22','YUADDT30WV'),('22','UQ84IOY562'),('22','PCGEWGF9CM'),('12','DPB2I780GI'),('12','3HJ6NC2X9F'),('12','5JML1GERMJ'),('12','AUV97HUUFM'),('22','2GFWOT7X06'),('12','I55OD8S42T'),('12','Y25BRJKMV9'),('12','DVQV9STNC0'),('6','AX8VL9V83G'),('12','ZBJ5ZQH91Z'),('13','7D20R0LBKJ'),('12','7G6EI8WF3X'),('12','FIPZ3VOM9C'),('21','3C7WPENLAC'),('6','RW4CVRB4LJ'),('12','OG5G8O25LH'),('12','F5FSEZP03G'),('12','ZS5B27NUBJ'),('12','RN6G5K52KA'),('12','IZ4JCMERFR'),('12','WMPZD8J97Y'),('12','1D6I2AUMBK'),('12','831L5TZLF2'),('12','8E9UYAFAHG'),('12','V3W5MFC3P3'),('6','Q0N7WYOQWG'),('9','ZBEC8KP5TC'),('12','6L2MM99LK8'),('12','YM1APKNQSX'),('12','OUBY40UVYD'),('1','TCGPT54I0U'),('6','GEKU5FZBC9'),('1','OHXT4LKGNC'),('12','76G5Y9WM0T'),('12','YQ5GSUFZ48'),('12','J349CRRQOV'),('12','NMH785V8CU'),('16','W4QI0OJGT2'),('12','7N1K8AOHGV'),('12','7EWVK3JLB1'),('12','JFOXK3VP4G'),('12','L49JDUFEAO'),('12','X3V7YET31A'),('12','ORS2Q2IC9C'),('12','ORNW1PSR0C'),('12','7B1UDYPNIB'),('12','IZKRI6PMQA'),('12','3VAH0R8DUD'),('12','Q7E4JFFLQV'),('12','77UOR1K5NS'),('12','FH6TR3WCA2'),('12','PCU9RG39S2'),('22','LJG8OJ95V5'),('12','H253L0BE8B'),('12','BJWDBSDLUS'),('1','I1TWR4BVLR'),('8','BFYY8RFMUN'),('12','IHNEIHOQ1A'),('12','EYLPC0VS9X'),('12','4BYQNSUUA5'),('12','IP15GQ7IKJ'),('6','QUYMWMT76H'),('6','SH8VY28SP4'),('2','P1R0B3ODWS'),('8','18KRNAS8VI'),('12','LMTUCGZ893'),('1','D9CECE2JX5'),('12','R6HO2O2V8D'),('2','D3BHPTYS0W'),('6','4MOPKRLDI9'),('6','GPP59GDWSC'),('3','D5F7JL6U4H'),('3','XXO0P2R68R'),('3','3NP8NRYL5P'),('3','PP2USD4FQY'),('3','NDRJDMMMLY'),('3','760065HUNC'),('6','RRX3JYIGQE'),('12','5HV34X0RZ6'),('6','4IPG2XEWYW'),('12','8Y4NNOPNUO'),('12','DQ0JQO5SI2'),('2','CFLYU8R96V'),('8','QOMBKD7ATT'),('5','AD9FUIREOQ'),('12','3N4M45YBQ5'),('22','NWWOHQUE6I'),('12','GN3262LKCA'),('16','OZ7E0M1GPM'),('18','9QNXSRWCL5'),('1','ZT5W9UT10W'),('5','NX2NR0W573'),('5','Y438CVZ3S7'),('1','CAZMNQH23R'),('20','N392I4GUTT'),('5','BKANAB4ZKH'),('5','6XM37DEYD7'),('22','V2WLNNF0C9'),('12','ANF6SUSNB1'),('12','PGEFOEHWIU'),('12','G3C0MOSH5D'),('12','XSNIWK9P4V'),('12','UD7ZHXBPTY'),('21','2IEZR7GLOD'),('6','HYNWPGQ1Q3'),('6','PNP52U70JM'),('19','1KTJN02O57'),('12','QRAKGQMJHC'),('12','BZBSVOWAMR'),('1','3UFUDIAMKY'),('16','9SPUK8F0A3'),('5','RQ5FJXJ2K7'),('16','Q1KED3S3RJ'),('1','CUJVLD4W0T'),('4','IC0OJ7ZN63'),('12','ZNVRU10OHL'),('12','MTFABP2DJ5'),('4','HW0ROY9S7A'),('8','Y7NWJ4WAC0'),('12','SVP7VISQ37'),('12','GPX3VT5NRY'),('6','QW4UHZVN0P'),('1','Y30IXCWGLQ'),('6','75O5KV4JXY'),('10','RX2AKOTXOV'),('10','F0A4NRSBUJ');
/*!40000 ALTER TABLE `order_location` ENABLE KEYS */;
UNLOCK TABLES;

--
-- Table structure for table `order_package`
--

DROP TABLE IF EXISTS `order_package`;
/*!40101 SET @saved_cs_client     = @@character_set_client */;
/*!40101 SET character_set_client = utf8 */;
CREATE TABLE `order_package` (
  `orderId` varchar(50) DEFAULT NULL,
  `packageId` varchar(50) DEFAULT NULL,
  KEY `orderId` (`orderId`),
  KEY `packageId` (`packageId`),
  CONSTRAINT `order_package_ibfk_1` FOREIGN KEY (`orderId`) REFERENCES `order_info` (`orderId`) ON DELETE CASCADE ON UPDATE CASCADE,
  CONSTRAINT `order_package_ibfk_2` FOREIGN KEY (`packageId`) REFERENCES `pathology_packages` (`packageId`) ON DELETE CASCADE ON UPDATE CASCADE
) ENGINE=InnoDB DEFAULT CHARSET=latin1;
/*!40101 SET character_set_client = @saved_cs_client */;

--
-- Dumping data for table `order_package`
--

LOCK TABLES `order_package` WRITE;
/*!40000 ALTER TABLE `order_package` DISABLE KEYS */;
INSERT INTO `order_package` VALUES ('AHQAMSIGDL','1802fec0-d2e0-4d35-9be7-960822ab9fb3'),('BH951FDWRV','1802fec0-d2e0-4d35-9be7-960822ab9fb3');
/*!40000 ALTER TABLE `order_package` ENABLE KEYS */;
UNLOCK TABLES;

--
-- Table structure for table `order_service`
--

DROP TABLE IF EXISTS `order_service`;
/*!40101 SET @saved_cs_client     = @@character_set_client */;
/*!40101 SET character_set_client = utf8 */;
CREATE TABLE `order_service` (
  `orderId` varchar(50) DEFAULT NULL,
  `serviceId` varchar(50) DEFAULT NULL,
  KEY `orderId` (`orderId`),
  KEY `serviceId` (`serviceId`),
  CONSTRAINT `order_service_ibfk_1` FOREIGN KEY (`orderId`) REFERENCES `order_info` (`orderId`) ON DELETE CASCADE ON UPDATE CASCADE,
  CONSTRAINT `order_service_ibfk_2` FOREIGN KEY (`serviceId`) REFERENCES `services` (`serviceId`) ON DELETE CASCADE ON UPDATE CASCADE
) ENGINE=InnoDB DEFAULT CHARSET=latin1;
/*!40101 SET character_set_client = @saved_cs_client */;

--
-- Dumping data for table `order_service`
--

LOCK TABLES `order_service` WRITE;
/*!40000 ALTER TABLE `order_service` DISABLE KEYS */;
INSERT INTO `order_service` VALUES ('AJFQ7K0EYM','80c1bbf0-f570-4604-a795-818076dd87e5'),('GALOSNZN29','1b867019-e781-4726-930d-e3a44dbb6fac'),('D1GEILXHXZ','21db609d-8a05-4a05-9f6d-4ef37e875ea8'),('ESDEVF3DL8','687a7dae-464f-43a0-a617-4f93a986949f'),('CEL8Y0639A','29d5b0e3-b3b0-4e43-8840-808750518242'),('IKWVJFULWX','21db609d-8a05-4a05-9f6d-4ef37e875ea8'),('Q7O28I3D0M','6aac2225-8b45-4df7-8875-f712c07f2d49'),('8BDLIC90Y8','a6c15070-aee6-40b9-bed6-48c844d86e18'),('LERELTNTJC','158ff822-3af6-4b60-95a9-202c7e73eaae'),('7BPPI9BG6H','f6e225dd-f7e1-4d68-a476-b885e37caf33'),('4YLDDRWRGN','6aac2225-8b45-4df7-8875-f712c07f2d49'),('RN4RRPOZIC','dd8d1e0f-cbe3-44ff-9cbc-1497e1680437'),('PB92RB6M8F','a6c15070-aee6-40b9-bed6-48c844d86e18'),('BB5XV2Y59A','687a7dae-464f-43a0-a617-4f93a986949f'),('AHQAMSIGDL','687a7dae-464f-43a0-a617-4f93a986949f'),('BH951FDWRV','687a7dae-464f-43a0-a617-4f93a986949f'),('VMACP2Z9OQ','80c1bbf0-f570-4604-a795-818076dd87e5'),('IFOWTREAZ6','80c1bbf0-f570-4604-a795-818076dd87e5'),('4CGKGVYSJR','f6e225dd-f7e1-4d68-a476-b885e37caf33'),('QQYFHYXLZH','21db609d-8a05-4a05-9f6d-4ef37e875ea8'),('8V6FZ6NWS6','21db609d-8a05-4a05-9f6d-4ef37e875ea8'),('COBHO73H1E','dd8d1e0f-cbe3-44ff-9cbc-1497e1680437'),('1V8ZBXPO00','dd8d1e0f-cbe3-44ff-9cbc-1497e1680437'),('VKSIVSJN6H','80c1bbf0-f570-4604-a795-818076dd87e5'),('11521LUKDS','80c1bbf0-f570-4604-a795-818076dd87e5'),('D5KR6CWK6D','5f0415dd-7e67-4d2c-bdb8-6a5b58c4f94e'),('1JTCNE7O78','730fbb84-7784-4369-bf8d-2dfcfe1c4cab'),('LPG9AQP38I','21db609d-8a05-4a05-9f6d-4ef37e875ea8'),('U3C40PCGIA','730fbb84-7784-4369-bf8d-2dfcfe1c4cab'),('PE0NHT6ETU','80c1bbf0-f570-4604-a795-818076dd87e5'),('PLTP7XYBQI','a6c15070-aee6-40b9-bed6-48c844d86e18'),('YX3HGMZC50','5f0415dd-7e67-4d2c-bdb8-6a5b58c4f94e'),('6I34U7D22W','a6c15070-aee6-40b9-bed6-48c844d86e18'),('2Z2CEZUHTG','80c1bbf0-f570-4604-a795-818076dd87e5'),('M1E879XYK7','21db609d-8a05-4a05-9f6d-4ef37e875ea8'),('PVL3HEYJLZ','21db609d-8a05-4a05-9f6d-4ef37e875ea8'),('CBI3750XAW','158ff822-3af6-4b60-95a9-202c7e73eaae'),('QR0GPCWNHF','80c1bbf0-f570-4604-a795-818076dd87e5'),('DQEW8UWLHO','a6c15070-aee6-40b9-bed6-48c844d86e18'),('6ETOQB62DU','80c1bbf0-f570-4604-a795-818076dd87e5'),('MFE5L7YDMT','a6c15070-aee6-40b9-bed6-48c844d86e18'),('D3O99NMKOL','80c1bbf0-f570-4604-a795-818076dd87e5'),('LFNJ96KUL3','80c1bbf0-f570-4604-a795-818076dd87e5'),('G50K2H5JKE','a6c15070-aee6-40b9-bed6-48c844d86e18'),('DPNXNRX1ZC','21db609d-8a05-4a05-9f6d-4ef37e875ea8'),('UXEH2MRQCI','1b867019-e781-4726-930d-e3a44dbb6fac'),('RJ4SIT6DK2','1b867019-e781-4726-930d-e3a44dbb6fac'),('03MYHP0WZG','1b867019-e781-4726-930d-e3a44dbb6fac'),('4AE3YID3S5','80c1bbf0-f570-4604-a795-818076dd87e5'),('J412HJS55N','a6c15070-aee6-40b9-bed6-48c844d86e18'),('Q8CS0QBS1R','5f0415dd-7e67-4d2c-bdb8-6a5b58c4f94e'),('0CYPVHNOCW','5f0415dd-7e67-4d2c-bdb8-6a5b58c4f94e'),('JGL1060LYV','5f0415dd-7e67-4d2c-bdb8-6a5b58c4f94e'),('LA7NOM3EK3','f6e225dd-f7e1-4d68-a476-b885e37caf33'),('KNZGR7BVX7','a6c15070-aee6-40b9-bed6-48c844d86e18'),('EANF1ODE03','730fbb84-7784-4369-bf8d-2dfcfe1c4cab'),('Y4PINDT1Y1','21db609d-8a05-4a05-9f6d-4ef37e875ea8'),('KNQHH90NWD','80c1bbf0-f570-4604-a795-818076dd87e5'),('8W46N8WL3M','a6c15070-aee6-40b9-bed6-48c844d86e18'),('0X8NS0NLP9','5f0415dd-7e67-4d2c-bdb8-6a5b58c4f94e'),('2HCX5OKT8R','730fbb84-7784-4369-bf8d-2dfcfe1c4cab'),('7QWJ2PZJTM','a6c15070-aee6-40b9-bed6-48c844d86e18'),('PQ3UGQVEJE','80c1bbf0-f570-4604-a795-818076dd87e5'),('912WF8O4A2','730fbb84-7784-4369-bf8d-2dfcfe1c4cab'),('IHNS1YS5DQ','5f0415dd-7e67-4d2c-bdb8-6a5b58c4f94e'),('SHOBLLY3XV','730fbb84-7784-4369-bf8d-2dfcfe1c4cab'),('5HEQP9L7A4','1b867019-e781-4726-930d-e3a44dbb6fac'),('VIDKGSHSN6','a6c15070-aee6-40b9-bed6-48c844d86e18'),('E6OYLV5SWX','5f0415dd-7e67-4d2c-bdb8-6a5b58c4f94e'),('FIJD0AW4S4','5f0415dd-7e67-4d2c-bdb8-6a5b58c4f94e'),('B9DWX5BSNG','5f0415dd-7e67-4d2c-bdb8-6a5b58c4f94e'),('QC0416J0AX','21db609d-8a05-4a05-9f6d-4ef37e875ea8'),('UZ4NNLGNWD','a6c15070-aee6-40b9-bed6-48c844d86e18'),('KWESE9ALZF','1b867019-e781-4726-930d-e3a44dbb6fac'),('T56WGDOPRE','5f0415dd-7e67-4d2c-bdb8-6a5b58c4f94e'),('SUMA7BOHJY','730fbb84-7784-4369-bf8d-2dfcfe1c4cab'),('B3PK2UESN8','730fbb84-7784-4369-bf8d-2dfcfe1c4cab'),('393G58PMAY','21db609d-8a05-4a05-9f6d-4ef37e875ea8'),('ZOB2YWHL4W','21db609d-8a05-4a05-9f6d-4ef37e875ea8'),('5AXRBGHLMU','21db609d-8a05-4a05-9f6d-4ef37e875ea8'),('P177TIL9ZZ','1b867019-e781-4726-930d-e3a44dbb6fac'),('ZM2QB50JP9','21db609d-8a05-4a05-9f6d-4ef37e875ea8'),('YJ2L158KU2','21db609d-8a05-4a05-9f6d-4ef37e875ea8'),('68HSLEODQR','21db609d-8a05-4a05-9f6d-4ef37e875ea8'),('MWUPHUIWGZ','730fbb84-7784-4369-bf8d-2dfcfe1c4cab'),('0V7QWRDFN0','a6c15070-aee6-40b9-bed6-48c844d86e18'),('IBBTZMJ9EI','21db609d-8a05-4a05-9f6d-4ef37e875ea8'),('LABSM08GD7','5f0415dd-7e67-4d2c-bdb8-6a5b58c4f94e'),('WNNY2GLAA4','21db609d-8a05-4a05-9f6d-4ef37e875ea8'),('BQCPSXRJKW','80c1bbf0-f570-4604-a795-818076dd87e5'),('Y3W8TJP3XZ','5f0415dd-7e67-4d2c-bdb8-6a5b58c4f94e'),('O9A1L5UNVO','730fbb84-7784-4369-bf8d-2dfcfe1c4cab'),('1NEPYAWYMY','730fbb84-7784-4369-bf8d-2dfcfe1c4cab'),('JHBMMQR429','21db609d-8a05-4a05-9f6d-4ef37e875ea8'),('DDY685ZQYM','dd8d1e0f-cbe3-44ff-9cbc-1497e1680437'),('J8C8GEDD22','1b867019-e781-4726-930d-e3a44dbb6fac'),('HQDBQ5GZ94','a6c15070-aee6-40b9-bed6-48c844d86e18'),('HKKU6A5ZQF','a6c15070-aee6-40b9-bed6-48c844d86e18'),('VOH5AN8CXX','80c1bbf0-f570-4604-a795-818076dd87e5'),('XDT8WZ9G0R','80c1bbf0-f570-4604-a795-818076dd87e5'),('9D4EJRHBVD','80c1bbf0-f570-4604-a795-818076dd87e5'),('Z2JXHSQ2BC','80c1bbf0-f570-4604-a795-818076dd87e5'),('6RT38CUAI5','730fbb84-7784-4369-bf8d-2dfcfe1c4cab'),('B8VHVUR6OI','a6c15070-aee6-40b9-bed6-48c844d86e18'),('DOPH9G089G','730fbb84-7784-4369-bf8d-2dfcfe1c4cab'),('MQG5SUS9S1','a6c15070-aee6-40b9-bed6-48c844d86e18'),('Q4XFEECQMK','21db609d-8a05-4a05-9f6d-4ef37e875ea8'),('8UBJXIR0MV','21db609d-8a05-4a05-9f6d-4ef37e875ea8'),('0ECTWJ9QBO','21db609d-8a05-4a05-9f6d-4ef37e875ea8'),('OFCOBCVC1O','730fbb84-7784-4369-bf8d-2dfcfe1c4cab'),('15Z1D5JSYV','730fbb84-7784-4369-bf8d-2dfcfe1c4cab'),('2RRLHWL6C4','730fbb84-7784-4369-bf8d-2dfcfe1c4cab'),('DF0GVTMIZ5','730fbb84-7784-4369-bf8d-2dfcfe1c4cab'),('T5FT67FGRF','730fbb84-7784-4369-bf8d-2dfcfe1c4cab'),('00FWY3F7HA','a6c15070-aee6-40b9-bed6-48c844d86e18'),('NYQ2TRFSD5','21db609d-8a05-4a05-9f6d-4ef37e875ea8'),('SEZNPGUTPR','5f0415dd-7e67-4d2c-bdb8-6a5b58c4f94e'),('A6O73XT1OI','21db609d-8a05-4a05-9f6d-4ef37e875ea8'),('QKNT5F916X','730fbb84-7784-4369-bf8d-2dfcfe1c4cab'),('VX5ZVGW69F','730fbb84-7784-4369-bf8d-2dfcfe1c4cab'),('X66NTDHE1Z','730fbb84-7784-4369-bf8d-2dfcfe1c4cab'),('YL0SXP6KDJ','5f0415dd-7e67-4d2c-bdb8-6a5b58c4f94e'),('IXYUZOZBKU','21db609d-8a05-4a05-9f6d-4ef37e875ea8'),('JWKO27KF0J','730fbb84-7784-4369-bf8d-2dfcfe1c4cab'),('YUADDT30WV','21db609d-8a05-4a05-9f6d-4ef37e875ea8'),('UQ84IOY562','a6c15070-aee6-40b9-bed6-48c844d86e18'),('PCGEWGF9CM','21db609d-8a05-4a05-9f6d-4ef37e875ea8'),('DPB2I780GI','21db609d-8a05-4a05-9f6d-4ef37e875ea8'),('3HJ6NC2X9F','21db609d-8a05-4a05-9f6d-4ef37e875ea8'),('5JML1GERMJ','21db609d-8a05-4a05-9f6d-4ef37e875ea8'),('AUV97HUUFM','21db609d-8a05-4a05-9f6d-4ef37e875ea8'),('2GFWOT7X06','1b867019-e781-4726-930d-e3a44dbb6fac'),('I55OD8S42T','f6e225dd-f7e1-4d68-a476-b885e37caf33'),('Y25BRJKMV9','21db609d-8a05-4a05-9f6d-4ef37e875ea8'),('DVQV9STNC0','21db609d-8a05-4a05-9f6d-4ef37e875ea8'),('AX8VL9V83G','687a7dae-464f-43a0-a617-4f93a986949f'),('ZBJ5ZQH91Z','21db609d-8a05-4a05-9f6d-4ef37e875ea8'),('7D20R0LBKJ','5f0415dd-7e67-4d2c-bdb8-6a5b58c4f94e'),('7G6EI8WF3X','730fbb84-7784-4369-bf8d-2dfcfe1c4cab'),('FIPZ3VOM9C','21db609d-8a05-4a05-9f6d-4ef37e875ea8'),('3C7WPENLAC','21db609d-8a05-4a05-9f6d-4ef37e875ea8'),('RW4CVRB4LJ','21db609d-8a05-4a05-9f6d-4ef37e875ea8'),('OG5G8O25LH','730fbb84-7784-4369-bf8d-2dfcfe1c4cab'),('F5FSEZP03G','21db609d-8a05-4a05-9f6d-4ef37e875ea8'),('ZS5B27NUBJ','5f0415dd-7e67-4d2c-bdb8-6a5b58c4f94e'),('RN6G5K52KA','5f0415dd-7e67-4d2c-bdb8-6a5b58c4f94e'),('IZ4JCMERFR','730fbb84-7784-4369-bf8d-2dfcfe1c4cab'),('WMPZD8J97Y','1b867019-e781-4726-930d-e3a44dbb6fac'),('1D6I2AUMBK','730fbb84-7784-4369-bf8d-2dfcfe1c4cab'),('831L5TZLF2','730fbb84-7784-4369-bf8d-2dfcfe1c4cab'),('8E9UYAFAHG','a6c15070-aee6-40b9-bed6-48c844d86e18'),('V3W5MFC3P3','730fbb84-7784-4369-bf8d-2dfcfe1c4cab'),('Q0N7WYOQWG','a6c15070-aee6-40b9-bed6-48c844d86e18'),('ZBEC8KP5TC','730fbb84-7784-4369-bf8d-2dfcfe1c4cab'),('6L2MM99LK8','21db609d-8a05-4a05-9f6d-4ef37e875ea8'),('YM1APKNQSX','21db609d-8a05-4a05-9f6d-4ef37e875ea8'),('OUBY40UVYD','21db609d-8a05-4a05-9f6d-4ef37e875ea8'),('TCGPT54I0U','80c1bbf0-f570-4604-a795-818076dd87e5'),('GEKU5FZBC9','730fbb84-7784-4369-bf8d-2dfcfe1c4cab'),('OHXT4LKGNC','730fbb84-7784-4369-bf8d-2dfcfe1c4cab'),('76G5Y9WM0T','21db609d-8a05-4a05-9f6d-4ef37e875ea8'),('YQ5GSUFZ48','730fbb84-7784-4369-bf8d-2dfcfe1c4cab'),('J349CRRQOV','730fbb84-7784-4369-bf8d-2dfcfe1c4cab'),('NMH785V8CU','21db609d-8a05-4a05-9f6d-4ef37e875ea8'),('W4QI0OJGT2','730fbb84-7784-4369-bf8d-2dfcfe1c4cab'),('7N1K8AOHGV','730fbb84-7784-4369-bf8d-2dfcfe1c4cab'),('7EWVK3JLB1','5f0415dd-7e67-4d2c-bdb8-6a5b58c4f94e'),('JFOXK3VP4G','21db609d-8a05-4a05-9f6d-4ef37e875ea8'),('L49JDUFEAO','21db609d-8a05-4a05-9f6d-4ef37e875ea8'),('X3V7YET31A','21db609d-8a05-4a05-9f6d-4ef37e875ea8'),('ORS2Q2IC9C','21db609d-8a05-4a05-9f6d-4ef37e875ea8'),('ORNW1PSR0C','21db609d-8a05-4a05-9f6d-4ef37e875ea8'),('7B1UDYPNIB','21db609d-8a05-4a05-9f6d-4ef37e875ea8'),('IZKRI6PMQA','730fbb84-7784-4369-bf8d-2dfcfe1c4cab'),('3VAH0R8DUD','21db609d-8a05-4a05-9f6d-4ef37e875ea8'),('Q7E4JFFLQV','21db609d-8a05-4a05-9f6d-4ef37e875ea8'),('77UOR1K5NS','730fbb84-7784-4369-bf8d-2dfcfe1c4cab'),('FH6TR3WCA2','21db609d-8a05-4a05-9f6d-4ef37e875ea8'),('PCU9RG39S2','21db609d-8a05-4a05-9f6d-4ef37e875ea8'),('LJG8OJ95V5','730fbb84-7784-4369-bf8d-2dfcfe1c4cab'),('H253L0BE8B','730fbb84-7784-4369-bf8d-2dfcfe1c4cab'),('BJWDBSDLUS','5f0415dd-7e67-4d2c-bdb8-6a5b58c4f94e'),('I1TWR4BVLR','a6c15070-aee6-40b9-bed6-48c844d86e18'),('BFYY8RFMUN','80c1bbf0-f570-4604-a795-818076dd87e5'),('IHNEIHOQ1A','730fbb84-7784-4369-bf8d-2dfcfe1c4cab'),('EYLPC0VS9X','80c1bbf0-f570-4604-a795-818076dd87e5'),('4BYQNSUUA5','21db609d-8a05-4a05-9f6d-4ef37e875ea8'),('IP15GQ7IKJ','21db609d-8a05-4a05-9f6d-4ef37e875ea8'),('QUYMWMT76H','687a7dae-464f-43a0-a617-4f93a986949f'),('SH8VY28SP4','687a7dae-464f-43a0-a617-4f93a986949f'),('P1R0B3ODWS','730fbb84-7784-4369-bf8d-2dfcfe1c4cab'),('18KRNAS8VI','5f0415dd-7e67-4d2c-bdb8-6a5b58c4f94e'),('LMTUCGZ893','730fbb84-7784-4369-bf8d-2dfcfe1c4cab'),('D9CECE2JX5','1b867019-e781-4726-930d-e3a44dbb6fac'),('R6HO2O2V8D','730fbb84-7784-4369-bf8d-2dfcfe1c4cab'),('D3BHPTYS0W','730fbb84-7784-4369-bf8d-2dfcfe1c4cab'),('4MOPKRLDI9','a6c15070-aee6-40b9-bed6-48c844d86e18'),('GPP59GDWSC','687a7dae-464f-43a0-a617-4f93a986949f'),('D5F7JL6U4H','687a7dae-464f-43a0-a617-4f93a986949f'),('XXO0P2R68R','687a7dae-464f-43a0-a617-4f93a986949f'),('3NP8NRYL5P','687a7dae-464f-43a0-a617-4f93a986949f'),('PP2USD4FQY','687a7dae-464f-43a0-a617-4f93a986949f'),('NDRJDMMMLY','687a7dae-464f-43a0-a617-4f93a986949f'),('760065HUNC','687a7dae-464f-43a0-a617-4f93a986949f'),('RRX3JYIGQE','a6c15070-aee6-40b9-bed6-48c844d86e18'),('5HV34X0RZ6','21db609d-8a05-4a05-9f6d-4ef37e875ea8'),('4IPG2XEWYW','687a7dae-464f-43a0-a617-4f93a986949f'),('8Y4NNOPNUO','21db609d-8a05-4a05-9f6d-4ef37e875ea8'),('DQ0JQO5SI2','80c1bbf0-f570-4604-a795-818076dd87e5'),('CFLYU8R96V','730fbb84-7784-4369-bf8d-2dfcfe1c4cab'),('QOMBKD7ATT','1b867019-e781-4726-930d-e3a44dbb6fac'),('AD9FUIREOQ','80c1bbf0-f570-4604-a795-818076dd87e5'),('3N4M45YBQ5','730fbb84-7784-4369-bf8d-2dfcfe1c4cab'),('NWWOHQUE6I','a6c15070-aee6-40b9-bed6-48c844d86e18'),('GN3262LKCA','21db609d-8a05-4a05-9f6d-4ef37e875ea8'),('OZ7E0M1GPM','21db609d-8a05-4a05-9f6d-4ef37e875ea8'),('9QNXSRWCL5','dd8d1e0f-cbe3-44ff-9cbc-1497e1680437'),('ZT5W9UT10W','5f0415dd-7e67-4d2c-bdb8-6a5b58c4f94e'),('NX2NR0W573','80c1bbf0-f570-4604-a795-818076dd87e5'),('Y438CVZ3S7','730fbb84-7784-4369-bf8d-2dfcfe1c4cab'),('CAZMNQH23R','1b867019-e781-4726-930d-e3a44dbb6fac'),('N392I4GUTT','f6e225dd-f7e1-4d68-a476-b885e37caf33'),('BKANAB4ZKH','80c1bbf0-f570-4604-a795-818076dd87e5'),('6XM37DEYD7','a6c15070-aee6-40b9-bed6-48c844d86e18'),('V2WLNNF0C9','5f0415dd-7e67-4d2c-bdb8-6a5b58c4f94e'),('ANF6SUSNB1','730fbb84-7784-4369-bf8d-2dfcfe1c4cab'),('PGEFOEHWIU','730fbb84-7784-4369-bf8d-2dfcfe1c4cab'),('G3C0MOSH5D','21db609d-8a05-4a05-9f6d-4ef37e875ea8'),('XSNIWK9P4V','730fbb84-7784-4369-bf8d-2dfcfe1c4cab'),('UD7ZHXBPTY','730fbb84-7784-4369-bf8d-2dfcfe1c4cab'),('2IEZR7GLOD','1b867019-e781-4726-930d-e3a44dbb6fac'),('HYNWPGQ1Q3','a6c15070-aee6-40b9-bed6-48c844d86e18'),('PNP52U70JM','a6c15070-aee6-40b9-bed6-48c844d86e18'),('1KTJN02O57','1b867019-e781-4726-930d-e3a44dbb6fac'),('QRAKGQMJHC','730fbb84-7784-4369-bf8d-2dfcfe1c4cab'),('BZBSVOWAMR','730fbb84-7784-4369-bf8d-2dfcfe1c4cab'),('3UFUDIAMKY','80c1bbf0-f570-4604-a795-818076dd87e5'),('9SPUK8F0A3','a6c15070-aee6-40b9-bed6-48c844d86e18'),('RQ5FJXJ2K7','80c1bbf0-f570-4604-a795-818076dd87e5'),('Q1KED3S3RJ','1b867019-e781-4726-930d-e3a44dbb6fac'),('CUJVLD4W0T','1b867019-e781-4726-930d-e3a44dbb6fac'),('IC0OJ7ZN63','730fbb84-7784-4369-bf8d-2dfcfe1c4cab'),('ZNVRU10OHL','6aac2225-8b45-4df7-8875-f712c07f2d49'),('MTFABP2DJ5','80c1bbf0-f570-4604-a795-818076dd87e5'),('HW0ROY9S7A','80c1bbf0-f570-4604-a795-818076dd87e5'),('Y7NWJ4WAC0','730fbb84-7784-4369-bf8d-2dfcfe1c4cab'),('SVP7VISQ37','730fbb84-7784-4369-bf8d-2dfcfe1c4cab'),('GPX3VT5NRY','730fbb84-7784-4369-bf8d-2dfcfe1c4cab'),('QW4UHZVN0P','1b867019-e781-4726-930d-e3a44dbb6fac'),('Y30IXCWGLQ','5f0415dd-7e67-4d2c-bdb8-6a5b58c4f94e'),('75O5KV4JXY','1b867019-e781-4726-930d-e3a44dbb6fac'),('RX2AKOTXOV','5f0415dd-7e67-4d2c-bdb8-6a5b58c4f94e'),('F0A4NRSBUJ','5f0415dd-7e67-4d2c-bdb8-6a5b58c4f94e');
/*!40000 ALTER TABLE `order_service` ENABLE KEYS */;
UNLOCK TABLES;

--
-- Table structure for table `order_status`
--

DROP TABLE IF EXISTS `order_status`;
/*!40101 SET @saved_cs_client     = @@character_set_client */;
/*!40101 SET character_set_client = utf8 */;
CREATE TABLE `order_status` (
  `orderId` varchar(40) DEFAULT '',
  `statusId` varchar(40) DEFAULT '',
  `updatedDate` datetime DEFAULT NULL,
  `updatedBy` varchar(40) DEFAULT NULL,
  KEY `order_status_ibfk_2` (`statusId`),
  KEY `orderId` (`orderId`),
  CONSTRAINT `order_status_ibfk_1` FOREIGN KEY (`orderId`) REFERENCES `order_info` (`orderId`) ON DELETE CASCADE ON UPDATE CASCADE,
  CONSTRAINT `order_status_ibfk_2` FOREIGN KEY (`statusId`) REFERENCES `status` (`statusId`) ON DELETE CASCADE ON UPDATE CASCADE
) ENGINE=InnoDB DEFAULT CHARSET=latin1;
/*!40101 SET character_set_client = @saved_cs_client */;

--
-- Dumping data for table `order_status`
--

LOCK TABLES `order_status` WRITE;
/*!40000 ALTER TABLE `order_status` DISABLE KEYS */;
INSERT INTO `order_status` VALUES ('AJFQ7K0EYM','75f25f83-d208-429c-884a-0832306c1942','2015-05-30 07:27:35','9ba2f0d7-9679-4696-945c-a95faf2f1411'),('GALOSNZN29','82509de5-e98b-4ff7-b83c-c93dc604667e','2015-05-30 07:29:41','9ba2f0d7-9679-4696-945c-a95faf2f1411'),('D1GEILXHXZ','9f196ee0-7aad-4eed-b876-b35cd1af2dc2','2015-05-30 13:55:37','48b89e5c-4a51-4e2c-a17c-633902545223'),('ESDEVF3DL8','2f802702-4f9d-4f5a-b508-4f7cdc74238b','2015-05-30 17:54:40','dbf2098e-f966-4bb5-a5b5-53f5077aa38c'),('ESDEVF3DL8','27ecc6a0-d8df-46c4-8b23-27bcbd4f5960','2015-05-30 17:56:55','1'),('AJFQ7K0EYM','ab3f4aec-84f4-4633-af3d-aaf7b9c6859f','2015-05-31 04:16:48','1'),('GALOSNZN29','02f1ac52-c358-40b9-b721-145e24c3cd6b','2015-05-31 04:18:07','1'),('D1GEILXHXZ','f3d18f0f-96f6-4cea-8012-fa4c443d1725','2015-05-31 04:19:36','1'),('ESDEVF3DL8','9b860bb0-e46e-475c-8a69-e398b3d26fe5','2015-05-31 04:21:21','1'),('GALOSNZN29','02f1ac52-c358-40b9-b721-145e24c3cd6b','2015-05-31 08:56:38','1'),('ESDEVF3DL8','9b860bb0-e46e-475c-8a69-e398b3d26fe5','2015-05-31 09:18:25','1'),('ESDEVF3DL8','9b860bb0-e46e-475c-8a69-e398b3d26fe5','2015-05-31 09:18:25','1'),('ESDEVF3DL8','9b860bb0-e46e-475c-8a69-e398b3d26fe5','2015-05-31 09:18:26','1'),('ESDEVF3DL8','9b860bb0-e46e-475c-8a69-e398b3d26fe5','2015-05-31 09:18:26','1'),('ESDEVF3DL8','9b860bb0-e46e-475c-8a69-e398b3d26fe5','2015-05-31 09:34:42','1'),('D1GEILXHXZ','a0522542-dbdc-4ead-8066-af07bef64a13','2015-05-31 09:37:18','1'),('CEL8Y0639A','e386c024-983c-46de-864e-8297484dc740','2015-05-31 09:58:04','94348691-abef-4b58-8b16-494802e2cbbf'),('IKWVJFULWX','9f196ee0-7aad-4eed-b876-b35cd1af2dc2','2015-05-31 19:48:16','67e74b4d-23d8-434a-a9bd-340da9cd0144'),('ESDEVF3DL8','fb485bf0-e9e7-45ca-b15b-aeea8d337a79','2015-06-01 06:31:07','1'),('CEL8Y0639A','7d31b97a-e23b-473b-8d4e-f14646f0ca14','2015-06-01 07:25:50','1'),('GALOSNZN29','4c60b1e6-c3d3-45d3-a2b6-acec1094068d','2015-06-01 09:19:34','1'),('ESDEVF3DL8','aadd2360-2e2b-4083-85c1-18228af377bf','2015-06-01 10:25:23','1'),('IKWVJFULWX','1ae4c47d-5cc8-417a-a31f-c04da3d7cf96','2015-06-01 10:27:34','1'),('AJFQ7K0EYM','4cf1e929-02a5-4b71-ab21-5aeb00c903f6','2015-06-02 12:53:38','1'),('Q7O28I3D0M','96a2367a-7a23-458b-835c-6d6aafb73470','2015-06-04 04:45:07','c654a40b-c813-488b-bfe3-d9d1a6e067a9'),('Q7O28I3D0M','2a805773-a4af-4ca8-b07b-7775d1f89d36','2015-06-04 05:28:18','1'),('Q7O28I3D0M','2a805773-a4af-4ca8-b07b-7775d1f89d36','2015-06-04 05:28:22','1'),('Q7O28I3D0M','2a805773-a4af-4ca8-b07b-7775d1f89d36','2015-06-04 05:28:25','1'),('Q7O28I3D0M','2a805773-a4af-4ca8-b07b-7775d1f89d36','2015-06-04 05:28:29','1'),('Q7O28I3D0M','2b3e79ad-0c1f-4a30-b6ae-ca379b341a07','2015-06-05 06:21:51','1'),('8BDLIC90Y8','2405524f-ecf4-48a8-ab8e-92d81eeba995','2015-06-07 10:53:23','5b798f3d-49f0-48fb-9a48-e41835677cd8'),('8BDLIC90Y8','a15a9438-7ba6-496f-8515-48ceb0c8684b','2015-06-07 10:59:06','1'),('LERELTNTJC','a1bfd35f-47c9-4f66-b486-de9f8f148941','2015-06-07 11:00:27','32b1cfd8-f3ba-43eb-b916-e3432162d7eb'),('LERELTNTJC','19c4d361-1828-47a5-aca2-45560ac5e160','2015-06-07 11:14:37','1'),('LERELTNTJC','0ca4e315-ede6-4930-acf9-383a14f2f218','2015-06-07 11:50:30','1'),('7BPPI9BG6H','bacce358-caa1-49c4-82c9-cf64eaa39ea9','2015-06-08 15:29:30','537c2a98-5e46-4808-9c07-cb5f02c242a4'),('7BPPI9BG6H','1e19be65-4d1e-491f-974b-0d11eb9102f8','2015-06-09 10:59:20','1'),('4YLDDRWRGN','96a2367a-7a23-458b-835c-6d6aafb73470','2015-06-11 09:10:30','d1614f59-d0c8-4a15-aee6-4d9da1435562'),('RN4RRPOZIC','0ad53e94-9164-4514-86e6-ba09d680fb2b','2015-06-11 09:12:46','d1614f59-d0c8-4a15-aee6-4d9da1435562'),('4YLDDRWRGN','1e19be65-4d1e-491f-974b-0d11eb9102f8','2015-06-11 09:19:06','1'),('RN4RRPOZIC','0ca4e315-ede6-4930-acf9-383a14f2f218','2015-06-11 09:23:50','1'),('PB92RB6M8F','2405524f-ecf4-48a8-ab8e-92d81eeba995','2015-06-13 12:10:08','abd4e6b6-d153-4be4-9834-724e247a454f'),('PB92RB6M8F','358ad19c-94aa-4f6b-8b5c-c91fad573665','2015-06-13 14:05:35','1'),('PB92RB6M8F','358ad19c-94aa-4f6b-8b5c-c91fad573665','2015-06-13 14:05:39','1'),('PB92RB6M8F','358ad19c-94aa-4f6b-8b5c-c91fad573665','2015-06-13 14:05:42','1'),('PB92RB6M8F','358ad19c-94aa-4f6b-8b5c-c91fad573665','2015-06-13 14:05:43','1'),('PB92RB6M8F','358ad19c-94aa-4f6b-8b5c-c91fad573665','2015-06-13 14:05:43','1'),('BB5XV2Y59A','2f802702-4f9d-4f5a-b508-4f7cdc74238b','2015-06-14 04:13:48','dbf2098e-f966-4bb5-a5b5-53f5077aa38c'),('AHQAMSIGDL','2f802702-4f9d-4f5a-b508-4f7cdc74238b','2015-06-14 04:19:04','dbf2098e-f966-4bb5-a5b5-53f5077aa38c'),('BH951FDWRV','2f802702-4f9d-4f5a-b508-4f7cdc74238b','2015-06-14 04:21:15','8d7fe1d0-fc06-4dff-a621-28c21d49f25f'),('AHQAMSIGDL','9b860bb0-e46e-475c-8a69-e398b3d26fe5','2015-06-14 06:09:51','1'),('BB5XV2Y59A','9b860bb0-e46e-475c-8a69-e398b3d26fe5','2015-06-14 06:10:25','1'),('BH951FDWRV','9b860bb0-e46e-475c-8a69-e398b3d26fe5','2015-06-14 06:10:52','1'),('BH951FDWRV','25e446a7-39e1-4ace-a2aa-46dd96f1f545','2015-06-15 05:49:44','1'),('AHQAMSIGDL','25e446a7-39e1-4ace-a2aa-46dd96f1f545','2015-06-16 05:28:53','1'),('BB5XV2Y59A','25e446a7-39e1-4ace-a2aa-46dd96f1f545','2015-06-16 05:29:55','1'),('BH951FDWRV','fb485bf0-e9e7-45ca-b15b-aeea8d337a79','2015-06-17 11:02:04','1'),('BB5XV2Y59A','1e19be65-4d1e-491f-974b-0d11eb9102f8','2015-06-17 11:04:55','1'),('AHQAMSIGDL','fb485bf0-e9e7-45ca-b15b-aeea8d337a79','2015-06-17 11:11:02','1'),('VMACP2Z9OQ','75f25f83-d208-429c-884a-0832306c1942','2015-06-17 15:20:32','af048f21-1411-42ea-9eba-11d6aba2026f'),('VMACP2Z9OQ','41eb97ae-d576-4b0c-9ba2-264b1a531142','2015-06-18 06:48:54','1'),('IFOWTREAZ6','75f25f83-d208-429c-884a-0832306c1942','2015-06-18 16:57:17','9ba2f0d7-9679-4696-945c-a95faf2f1411'),('IFOWTREAZ6','ab3f4aec-84f4-4633-af3d-aaf7b9c6859f','2015-06-19 07:03:04','1'),('4CGKGVYSJR','bacce358-caa1-49c4-82c9-cf64eaa39ea9','2015-06-19 10:23:36','e57c9e9c-0b0f-4e14-94c6-8d666bf78fcc'),('QQYFHYXLZH','9f196ee0-7aad-4eed-b876-b35cd1af2dc2','2015-06-20 08:46:21','1f38543c-c3fc-4211-9db8-15b989f387c9'),('4CGKGVYSJR','725736cd-2039-483f-8a30-460232d539a3','2015-06-20 08:52:50','1'),('8V6FZ6NWS6','9f196ee0-7aad-4eed-b876-b35cd1af2dc2','2015-06-20 14:26:41','2d81dfda-080a-4e3c-a3bf-c2c60318ce15'),('QQYFHYXLZH','a0522542-dbdc-4ead-8066-af07bef64a13','2015-06-22 05:18:20','1'),('IFOWTREAZ6','ab3f4aec-84f4-4633-af3d-aaf7b9c6859f','2015-06-22 05:33:41','1'),('COBHO73H1E','0ad53e94-9164-4514-86e6-ba09d680fb2b','2015-06-22 06:12:39','b504060e-a4be-41b6-833d-6157e0e17804'),('1V8ZBXPO00','0ad53e94-9164-4514-86e6-ba09d680fb2b','2015-06-22 06:13:54','b504060e-a4be-41b6-833d-6157e0e17804'),('VKSIVSJN6H','75f25f83-d208-429c-884a-0832306c1942','2015-06-22 11:44:25','b504060e-a4be-41b6-833d-6157e0e17804'),('VKSIVSJN6H','ab3f4aec-84f4-4633-af3d-aaf7b9c6859f','2015-06-22 11:47:20','1'),('11521LUKDS','75f25f83-d208-429c-884a-0832306c1942','2015-06-22 11:49:07','b504060e-a4be-41b6-833d-6157e0e17804'),('D5KR6CWK6D','5d7be614-2379-4ba7-852c-16cc936b0931','2015-06-22 11:59:56','f7277137-bc95-4d32-9dac-463ad574d355'),('11521LUKDS','ab3f4aec-84f4-4633-af3d-aaf7b9c6859f','2015-06-22 12:00:38','1'),('D5KR6CWK6D','da12c857-d62c-429b-9965-e3ba2ffb6acb','2015-06-22 12:02:15','1'),('11521LUKDS','ab3f4aec-84f4-4633-af3d-aaf7b9c6859f','2015-06-23 05:17:33','1'),('VKSIVSJN6H','ab3f4aec-84f4-4633-af3d-aaf7b9c6859f','2015-06-23 05:17:39','1'),('1JTCNE7O78','f6a53b2a-c3bf-4d31-8101-da9a6a2eadb4','2015-06-23 06:52:57','8ef0f550-0f04-4ff2-9c45-76df64f864f0'),('1JTCNE7O78','68429fb6-acad-4f92-90fe-5aaef677ce16','2015-06-23 06:56:43','1'),('D5KR6CWK6D','da12c857-d62c-429b-9965-e3ba2ffb6acb','2015-06-23 07:37:55','1'),('LPG9AQP38I','9f196ee0-7aad-4eed-b876-b35cd1af2dc2','2015-06-23 09:00:20','71d718ef-187a-4668-92ae-3a33e280f1f9'),('LPG9AQP38I','f3d18f0f-96f6-4cea-8012-fa4c443d1725','2015-06-23 09:32:04','1'),('LPG9AQP38I','41bbdd9c-0e96-409f-a594-cf86caaf781c','2015-06-24 05:57:45','1'),('U3C40PCGIA','f6a53b2a-c3bf-4d31-8101-da9a6a2eadb4','2015-06-24 08:42:00','11f36877-1837-460a-8b99-fb7ac3dfb871'),('D5KR6CWK6D','1e549e4b-31c7-455e-a6b8-1bf9b34de33e','2015-06-24 09:00:12','1'),('U3C40PCGIA','0110cec4-4381-4648-9bb2-98fc6bf1d56f','2015-06-24 09:31:31','1'),('PE0NHT6ETU','75f25f83-d208-429c-884a-0832306c1942','2015-06-24 11:38:51','745fed8d-b135-4cd0-b986-a05d881a07a1'),('PE0NHT6ETU','ab3f4aec-84f4-4633-af3d-aaf7b9c6859f','2015-06-25 06:04:27','1'),('VKSIVSJN6H','ab3f4aec-84f4-4633-af3d-aaf7b9c6859f','2015-06-25 08:49:26','1'),('11521LUKDS','ab3f4aec-84f4-4633-af3d-aaf7b9c6859f','2015-06-25 08:49:38','1'),('PLTP7XYBQI','2405524f-ecf4-48a8-ab8e-92d81eeba995','2015-06-25 11:46:20','849580d7-514d-4de4-a13a-c0f1a2a13fdb'),('PLTP7XYBQI','358ad19c-94aa-4f6b-8b5c-c91fad573665','2015-06-25 11:49:45','1'),('PE0NHT6ETU','ab3f4aec-84f4-4633-af3d-aaf7b9c6859f','2015-06-25 12:12:27','1'),('PE0NHT6ETU','ab3f4aec-84f4-4633-af3d-aaf7b9c6859f','2015-06-25 12:13:09','1'),('PE0NHT6ETU','41eb97ae-d576-4b0c-9ba2-264b1a531142','2015-06-26 05:50:31','1'),('PLTP7XYBQI','8a87d07f-3958-494e-ace8-57b702dde8a4','2015-06-26 12:04:48','1'),('YX3HGMZC50','5d7be614-2379-4ba7-852c-16cc936b0931','2015-06-27 07:37:38','ff418810-348a-4693-8e78-4015997dcc06'),('6I34U7D22W','2405524f-ecf4-48a8-ab8e-92d81eeba995','2015-06-28 15:07:10','a48a21f3-06fd-4fb8-bf02-ea5fbdb73cb0'),('YX3HGMZC50','1e549e4b-31c7-455e-a6b8-1bf9b34de33e','2015-06-29 05:12:14','1'),('YX3HGMZC50','1e549e4b-31c7-455e-a6b8-1bf9b34de33e','2015-06-29 05:16:16','1'),('8V6FZ6NWS6','41bbdd9c-0e96-409f-a594-cf86caaf781c','2015-06-29 05:17:32','1'),('2Z2CEZUHTG','75f25f83-d208-429c-884a-0832306c1942','2015-06-29 05:36:14','745fed8d-b135-4cd0-b986-a05d881a07a1'),('6I34U7D22W','358ad19c-94aa-4f6b-8b5c-c91fad573665','2015-06-29 06:49:01','1'),('2Z2CEZUHTG','ab3f4aec-84f4-4633-af3d-aaf7b9c6859f','2015-06-29 06:58:39','1'),('D5KR6CWK6D','9a2ad794-8311-445f-9c39-400f7b17842e','2015-06-29 06:59:53','1'),('VKSIVSJN6H','840aefae-c844-4f83-9967-e0de946cd627','2015-06-29 07:08:44','1'),('11521LUKDS','840aefae-c844-4f83-9967-e0de946cd627','2015-06-29 07:11:54','1'),('6I34U7D22W','358ad19c-94aa-4f6b-8b5c-c91fad573665','2015-06-29 07:32:46','1'),('U3C40PCGIA','68429fb6-acad-4f92-90fe-5aaef677ce16','2015-06-29 09:38:14','1'),('YX3HGMZC50','9a2ad794-8311-445f-9c39-400f7b17842e','2015-06-30 06:52:43','1'),('2Z2CEZUHTG','ab3f4aec-84f4-4633-af3d-aaf7b9c6859f','2015-06-30 06:58:02','1'),('8V6FZ6NWS6','41bbdd9c-0e96-409f-a594-cf86caaf781c','2015-06-30 07:44:49','1'),('6I34U7D22W','358ad19c-94aa-4f6b-8b5c-c91fad573665','2015-06-30 11:44:02','1'),('M1E879XYK7','9f196ee0-7aad-4eed-b876-b35cd1af2dc2','2015-06-30 13:22:57','12cc1645-fb89-4c04-9534-7bff28f1672a'),('PVL3HEYJLZ','9f196ee0-7aad-4eed-b876-b35cd1af2dc2','2015-06-30 14:17:37','9730625c-d9ff-4713-93d0-74c2659f920a'),('CBI3750XAW','a1bfd35f-47c9-4f66-b486-de9f8f148941','2015-07-01 04:45:40','822e694f-c232-467b-8b87-d593b13aff84'),('PVL3HEYJLZ','a0522542-dbdc-4ead-8066-af07bef64a13','2015-07-01 04:56:54','1'),('CBI3750XAW','73dbea28-a941-4105-a62c-8fd8076dad19','2015-07-01 06:53:38','1'),('QR0GPCWNHF','75f25f83-d208-429c-884a-0832306c1942','2015-07-01 07:01:02','745fed8d-b135-4cd0-b986-a05d881a07a1'),('QR0GPCWNHF','ab3f4aec-84f4-4633-af3d-aaf7b9c6859f','2015-07-01 07:03:23','1'),('M1E879XYK7','a0522542-dbdc-4ead-8066-af07bef64a13','2015-07-01 07:13:58','1'),('DQEW8UWLHO','2405524f-ecf4-48a8-ab8e-92d81eeba995','2015-07-01 15:20:12','eadad116-37c9-4450-ab25-907ad1609976'),('6I34U7D22W','358ad19c-94aa-4f6b-8b5c-c91fad573665','2015-07-02 06:42:44','1'),('6ETOQB62DU','75f25f83-d208-429c-884a-0832306c1942','2015-07-02 06:51:31','745fed8d-b135-4cd0-b986-a05d881a07a1'),('6ETOQB62DU','ab3f4aec-84f4-4633-af3d-aaf7b9c6859f','2015-07-02 06:56:10','1'),('PLTP7XYBQI','e3227cbf-279b-4d35-891d-3be4dca8b3d0','2015-07-02 06:58:35','1'),('MFE5L7YDMT','d5bb2bd6-aedb-4e7e-a29e-838783483089','2015-07-02 07:14:03','237f7524-0329-45d8-830e-896994c93cb5'),('DQEW8UWLHO','d5bb2bd6-aedb-4e7e-a29e-838783483089','2015-07-02 10:01:07','1'),('D3O99NMKOL','75f25f83-d208-429c-884a-0832306c1942','2015-07-03 06:28:12','745fed8d-b135-4cd0-b986-a05d881a07a1'),('D3O99NMKOL','ab3f4aec-84f4-4633-af3d-aaf7b9c6859f','2015-07-03 06:33:15','1'),('LFNJ96KUL3','75f25f83-d208-429c-884a-0832306c1942','2015-07-03 08:38:10','36ddf6c9-2244-4b91-b1af-95e70aabf555'),('G50K2H5JKE','2405524f-ecf4-48a8-ab8e-92d81eeba995','2015-07-03 10:18:39','0ba7089e-95f5-4835-aafc-4b4c238d4833'),('G50K2H5JKE','358ad19c-94aa-4f6b-8b5c-c91fad573665','2015-07-03 10:20:21','1'),('DPNXNRX1ZC','9f196ee0-7aad-4eed-b876-b35cd1af2dc2','2015-07-03 11:47:21','1aa5cb29-c060-47ce-aad9-7fbb829b5d42'),('UXEH2MRQCI','82509de5-e98b-4ff7-b83c-c93dc604667e','2015-07-04 13:07:10','5d9088f2-dbed-4beb-b861-9316e18c944b'),('6I34U7D22W','a15a9438-7ba6-496f-8515-48ceb0c8684b','2015-07-06 05:38:42','1'),('6I34U7D22W','d5bb2bd6-aedb-4e7e-a29e-838783483089','2015-07-06 05:38:51','1'),('2Z2CEZUHTG','0ebe3c2a-147b-4a86-8867-d70fbd9ad0e8','2015-07-06 05:41:13','1'),('QR0GPCWNHF','0ebe3c2a-147b-4a86-8867-d70fbd9ad0e8','2015-07-06 05:41:51','1'),('QR0GPCWNHF','0ebe3c2a-147b-4a86-8867-d70fbd9ad0e8','2015-07-06 05:42:21','1'),('6ETOQB62DU','0ebe3c2a-147b-4a86-8867-d70fbd9ad0e8','2015-07-06 05:42:40','1'),('6ETOQB62DU','0ebe3c2a-147b-4a86-8867-d70fbd9ad0e8','2015-07-06 05:43:01','1'),('D3O99NMKOL','0ebe3c2a-147b-4a86-8867-d70fbd9ad0e8','2015-07-06 05:43:11','1'),('UXEH2MRQCI','900b5843-139c-495f-a101-ff1dadccc550','2015-07-06 07:21:40','1'),('RJ4SIT6DK2','82509de5-e98b-4ff7-b83c-c93dc604667e','2015-07-06 11:45:05','c2c20926-5b6c-4694-b94e-b5e57d875e61'),('03MYHP0WZG','82509de5-e98b-4ff7-b83c-c93dc604667e','2015-07-06 12:10:50','9424d0df-86bb-441f-9634-6558d72f4877'),('4AE3YID3S5','75f25f83-d208-429c-884a-0832306c1942','2015-07-06 12:13:13','9424d0df-86bb-441f-9634-6558d72f4877'),('J412HJS55N','2405524f-ecf4-48a8-ab8e-92d81eeba995','2015-07-06 12:17:03','9424d0df-86bb-441f-9634-6558d72f4877'),('RJ4SIT6DK2','02f1ac52-c358-40b9-b721-145e24c3cd6b','2015-07-06 12:29:59','1'),('03MYHP0WZG','02f1ac52-c358-40b9-b721-145e24c3cd6b','2015-07-06 12:35:33','1'),('Q8CS0QBS1R','5d7be614-2379-4ba7-852c-16cc936b0931','2015-07-06 12:43:10','9424d0df-86bb-441f-9634-6558d72f4877'),('0CYPVHNOCW','5d7be614-2379-4ba7-852c-16cc936b0931','2015-07-06 13:17:35','9424d0df-86bb-441f-9634-6558d72f4877'),('JGL1060LYV','5d7be614-2379-4ba7-852c-16cc936b0931','2015-07-06 14:40:16','ca9a5bf2-65da-4b5f-a60a-c88c5b56811c'),('LA7NOM3EK3','bacce358-caa1-49c4-82c9-cf64eaa39ea9','2015-07-07 07:10:11','56971969-4c67-4043-897d-376222d6a325'),('Q8CS0QBS1R','da12c857-d62c-429b-9965-e3ba2ffb6acb','2015-07-07 07:20:43','1'),('0CYPVHNOCW','da12c857-d62c-429b-9965-e3ba2ffb6acb','2015-07-07 07:20:53','1'),('JGL1060LYV','da12c857-d62c-429b-9965-e3ba2ffb6acb','2015-07-07 07:21:00','1'),('LA7NOM3EK3','a1e6c535-7b6f-42cd-88fc-df872f53029d','2015-07-07 08:43:05','1'),('0CYPVHNOCW','b9179a1a-7b35-4f4c-8eb8-08662fa76855','2015-07-07 08:47:44','1'),('KNZGR7BVX7','2405524f-ecf4-48a8-ab8e-92d81eeba995','2015-07-07 09:50:07','f30dea3a-e96f-467f-acd7-8ee2727e6ba3'),('J412HJS55N','358ad19c-94aa-4f6b-8b5c-c91fad573665','2015-07-07 09:50:56','1'),('KNZGR7BVX7','358ad19c-94aa-4f6b-8b5c-c91fad573665','2015-07-07 09:51:41','1'),('LFNJ96KUL3','41eb97ae-d576-4b0c-9ba2-264b1a531142','2015-07-07 10:11:38','1'),('4AE3YID3S5','ab3f4aec-84f4-4633-af3d-aaf7b9c6859f','2015-07-07 10:12:51','1'),('EANF1ODE03','f6a53b2a-c3bf-4d31-8101-da9a6a2eadb4','2015-07-07 14:54:14','80ba6d72-cb59-41d9-a558-218ee92b2379'),('Y4PINDT1Y1','9f196ee0-7aad-4eed-b876-b35cd1af2dc2','2015-07-07 16:02:45','0c73cbad-0aa8-419f-9770-6a684a24d615'),('KNQHH90NWD','75f25f83-d208-429c-884a-0832306c1942','2015-07-07 16:05:38','dc7890d2-09b7-4425-9285-1b0c4a42dc60'),('8W46N8WL3M','2405524f-ecf4-48a8-ab8e-92d81eeba995','2015-07-07 16:09:44','0c73cbad-0aa8-419f-9770-6a684a24d615'),('0X8NS0NLP9','5d7be614-2379-4ba7-852c-16cc936b0931','2015-07-07 17:06:15','e108ada8-96f4-4156-9994-fcf1c19d8857'),('2HCX5OKT8R','f6a53b2a-c3bf-4d31-8101-da9a6a2eadb4','2015-07-08 05:37:09','42411d61-d267-454e-aa9e-602ac07a1958'),('0X8NS0NLP9','da12c857-d62c-429b-9965-e3ba2ffb6acb','2015-07-08 05:56:29','1'),('7QWJ2PZJTM','2405524f-ecf4-48a8-ab8e-92d81eeba995','2015-07-08 06:07:22','cb9148a4-0d0a-4b8d-80ec-f8dedbab846e'),('PQ3UGQVEJE','75f25f83-d208-429c-884a-0832306c1942','2015-07-08 06:13:47','80799946-873c-454a-9818-923ffc0cedb3'),('912WF8O4A2','f6a53b2a-c3bf-4d31-8101-da9a6a2eadb4','2015-07-08 06:14:31','649b2a05-c8b9-4e2c-a191-c9951432e377'),('8W46N8WL3M','358ad19c-94aa-4f6b-8b5c-c91fad573665','2015-07-08 06:44:14','1'),('IHNS1YS5DQ','5d7be614-2379-4ba7-852c-16cc936b0931','2015-07-08 07:19:38','c0dcdc70-7418-45d2-b315-a54a129f2b04'),('Y4PINDT1Y1','f3d18f0f-96f6-4cea-8012-fa4c443d1725','2015-07-08 07:38:01','1'),('EANF1ODE03','0110cec4-4381-4648-9bb2-98fc6bf1d56f','2015-07-08 07:40:15','1'),('SHOBLLY3XV','f6a53b2a-c3bf-4d31-8101-da9a6a2eadb4','2015-07-08 08:02:46','82ecb68f-7fb2-45b7-a979-3b9ed3dd34fb'),('5HEQP9L7A4','82509de5-e98b-4ff7-b83c-c93dc604667e','2015-07-08 08:35:24','f30dea3a-e96f-467f-acd7-8ee2727e6ba3'),('7QWJ2PZJTM','358ad19c-94aa-4f6b-8b5c-c91fad573665','2015-07-08 09:48:55','1'),('7QWJ2PZJTM','358ad19c-94aa-4f6b-8b5c-c91fad573665','2015-07-08 09:52:26','1'),('VIDKGSHSN6','2405524f-ecf4-48a8-ab8e-92d81eeba995','2015-07-08 10:16:22','66106c1b-5195-41fc-af84-c23bd411872c'),('VIDKGSHSN6','358ad19c-94aa-4f6b-8b5c-c91fad573665','2015-07-08 10:34:19','1'),('5HEQP9L7A4','02f1ac52-c358-40b9-b721-145e24c3cd6b','2015-07-08 10:56:02','1'),('E6OYLV5SWX','5d7be614-2379-4ba7-852c-16cc936b0931','2015-07-08 11:04:35','7c3da4e3-d35e-43a3-b657-a9dc186bb1e4'),('PQ3UGQVEJE','41eb97ae-d576-4b0c-9ba2-264b1a531142','2015-07-08 11:50:42','1'),('FIJD0AW4S4','5d7be614-2379-4ba7-852c-16cc936b0931','2015-07-08 16:11:03','35dc90de-2f30-454f-b10e-36a9155ef267'),('B9DWX5BSNG','5d7be614-2379-4ba7-852c-16cc936b0931','2015-07-08 16:13:45','752f8e3d-d1ae-46ad-b626-b4de1207d3c8'),('QC0416J0AX','9f196ee0-7aad-4eed-b876-b35cd1af2dc2','2015-07-08 20:51:57','dc180c80-0a09-424d-be6d-65f78f56d860'),('5HEQP9L7A4','02f1ac52-c358-40b9-b721-145e24c3cd6b','2015-07-09 05:39:10','1'),('E6OYLV5SWX','b9179a1a-7b35-4f4c-8eb8-08662fa76855','2015-07-09 06:23:57','1'),('UZ4NNLGNWD','2405524f-ecf4-48a8-ab8e-92d81eeba995','2015-07-09 06:43:05','d72ab40f-5465-4400-9e0f-86d785998fcf'),('FIJD0AW4S4','da12c857-d62c-429b-9965-e3ba2ffb6acb','2015-07-09 06:52:38','1'),('B9DWX5BSNG','da12c857-d62c-429b-9965-e3ba2ffb6acb','2015-07-09 06:53:54','1'),('IHNS1YS5DQ','5d7be614-2379-4ba7-852c-16cc936b0931','2015-07-09 06:56:37','1'),('912WF8O4A2','68429fb6-acad-4f92-90fe-5aaef677ce16','2015-07-09 07:33:12','1'),('EANF1ODE03','0110cec4-4381-4648-9bb2-98fc6bf1d56f','2015-07-09 09:16:35','1'),('2HCX5OKT8R','0110cec4-4381-4648-9bb2-98fc6bf1d56f','2015-07-09 09:50:42','1'),('EANF1ODE03','0110cec4-4381-4648-9bb2-98fc6bf1d56f','2015-07-09 10:39:28','1'),('EANF1ODE03','0110cec4-4381-4648-9bb2-98fc6bf1d56f','2015-07-09 10:40:56','1'),('KWESE9ALZF','82509de5-e98b-4ff7-b83c-c93dc604667e','2015-07-09 11:04:55','8b8bbd17-df25-4d41-9411-38c952e9576f'),('KWESE9ALZF','900b5843-139c-495f-a101-ff1dadccc550','2015-07-09 11:10:32','1'),('KWESE9ALZF','900b5843-139c-495f-a101-ff1dadccc550','2015-07-09 11:10:44','1'),('UZ4NNLGNWD','358ad19c-94aa-4f6b-8b5c-c91fad573665','2015-07-09 11:22:04','1'),('2HCX5OKT8R','75cfcd3a-7e2c-4a31-93ee-30fc43f45971','2015-07-09 11:22:15','1'),('2HCX5OKT8R','0110cec4-4381-4648-9bb2-98fc6bf1d56f','2015-07-09 11:23:03','1'),('2HCX5OKT8R','75cfcd3a-7e2c-4a31-93ee-30fc43f45971','2015-07-09 11:24:17','1'),('2HCX5OKT8R','0110cec4-4381-4648-9bb2-98fc6bf1d56f','2015-07-09 11:24:31','1'),('T56WGDOPRE','5d7be614-2379-4ba7-852c-16cc936b0931','2015-07-09 11:55:15','6b29949e-e933-4436-bbde-24b1832af84f'),('SUMA7BOHJY','f6a53b2a-c3bf-4d31-8101-da9a6a2eadb4','2015-07-09 13:29:53','7e990ec4-7671-4723-9606-fbb9287fea5e'),('B3PK2UESN8','f6a53b2a-c3bf-4d31-8101-da9a6a2eadb4','2015-07-09 13:37:35','1d8a7241-dbf6-4d13-9d64-0174d27f31d1'),('J412HJS55N','d5bb2bd6-aedb-4e7e-a29e-838783483089','2015-07-10 04:51:15','1'),('2HCX5OKT8R','0110cec4-4381-4648-9bb2-98fc6bf1d56f','2015-07-10 05:17:03','1'),('T56WGDOPRE','da12c857-d62c-429b-9965-e3ba2ffb6acb','2015-07-10 06:26:02','1'),('393G58PMAY','9f196ee0-7aad-4eed-b876-b35cd1af2dc2','2015-07-10 06:27:18','0c73cbad-0aa8-419f-9770-6a684a24d615'),('ZOB2YWHL4W','9f196ee0-7aad-4eed-b876-b35cd1af2dc2','2015-07-10 06:30:45','0c73cbad-0aa8-419f-9770-6a684a24d615'),('B3PK2UESN8','0110cec4-4381-4648-9bb2-98fc6bf1d56f','2015-07-10 09:24:11','1'),('5AXRBGHLMU','9f196ee0-7aad-4eed-b876-b35cd1af2dc2','2015-07-10 09:57:34','1d4d044c-56a8-4de0-af95-181f0b4a8c3f'),('P177TIL9ZZ','82509de5-e98b-4ff7-b83c-c93dc604667e','2015-07-10 10:39:53','e0fbf2fd-a9f3-480c-a1ad-e59280e97a65'),('ZM2QB50JP9','9f196ee0-7aad-4eed-b876-b35cd1af2dc2','2015-07-10 10:45:55','39378c38-7cd6-4ac9-9561-5c13b97c8059'),('KNQHH90NWD','41eb97ae-d576-4b0c-9ba2-264b1a531142','2015-07-10 10:46:56','1'),('YJ2L158KU2','9f196ee0-7aad-4eed-b876-b35cd1af2dc2','2015-07-10 11:56:49','16b1c6e4-bb44-497a-a3e9-5cb0e35cc597'),('68HSLEODQR','9f196ee0-7aad-4eed-b876-b35cd1af2dc2','2015-07-10 14:01:48','c65b7995-a9ca-48f2-9e68-e9036c829cff'),('MWUPHUIWGZ','f6a53b2a-c3bf-4d31-8101-da9a6a2eadb4','2015-07-10 15:20:52','107d2fd7-3af6-4cc1-a8cb-9812b1dd5ba9'),('SUMA7BOHJY','68429fb6-acad-4f92-90fe-5aaef677ce16','2015-07-11 03:09:20','1'),('IHNS1YS5DQ','da12c857-d62c-429b-9965-e3ba2ffb6acb','2015-07-11 03:49:13','1'),('SHOBLLY3XV','0110cec4-4381-4648-9bb2-98fc6bf1d56f','2015-07-11 03:51:11','1'),('MWUPHUIWGZ','0110cec4-4381-4648-9bb2-98fc6bf1d56f','2015-07-11 04:36:17','1'),('68HSLEODQR','f3d18f0f-96f6-4cea-8012-fa4c443d1725','2015-07-11 04:53:22','1'),('P177TIL9ZZ','02f1ac52-c358-40b9-b721-145e24c3cd6b','2015-07-11 05:06:42','1'),('0V7QWRDFN0','2405524f-ecf4-48a8-ab8e-92d81eeba995','2015-07-11 08:16:07','cb66413f-c9d0-4762-9290-a223d7788497'),('IBBTZMJ9EI','9f196ee0-7aad-4eed-b876-b35cd1af2dc2','2015-07-11 10:31:57','6d3011e0-e6da-4760-8340-6f2f04da2e2a'),('LABSM08GD7','5d7be614-2379-4ba7-852c-16cc936b0931','2015-07-11 11:16:27','507680ff-7970-41d2-a5ba-a440e65c089e'),('WNNY2GLAA4','9f196ee0-7aad-4eed-b876-b35cd1af2dc2','2015-07-11 11:24:28','8411ea30-144c-475c-9831-568c9a6f8a46'),('BQCPSXRJKW','75f25f83-d208-429c-884a-0832306c1942','2015-07-11 11:43:22','0cee0a8c-4f6a-4905-a14c-e2c022f7a77b'),('Y3W8TJP3XZ','5d7be614-2379-4ba7-852c-16cc936b0931','2015-07-11 12:17:06','5be4c020-b709-4915-bd23-539f913bde12'),('O9A1L5UNVO','f6a53b2a-c3bf-4d31-8101-da9a6a2eadb4','2015-07-11 13:23:50','1bfc20ae-ee1d-43dc-bbd7-82a41233b245'),('1NEPYAWYMY','f6a53b2a-c3bf-4d31-8101-da9a6a2eadb4','2015-07-11 13:50:33','95443625-75b9-4691-bd81-34cd831ffca2'),('JHBMMQR429','9f196ee0-7aad-4eed-b876-b35cd1af2dc2','2015-07-11 14:09:34','cb575eaf-1d0b-4073-8e61-752c95960513'),('DDY685ZQYM','0ad53e94-9164-4514-86e6-ba09d680fb2b','2015-07-11 16:53:43','f1679121-0f29-4350-bcfb-9718eea24e94'),('J8C8GEDD22','82509de5-e98b-4ff7-b83c-c93dc604667e','2015-07-11 17:17:29','b761ea49-3349-430a-9720-6d126556b4b2'),('0V7QWRDFN0','358ad19c-94aa-4f6b-8b5c-c91fad573665','2015-07-12 03:33:07','1'),('LABSM08GD7','da12c857-d62c-429b-9965-e3ba2ffb6acb','2015-07-12 03:41:11','1'),('O9A1L5UNVO','0110cec4-4381-4648-9bb2-98fc6bf1d56f','2015-07-12 03:57:44','1'),('IBBTZMJ9EI','f3d18f0f-96f6-4cea-8012-fa4c443d1725','2015-07-12 04:20:07','1'),('HQDBQ5GZ94','2405524f-ecf4-48a8-ab8e-92d81eeba995','2015-07-12 10:53:33','375e2585-b390-4bab-b811-ae0bfab7b914'),('HKKU6A5ZQF','2405524f-ecf4-48a8-ab8e-92d81eeba995','2015-07-13 03:15:54','38d66c7d-54bc-432f-92c4-28c7e34419f8'),('VOH5AN8CXX','75f25f83-d208-429c-884a-0832306c1942','2015-07-13 05:01:26','b88af0a2-28a7-462f-9ed2-38b6940b40f2'),('XDT8WZ9G0R','75f25f83-d208-429c-884a-0832306c1942','2015-07-13 05:05:29','04ba7f17-c8ff-4222-a3a4-121b3cc23981'),('1NEPYAWYMY','0110cec4-4381-4648-9bb2-98fc6bf1d56f','2015-07-13 05:09:25','1'),('Y3W8TJP3XZ','da12c857-d62c-429b-9965-e3ba2ffb6acb','2015-07-13 05:43:46','1'),('UZ4NNLGNWD','358ad19c-94aa-4f6b-8b5c-c91fad573665','2015-07-13 06:41:05','1'),('HKKU6A5ZQF','358ad19c-94aa-4f6b-8b5c-c91fad573665','2015-07-13 09:50:44','1'),('HQDBQ5GZ94','a15a9438-7ba6-496f-8515-48ceb0c8684b','2015-07-13 10:00:10','1'),('9D4EJRHBVD','75f25f83-d208-429c-884a-0832306c1942','2015-07-13 13:21:14','23e61aaf-2cfe-4173-8bb8-82c7c7196803'),('Z2JXHSQ2BC','75f25f83-d208-429c-884a-0832306c1942','2015-07-13 14:29:08','c01cfebd-f682-476f-9ccd-e0a0d169841b'),('6RT38CUAI5','f6a53b2a-c3bf-4d31-8101-da9a6a2eadb4','2015-07-13 19:10:27','897183b5-abfb-44a3-8398-78212311a11d'),('P177TIL9ZZ','02f1ac52-c358-40b9-b721-145e24c3cd6b','2015-07-14 05:10:27','1'),('B8VHVUR6OI','2405524f-ecf4-48a8-ab8e-92d81eeba995','2015-07-14 07:18:42','9e7b1fe5-b38f-46aa-9715-a2dd6e9ab012'),('DOPH9G089G','f6a53b2a-c3bf-4d31-8101-da9a6a2eadb4','2015-07-14 07:30:17','88edf27e-9776-4455-b99c-232b37c614ff'),('Z2JXHSQ2BC','41eb97ae-d576-4b0c-9ba2-264b1a531142','2015-07-14 07:38:31','1'),('DDY685ZQYM','537a3f36-cb25-4ebd-a39e-935e3e47dc70','2015-07-14 09:21:17','1'),('MQG5SUS9S1','2405524f-ecf4-48a8-ab8e-92d81eeba995','2015-07-14 09:21:59','f1679121-0f29-4350-bcfb-9718eea24e94'),('Q4XFEECQMK','9f196ee0-7aad-4eed-b876-b35cd1af2dc2','2015-07-14 09:22:21','74a51b71-ac32-491f-97dc-6e9bd94c9230'),('8UBJXIR0MV','9f196ee0-7aad-4eed-b876-b35cd1af2dc2','2015-07-14 09:25:27','f43bcf2a-ac70-4a92-b9ff-012e8752f484'),('0ECTWJ9QBO','9f196ee0-7aad-4eed-b876-b35cd1af2dc2','2015-07-14 09:33:40','2634d1a9-e1a9-4e48-bdb7-c454bc560648'),('OFCOBCVC1O','f6a53b2a-c3bf-4d31-8101-da9a6a2eadb4','2015-07-14 09:39:01','a61c438c-d302-4b2c-92b3-f76e6c01b665'),('15Z1D5JSYV','f6a53b2a-c3bf-4d31-8101-da9a6a2eadb4','2015-07-14 09:57:22','6583a5e8-d270-4ee5-bde9-2b9e4d10f540'),('2RRLHWL6C4','f6a53b2a-c3bf-4d31-8101-da9a6a2eadb4','2015-07-14 10:02:42','5e163d2a-749e-4f1d-a865-89f7fdf840c1'),('DF0GVTMIZ5','f6a53b2a-c3bf-4d31-8101-da9a6a2eadb4','2015-07-14 10:07:34','bb5d6143-634b-4fc6-b958-3f4923183e98'),('T5FT67FGRF','f6a53b2a-c3bf-4d31-8101-da9a6a2eadb4','2015-07-14 10:16:19','f12893f0-b8b8-464d-941e-53f4b93d31d3'),('00FWY3F7HA','2405524f-ecf4-48a8-ab8e-92d81eeba995','2015-07-14 10:22:33','f60de61f-52b3-46e2-b23f-5a5b045adc25'),('NYQ2TRFSD5','9f196ee0-7aad-4eed-b876-b35cd1af2dc2','2015-07-14 10:39:26','39146c66-9912-4eff-8ce8-6dc45922f9ce'),('SEZNPGUTPR','5d7be614-2379-4ba7-852c-16cc936b0931','2015-07-14 10:44:35','39146c66-9912-4eff-8ce8-6dc45922f9ce'),('A6O73XT1OI','9f196ee0-7aad-4eed-b876-b35cd1af2dc2','2015-07-14 10:49:15','a542a2f5-4366-4d01-b987-612193830e03'),('QKNT5F916X','f6a53b2a-c3bf-4d31-8101-da9a6a2eadb4','2015-07-14 10:53:16','39146c66-9912-4eff-8ce8-6dc45922f9ce'),('VX5ZVGW69F','f6a53b2a-c3bf-4d31-8101-da9a6a2eadb4','2015-07-14 11:13:05','80b0807e-384d-4a56-9d79-930a5d5a2e4a'),('X66NTDHE1Z','f6a53b2a-c3bf-4d31-8101-da9a6a2eadb4','2015-07-14 11:13:11','588061f9-d0b7-4b0b-a0b0-e99f32120e01'),('YL0SXP6KDJ','5d7be614-2379-4ba7-852c-16cc936b0931','2015-07-14 11:15:55','db9f3de6-19e0-4ed0-9541-b23cb470f7aa'),('IXYUZOZBKU','9f196ee0-7aad-4eed-b876-b35cd1af2dc2','2015-07-14 11:18:30','e7373f8d-8797-4b1c-8789-cbebc2fe5cb8'),('JWKO27KF0J','f6a53b2a-c3bf-4d31-8101-da9a6a2eadb4','2015-07-14 11:20:22','bea2bdc8-92a5-4102-bccf-e5ea79ce97fc'),('YUADDT30WV','9f196ee0-7aad-4eed-b876-b35cd1af2dc2','2015-07-14 11:20:52','84ece5bb-2887-4077-8f08-1aea7bee69f6'),('UQ84IOY562','2405524f-ecf4-48a8-ab8e-92d81eeba995','2015-07-14 11:23:24','d1c47e82-112c-4116-a4c2-9af09ad4be6e'),('PCGEWGF9CM','9f196ee0-7aad-4eed-b876-b35cd1af2dc2','2015-07-14 11:30:44','0f014bd6-c8dd-4e9b-8c1d-abf8dfb3e7e6'),('DPB2I780GI','9f196ee0-7aad-4eed-b876-b35cd1af2dc2','2015-07-14 11:45:00','4dd7e595-a4ba-482c-beb4-fe3cc98b0ec0'),('3HJ6NC2X9F','9f196ee0-7aad-4eed-b876-b35cd1af2dc2','2015-07-14 11:51:11','76787762-68fd-4684-8ba2-14cc6dc3ac50'),('5JML1GERMJ','9f196ee0-7aad-4eed-b876-b35cd1af2dc2','2015-07-14 11:55:33','9eeeda12-ef49-41b8-90b6-dc8c061c72ce'),('B8VHVUR6OI','358ad19c-94aa-4f6b-8b5c-c91fad573665','2015-07-14 12:29:04','1'),('AUV97HUUFM','9f196ee0-7aad-4eed-b876-b35cd1af2dc2','2015-07-14 12:35:27','1f76545f-5622-4917-be6b-9816b652ffef'),('2GFWOT7X06','82509de5-e98b-4ff7-b83c-c93dc604667e','2015-07-14 12:47:55','329a204c-95b8-43c3-bcba-3f29c22a3a10'),('I55OD8S42T','bacce358-caa1-49c4-82c9-cf64eaa39ea9','2015-07-14 14:12:35','7d3f3a9f-0d5d-4273-95e0-4a0bdb4dd001'),('Y25BRJKMV9','9f196ee0-7aad-4eed-b876-b35cd1af2dc2','2015-07-14 15:46:12','67934818-cb45-4475-a7e3-ff305dedb005'),('DVQV9STNC0','9f196ee0-7aad-4eed-b876-b35cd1af2dc2','2015-07-14 15:57:43','40b8783e-1cac-4b96-aa32-354007124cc4'),('VX5ZVGW69F','0110cec4-4381-4648-9bb2-98fc6bf1d56f','2015-07-14 16:01:33','1'),('OFCOBCVC1O','0110cec4-4381-4648-9bb2-98fc6bf1d56f','2015-07-14 16:07:02','1'),('AX8VL9V83G','2f802702-4f9d-4f5a-b508-4f7cdc74238b','2015-07-14 16:22:25','9d2feced-8d3b-466c-b3cd-8932245f68f4'),('ZBJ5ZQH91Z','9f196ee0-7aad-4eed-b876-b35cd1af2dc2','2015-07-14 17:45:01','1fdaede3-1522-4de5-a63e-1319d04dd165'),('I55OD8S42T','725736cd-2039-483f-8a30-460232d539a3','2015-07-15 05:51:15','1'),('7D20R0LBKJ','5d7be614-2379-4ba7-852c-16cc936b0931','2015-07-15 05:58:54','816a1fef-f1f4-49ee-990d-c8f8e96ef80c'),('7G6EI8WF3X','f6a53b2a-c3bf-4d31-8101-da9a6a2eadb4','2015-07-15 06:17:38','649b2a05-c8b9-4e2c-a191-c9951432e377'),('FIPZ3VOM9C','9f196ee0-7aad-4eed-b876-b35cd1af2dc2','2015-07-15 06:18:08','5030eede-42a1-45b6-9c56-a27c80075eb2'),('3C7WPENLAC','9f196ee0-7aad-4eed-b876-b35cd1af2dc2','2015-07-15 06:22:17','d68807a3-a856-4e05-be6d-90b21d7ef835'),('DOPH9G089G','0110cec4-4381-4648-9bb2-98fc6bf1d56f','2015-07-15 06:59:43','1'),('RW4CVRB4LJ','9f196ee0-7aad-4eed-b876-b35cd1af2dc2','2015-07-15 07:16:59','1e4d482a-d086-41bb-8329-8c13563375db'),('OG5G8O25LH','f6a53b2a-c3bf-4d31-8101-da9a6a2eadb4','2015-07-15 07:24:31','b5d8c16d-2ed5-4c08-a2bc-697de2124498'),('F5FSEZP03G','9f196ee0-7aad-4eed-b876-b35cd1af2dc2','2015-07-15 08:00:56','63af7b3e-0f53-41c3-9d76-1ee421d999f4'),('00FWY3F7HA','358ad19c-94aa-4f6b-8b5c-c91fad573665','2015-07-15 08:13:24','1'),('ZS5B27NUBJ','5d7be614-2379-4ba7-852c-16cc936b0931','2015-07-15 08:16:38','27f4124b-b507-4df1-8ee3-50b1e53f8648'),('RN6G5K52KA','5d7be614-2379-4ba7-852c-16cc936b0931','2015-07-15 08:22:15','6b406568-c875-47bb-9756-a874260efbf5'),('IZ4JCMERFR','f6a53b2a-c3bf-4d31-8101-da9a6a2eadb4','2015-07-15 08:25:15','861ae407-e6ce-46f5-bfd0-290082da05b8'),('7D20R0LBKJ','da12c857-d62c-429b-9965-e3ba2ffb6acb','2015-07-15 08:32:21','1'),('WMPZD8J97Y','82509de5-e98b-4ff7-b83c-c93dc604667e','2015-07-15 09:48:46','f21e1ac2-abec-47e7-a2e0-cb8e659b2b37'),('T5FT67FGRF','0110cec4-4381-4648-9bb2-98fc6bf1d56f','2015-07-15 10:35:55','1'),('DF0GVTMIZ5','0110cec4-4381-4648-9bb2-98fc6bf1d56f','2015-07-15 10:37:24','1'),('2RRLHWL6C4','0110cec4-4381-4648-9bb2-98fc6bf1d56f','2015-07-15 10:38:24','1'),('15Z1D5JSYV','0110cec4-4381-4648-9bb2-98fc6bf1d56f','2015-07-15 10:38:57','1'),('1D6I2AUMBK','f6a53b2a-c3bf-4d31-8101-da9a6a2eadb4','2015-07-15 10:56:52','a228af73-eda3-4d26-a2e9-8c313e9ab99c'),('AX8VL9V83G','1e19be65-4d1e-491f-974b-0d11eb9102f8','2015-07-15 11:31:44','1'),('831L5TZLF2','f6a53b2a-c3bf-4d31-8101-da9a6a2eadb4','2015-07-15 11:57:42','daf32646-a4bf-4db1-8c1c-a0d67f5c0e79'),('8E9UYAFAHG','2405524f-ecf4-48a8-ab8e-92d81eeba995','2015-07-15 12:30:17','b92f9caf-23bf-4448-904e-7e6855e0bb8d'),('V3W5MFC3P3','f6a53b2a-c3bf-4d31-8101-da9a6a2eadb4','2015-07-15 12:45:36','4a926103-23b0-4c40-99ac-0abb8748a5c3'),('Q0N7WYOQWG','2405524f-ecf4-48a8-ab8e-92d81eeba995','2015-07-15 13:55:34','d0be8634-1336-4bc9-95f6-0ee5025aaa71'),('ZBEC8KP5TC','f6a53b2a-c3bf-4d31-8101-da9a6a2eadb4','2015-07-16 05:09:22','8cead587-abe3-4aa2-9d74-e08dcc30e34a'),('6L2MM99LK8','9f196ee0-7aad-4eed-b876-b35cd1af2dc2','2015-07-16 05:23:36','c97d2c53-23e5-46aa-8e24-5aa26eb366d0'),('YM1APKNQSX','9f196ee0-7aad-4eed-b876-b35cd1af2dc2','2015-07-16 05:26:57','69d37097-1c87-4049-bc47-3abb1eb69f79'),('OUBY40UVYD','9f196ee0-7aad-4eed-b876-b35cd1af2dc2','2015-07-16 05:51:42','6850e751-87eb-4476-a619-e9d751684cf8'),('TCGPT54I0U','75f25f83-d208-429c-884a-0832306c1942','2015-07-16 06:49:29','375e2585-b390-4bab-b811-ae0bfab7b914'),('WMPZD8J97Y','02f1ac52-c358-40b9-b721-145e24c3cd6b','2015-07-16 08:07:35','1'),('GEKU5FZBC9','f6a53b2a-c3bf-4d31-8101-da9a6a2eadb4','2015-07-16 08:31:05','5c367e4c-fe44-40c7-8d94-ee9ee96fa78e'),('OHXT4LKGNC','f6a53b2a-c3bf-4d31-8101-da9a6a2eadb4','2015-07-16 08:34:12','c4d976aa-e764-4afd-ab68-3ef9dbdedb01'),('76G5Y9WM0T','9f196ee0-7aad-4eed-b876-b35cd1af2dc2','2015-07-16 09:19:34','cefb899d-ccf7-4a4e-ba50-198feaf2be97'),('YQ5GSUFZ48','f6a53b2a-c3bf-4d31-8101-da9a6a2eadb4','2015-07-16 09:48:06','388d80b6-855c-43dd-a31e-0120d274aa36'),('J349CRRQOV','f6a53b2a-c3bf-4d31-8101-da9a6a2eadb4','2015-07-16 09:49:26','10c787b5-49cd-4e1b-a4f9-4bd6a95422b6'),('NMH785V8CU','9f196ee0-7aad-4eed-b876-b35cd1af2dc2','2015-07-16 10:06:18','77bca3f5-ade3-4ea0-98f6-928a97367260'),('5JML1GERMJ','f3d18f0f-96f6-4cea-8012-fa4c443d1725','2015-07-16 10:08:35','1'),('OG5G8O25LH','68429fb6-acad-4f92-90fe-5aaef677ce16','2015-07-16 10:55:58','1'),('W4QI0OJGT2','f6a53b2a-c3bf-4d31-8101-da9a6a2eadb4','2015-07-16 10:57:45','c4e64e10-7170-49f5-81fa-9e7fc53428a0'),('7N1K8AOHGV','f6a53b2a-c3bf-4d31-8101-da9a6a2eadb4','2015-07-16 10:59:50','d9788476-3cfd-4928-83a5-9e27a0ccf3b5'),('8E9UYAFAHG','358ad19c-94aa-4f6b-8b5c-c91fad573665','2015-07-16 11:10:16','1'),('7EWVK3JLB1','5d7be614-2379-4ba7-852c-16cc936b0931','2015-07-16 11:15:10','f7277137-bc95-4d32-9dac-463ad574d355'),('JFOXK3VP4G','9f196ee0-7aad-4eed-b876-b35cd1af2dc2','2015-07-16 11:29:16','b3e6e51e-5a31-4466-864f-786d41db3e97'),('ZS5B27NUBJ','da12c857-d62c-429b-9965-e3ba2ffb6acb','2015-07-16 12:08:45','1'),('L49JDUFEAO','9f196ee0-7aad-4eed-b876-b35cd1af2dc2','2015-07-16 12:20:07','c35c1127-7c11-4231-b282-75247b2853a9'),('7EWVK3JLB1','da12c857-d62c-429b-9965-e3ba2ffb6acb','2015-07-16 12:22:11','1'),('X3V7YET31A','9f196ee0-7aad-4eed-b876-b35cd1af2dc2','2015-07-16 12:38:32','dd8704de-0ee6-4225-9603-53aa446b9e61'),('Q0N7WYOQWG','d5bb2bd6-aedb-4e7e-a29e-838783483089','2015-07-16 12:39:56','1'),('ORS2Q2IC9C','9f196ee0-7aad-4eed-b876-b35cd1af2dc2','2015-07-16 12:45:05','9e9087ce-18c4-4720-b19d-18738285f1bd'),('ORNW1PSR0C','9f196ee0-7aad-4eed-b876-b35cd1af2dc2','2015-07-16 12:53:29','10d171a2-d19e-4a62-8a14-6b9e2ef47fba'),('7B1UDYPNIB','9f196ee0-7aad-4eed-b876-b35cd1af2dc2','2015-07-16 13:00:10','028f9e52-6892-478c-b1f6-fbe4c1190f23'),('IZKRI6PMQA','f6a53b2a-c3bf-4d31-8101-da9a6a2eadb4','2015-07-16 13:32:58','a1f999e4-1f94-4f84-ba2e-cefd89785d22'),('3VAH0R8DUD','9f196ee0-7aad-4eed-b876-b35cd1af2dc2','2015-07-16 13:56:27','58e3f7ab-6bfc-4e3a-8a20-c462b1ee06f8'),('Q7E4JFFLQV','9f196ee0-7aad-4eed-b876-b35cd1af2dc2','2015-07-16 13:57:47','b0b8e70d-7c36-450c-8fba-6a2c6bbf2dc2'),('77UOR1K5NS','f6a53b2a-c3bf-4d31-8101-da9a6a2eadb4','2015-07-16 14:46:37','a07e221e-8377-4a63-b660-f0612983ecfb'),('FH6TR3WCA2','9f196ee0-7aad-4eed-b876-b35cd1af2dc2','2015-07-16 18:18:02','1e65b7af-04b5-4e3b-a365-0a8774b73200'),('PCU9RG39S2','9f196ee0-7aad-4eed-b876-b35cd1af2dc2','2015-07-16 18:19:55','7273e1a0-c15a-4f76-a722-26d46522eb57'),('LJG8OJ95V5','f6a53b2a-c3bf-4d31-8101-da9a6a2eadb4','2015-07-16 18:24:31','0c1a6c76-1083-497f-bb14-2f9c6482941a'),('H253L0BE8B','f6a53b2a-c3bf-4d31-8101-da9a6a2eadb4','2015-07-17 05:11:45','5907a71d-5ed4-4728-bc70-ed8d38f97554'),('BJWDBSDLUS','5d7be614-2379-4ba7-852c-16cc936b0931','2015-07-17 05:25:23','efddd7b6-4400-4f79-8d0f-c09cebfbf96b'),('YQ5GSUFZ48','0110cec4-4381-4648-9bb2-98fc6bf1d56f','2015-07-17 05:32:53','1'),('W4QI0OJGT2','0110cec4-4381-4648-9bb2-98fc6bf1d56f','2015-07-17 05:36:05','1'),('J349CRRQOV','0110cec4-4381-4648-9bb2-98fc6bf1d56f','2015-07-17 05:37:02','1'),('6L2MM99LK8','f3d18f0f-96f6-4cea-8012-fa4c443d1725','2015-07-17 05:47:45','1'),('YM1APKNQSX','f3d18f0f-96f6-4cea-8012-fa4c443d1725','2015-07-17 05:49:34','1'),('76G5Y9WM0T','f3d18f0f-96f6-4cea-8012-fa4c443d1725','2015-07-17 05:57:17','1'),('9D4EJRHBVD','41eb97ae-d576-4b0c-9ba2-264b1a531142','2015-07-17 06:38:36','1'),('7G6EI8WF3X','0110cec4-4381-4648-9bb2-98fc6bf1d56f','2015-07-17 06:55:15','1'),('7N1K8AOHGV','0110cec4-4381-4648-9bb2-98fc6bf1d56f','2015-07-17 07:34:30','1'),('I1TWR4BVLR','2405524f-ecf4-48a8-ab8e-92d81eeba995','2015-07-17 07:35:39','9ab3ccc7-894c-436f-9354-2e96c9a3ae02'),('BFYY8RFMUN','75f25f83-d208-429c-884a-0832306c1942','2015-07-17 07:54:06','6d10c60b-e686-4cd8-8613-c885711bce40'),('IHNEIHOQ1A','f6a53b2a-c3bf-4d31-8101-da9a6a2eadb4','2015-07-17 08:44:02','8756ecbf-3e84-487b-a0b5-ed88291850fb'),('EYLPC0VS9X','75f25f83-d208-429c-884a-0832306c1942','2015-07-17 08:58:22','99bae633-acd5-4544-bc91-d588c7180788'),('IZ4JCMERFR','0110cec4-4381-4648-9bb2-98fc6bf1d56f','2015-07-17 09:15:37','1'),('V3W5MFC3P3','0110cec4-4381-4648-9bb2-98fc6bf1d56f','2015-07-17 09:20:22','1'),('831L5TZLF2','0110cec4-4381-4648-9bb2-98fc6bf1d56f','2015-07-17 09:21:41','1'),('JWKO27KF0J','0110cec4-4381-4648-9bb2-98fc6bf1d56f','2015-07-17 09:49:51','1'),('NMH785V8CU','a0522542-dbdc-4ead-8066-af07bef64a13','2015-07-17 09:57:29','1'),('4BYQNSUUA5','9f196ee0-7aad-4eed-b876-b35cd1af2dc2','2015-07-17 10:13:49','77bca3f5-ade3-4ea0-98f6-928a97367260'),('IP15GQ7IKJ','9f196ee0-7aad-4eed-b876-b35cd1af2dc2','2015-07-17 10:28:31','c452692e-130c-4926-a02b-7ea65cbc47a5'),('L49JDUFEAO','f3d18f0f-96f6-4cea-8012-fa4c443d1725','2015-07-17 10:45:38','1'),('X3V7YET31A','f3d18f0f-96f6-4cea-8012-fa4c443d1725','2015-07-17 10:50:02','1'),('7B1UDYPNIB','f3d18f0f-96f6-4cea-8012-fa4c443d1725','2015-07-17 11:08:09','1'),('3VAH0R8DUD','f3d18f0f-96f6-4cea-8012-fa4c443d1725','2015-07-17 11:20:30','1'),('FIPZ3VOM9C','f3d18f0f-96f6-4cea-8012-fa4c443d1725','2015-07-17 11:28:20','1'),('5JML1GERMJ','f3d18f0f-96f6-4cea-8012-fa4c443d1725','2015-07-17 11:44:51','1'),('DVQV9STNC0','f3d18f0f-96f6-4cea-8012-fa4c443d1725','2015-07-17 11:48:47','1'),('GEKU5FZBC9','0110cec4-4381-4648-9bb2-98fc6bf1d56f','2015-07-17 12:04:32','1'),('OHXT4LKGNC','0110cec4-4381-4648-9bb2-98fc6bf1d56f','2015-07-17 12:08:16','1'),('IZKRI6PMQA','0110cec4-4381-4648-9bb2-98fc6bf1d56f','2015-07-17 12:12:54','1'),('77UOR1K5NS','0110cec4-4381-4648-9bb2-98fc6bf1d56f','2015-07-17 12:17:05','1'),('LJG8OJ95V5','f6a53b2a-c3bf-4d31-8101-da9a6a2eadb4','2015-07-17 12:18:55','1'),('QUYMWMT76H','2f802702-4f9d-4f5a-b508-4f7cdc74238b','2015-07-17 12:27:57','9d2feced-8d3b-466c-b3cd-8932245f68f4'),('SH8VY28SP4','2f802702-4f9d-4f5a-b508-4f7cdc74238b','2015-07-17 17:14:57','9ccd1895-20c7-408b-be74-1e15b60d74b3'),('P1R0B3ODWS','f6a53b2a-c3bf-4d31-8101-da9a6a2eadb4','2015-07-17 17:32:59','900e0aa3-a25c-4cd6-a46d-6b2261d2047c'),('18KRNAS8VI','5d7be614-2379-4ba7-852c-16cc936b0931','2015-07-17 19:15:22','aa6c9994-8f4d-469a-ab17-43602bf1ee22'),('LMTUCGZ893','f6a53b2a-c3bf-4d31-8101-da9a6a2eadb4','2015-07-17 19:21:31','594f13f1-2cf7-48e0-84ab-aa1a833839fa'),('D9CECE2JX5','82509de5-e98b-4ff7-b83c-c93dc604667e','2015-07-17 19:27:23','887cec02-1111-4db6-a1be-43900d4f59a2'),('R6HO2O2V8D','f6a53b2a-c3bf-4d31-8101-da9a6a2eadb4','2015-07-17 19:33:35','d74d6e4d-5deb-40f7-97e9-4899c5f98e9b'),('18KRNAS8VI','da12c857-d62c-429b-9965-e3ba2ffb6acb','2015-07-18 05:24:44','1'),('I1TWR4BVLR','358ad19c-94aa-4f6b-8b5c-c91fad573665','2015-07-18 06:14:43','1'),('BFYY8RFMUN','41eb97ae-d576-4b0c-9ba2-264b1a531142','2015-07-18 06:32:04','1'),('IHNEIHOQ1A','0110cec4-4381-4648-9bb2-98fc6bf1d56f','2015-07-18 06:33:25','1'),('EYLPC0VS9X','41eb97ae-d576-4b0c-9ba2-264b1a531142','2015-07-18 06:38:42','1'),('IP15GQ7IKJ','f3d18f0f-96f6-4cea-8012-fa4c443d1725','2015-07-18 07:00:51','1'),('LMTUCGZ893','68429fb6-acad-4f92-90fe-5aaef677ce16','2015-07-18 07:08:21','1'),('4BYQNSUUA5','f3d18f0f-96f6-4cea-8012-fa4c443d1725','2015-07-18 07:16:54','1'),('BJWDBSDLUS','b9179a1a-7b35-4f4c-8eb8-08662fa76855','2015-07-18 07:32:16','1'),('QUYMWMT76H','9b860bb0-e46e-475c-8a69-e398b3d26fe5','2015-07-18 07:43:33','1'),('QUYMWMT76H','9b860bb0-e46e-475c-8a69-e398b3d26fe5','2015-07-18 07:45:20','1'),('IP15GQ7IKJ','a0522542-dbdc-4ead-8066-af07bef64a13','2015-07-18 07:57:27','1'),('D9CECE2JX5','02f1ac52-c358-40b9-b721-145e24c3cd6b','2015-07-18 08:10:34','1'),('R6HO2O2V8D','68429fb6-acad-4f92-90fe-5aaef677ce16','2015-07-18 08:17:25','1'),('P1R0B3ODWS','68429fb6-acad-4f92-90fe-5aaef677ce16','2015-07-18 08:18:10','1'),('I1TWR4BVLR','358ad19c-94aa-4f6b-8b5c-c91fad573665','2015-07-18 09:49:01','1'),('D3BHPTYS0W','f6a53b2a-c3bf-4d31-8101-da9a6a2eadb4','2015-07-18 11:21:55','900e0aa3-a25c-4cd6-a46d-6b2261d2047c'),('D3BHPTYS0W','0110cec4-4381-4648-9bb2-98fc6bf1d56f','2015-07-18 11:26:51','1'),('D3BHPTYS0W','0110cec4-4381-4648-9bb2-98fc6bf1d56f','2015-07-18 11:38:13','1'),('4MOPKRLDI9','2405524f-ecf4-48a8-ab8e-92d81eeba995','2015-07-18 17:50:21','237f7524-0329-45d8-830e-896994c93cb5'),('GPP59GDWSC','2f802702-4f9d-4f5a-b508-4f7cdc74238b','2015-07-18 17:52:27','85c90c98-0db6-4be7-b686-53986cd11b59'),('D5F7JL6U4H','2f802702-4f9d-4f5a-b508-4f7cdc74238b','2015-07-18 18:03:01','921bf2c0-c553-4d2a-a59c-f380eeed1ae5'),('XXO0P2R68R','2f802702-4f9d-4f5a-b508-4f7cdc74238b','2015-07-18 18:09:08','05e2c428-bb11-406a-9fc7-14f698f8989d'),('3NP8NRYL5P','2f802702-4f9d-4f5a-b508-4f7cdc74238b','2015-07-18 18:12:56','da2db8f6-dd79-47a2-985e-543f3ee38e41'),('PP2USD4FQY','2f802702-4f9d-4f5a-b508-4f7cdc74238b','2015-07-18 18:15:21','79906bd4-bf43-4a2f-9ced-9133efd6d906'),('NDRJDMMMLY','2f802702-4f9d-4f5a-b508-4f7cdc74238b','2015-07-18 18:17:36','dc51d123-35b9-496b-b5d0-2023d1a10a40'),('760065HUNC','2f802702-4f9d-4f5a-b508-4f7cdc74238b','2015-07-18 18:20:46','0ff52d38-f361-42d2-b1af-b2703cd7f5ae'),('RRX3JYIGQE','2405524f-ecf4-48a8-ab8e-92d81eeba995','2015-07-18 18:27:20','b1f937c8-ec78-48a3-8f6a-c86cae10164c'),('5HV34X0RZ6','9f196ee0-7aad-4eed-b876-b35cd1af2dc2','2015-07-18 18:32:36','15dc010f-a2ad-4412-9936-53a506fc79ca'),('4IPG2XEWYW','2f802702-4f9d-4f5a-b508-4f7cdc74238b','2015-07-18 18:35:21','1cfc6392-9311-4a47-b2c4-70694959cf54'),('8Y4NNOPNUO','9f196ee0-7aad-4eed-b876-b35cd1af2dc2','2015-07-19 03:18:41','1aa1148b-1bd5-4bfe-84d5-4768731e9859'),('4MOPKRLDI9','d5bb2bd6-aedb-4e7e-a29e-838783483089','2015-07-19 05:31:59','1'),('GPP59GDWSC','b75269bf-4a82-4b96-9d69-af6108a607bf','2015-07-19 05:39:58','1'),('D5F7JL6U4H','9b860bb0-e46e-475c-8a69-e398b3d26fe5','2015-07-19 05:42:17','1'),('RRX3JYIGQE','358ad19c-94aa-4f6b-8b5c-c91fad573665','2015-07-19 05:48:45','1'),('5HV34X0RZ6','f3d18f0f-96f6-4cea-8012-fa4c443d1725','2015-07-19 05:57:32','1'),('8Y4NNOPNUO','f3d18f0f-96f6-4cea-8012-fa4c443d1725','2015-07-19 06:02:50','1'),('RRX3JYIGQE','a15a9438-7ba6-496f-8515-48ceb0c8684b','2015-07-19 06:04:31','1'),('XXO0P2R68R','9b860bb0-e46e-475c-8a69-e398b3d26fe5','2015-07-19 06:13:31','1'),('3NP8NRYL5P','9b860bb0-e46e-475c-8a69-e398b3d26fe5','2015-07-19 06:14:11','1'),('PP2USD4FQY','9b860bb0-e46e-475c-8a69-e398b3d26fe5','2015-07-19 06:14:46','1'),('NDRJDMMMLY','9b860bb0-e46e-475c-8a69-e398b3d26fe5','2015-07-19 06:16:41','1'),('NDRJDMMMLY','9b860bb0-e46e-475c-8a69-e398b3d26fe5','2015-07-19 06:17:11','1'),('760065HUNC','9b860bb0-e46e-475c-8a69-e398b3d26fe5','2015-07-19 06:17:37','1'),('4IPG2XEWYW','9b860bb0-e46e-475c-8a69-e398b3d26fe5','2015-07-19 06:32:08','1'),('3NP8NRYL5P','9b860bb0-e46e-475c-8a69-e398b3d26fe5','2015-07-19 06:47:51','1'),('PP2USD4FQY','9b860bb0-e46e-475c-8a69-e398b3d26fe5','2015-07-19 06:48:14','1'),('NDRJDMMMLY','9b860bb0-e46e-475c-8a69-e398b3d26fe5','2015-07-19 06:51:28','1'),('760065HUNC','9b860bb0-e46e-475c-8a69-e398b3d26fe5','2015-07-19 06:51:45','1'),('GEKU5FZBC9','0110cec4-4381-4648-9bb2-98fc6bf1d56f','2015-07-20 04:58:39','1'),('RW4CVRB4LJ','a0522542-dbdc-4ead-8066-af07bef64a13','2015-07-20 06:28:10','1'),('DQ0JQO5SI2','75f25f83-d208-429c-884a-0832306c1942','2015-07-20 06:59:19','4bae9afc-2cce-4df0-ae93-3f34c89b654b'),('DQ0JQO5SI2','ab3f4aec-84f4-4633-af3d-aaf7b9c6859f','2015-07-20 07:44:24','1'),('CFLYU8R96V','f6a53b2a-c3bf-4d31-8101-da9a6a2eadb4','2015-07-20 09:11:56','65d518cc-7e72-457f-bccb-81feba63bdeb'),('CFLYU8R96V','0110cec4-4381-4648-9bb2-98fc6bf1d56f','2015-07-20 11:51:53','1'),('CFLYU8R96V','0110cec4-4381-4648-9bb2-98fc6bf1d56f','2015-07-20 11:55:26','1'),('CFLYU8R96V','0110cec4-4381-4648-9bb2-98fc6bf1d56f','2015-07-20 11:55:36','1'),('QOMBKD7ATT','82509de5-e98b-4ff7-b83c-c93dc604667e','2015-07-20 12:13:19','5f853e99-3b32-466f-8468-41e80218f992'),('QOMBKD7ATT','02f1ac52-c358-40b9-b721-145e24c3cd6b','2015-07-20 12:23:05','1'),('DQ0JQO5SI2','ab3f4aec-84f4-4633-af3d-aaf7b9c6859f','2015-07-20 12:26:57','1'),('D9CECE2JX5','02f1ac52-c358-40b9-b721-145e24c3cd6b','2015-07-20 13:09:47','1'),('I1TWR4BVLR','358ad19c-94aa-4f6b-8b5c-c91fad573665','2015-07-20 14:45:16','1'),('4IPG2XEWYW','1e19be65-4d1e-491f-974b-0d11eb9102f8','2015-07-20 15:10:13','1'),('AD9FUIREOQ','75f25f83-d208-429c-884a-0832306c1942','2015-07-20 16:05:19','745fed8d-b135-4cd0-b986-a05d881a07a1'),('8Y4NNOPNUO','f3d18f0f-96f6-4cea-8012-fa4c443d1725','2015-07-21 06:15:53','1'),('8Y4NNOPNUO','f3d18f0f-96f6-4cea-8012-fa4c443d1725','2015-07-21 06:27:26','1'),('D5F7JL6U4H','1e19be65-4d1e-491f-974b-0d11eb9102f8','2015-07-21 06:29:30','1'),('XXO0P2R68R','1e19be65-4d1e-491f-974b-0d11eb9102f8','2015-07-21 06:30:10','1'),('3NP8NRYL5P','1e19be65-4d1e-491f-974b-0d11eb9102f8','2015-07-21 06:30:27','1'),('PP2USD4FQY','1e19be65-4d1e-491f-974b-0d11eb9102f8','2015-07-21 06:30:46','1'),('760065HUNC','1e19be65-4d1e-491f-974b-0d11eb9102f8','2015-07-21 06:32:27','1'),('5HV34X0RZ6','a0522542-dbdc-4ead-8066-af07bef64a13','2015-07-21 06:35:46','1'),('7G6EI8WF3X','0110cec4-4381-4648-9bb2-98fc6bf1d56f','2015-07-21 07:12:18','1'),('7G6EI8WF3X','0110cec4-4381-4648-9bb2-98fc6bf1d56f','2015-07-21 13:13:22','1'),('3N4M45YBQ5','f6a53b2a-c3bf-4d31-8101-da9a6a2eadb4','2015-07-21 13:14:34','12873b88-4a79-4925-a263-06244782e518'),('7G6EI8WF3X','0110cec4-4381-4648-9bb2-98fc6bf1d56f','2015-07-21 13:15:47','1'),('7G6EI8WF3X','0110cec4-4381-4648-9bb2-98fc6bf1d56f','2015-07-21 13:15:53','1'),('7G6EI8WF3X','0110cec4-4381-4648-9bb2-98fc6bf1d56f','2015-07-21 13:16:02','1'),('7G6EI8WF3X','0110cec4-4381-4648-9bb2-98fc6bf1d56f','2015-07-21 13:16:18','1'),('7G6EI8WF3X','0110cec4-4381-4648-9bb2-98fc6bf1d56f','2015-07-21 13:17:05','1'),('7G6EI8WF3X','0110cec4-4381-4648-9bb2-98fc6bf1d56f','2015-07-21 13:18:33','1'),('7G6EI8WF3X','0110cec4-4381-4648-9bb2-98fc6bf1d56f','2015-07-21 13:19:18','1'),('831L5TZLF2','0110cec4-4381-4648-9bb2-98fc6bf1d56f','2015-07-21 13:24:58','1'),('831L5TZLF2','75cfcd3a-7e2c-4a31-93ee-30fc43f45971','2015-07-21 13:25:29','1'),('831L5TZLF2','0110cec4-4381-4648-9bb2-98fc6bf1d56f','2015-07-21 13:26:17','1'),('831L5TZLF2','0110cec4-4381-4648-9bb2-98fc6bf1d56f','2015-07-21 13:27:59','1'),('831L5TZLF2','0110cec4-4381-4648-9bb2-98fc6bf1d56f','2015-07-21 13:31:05','1'),('831L5TZLF2','0110cec4-4381-4648-9bb2-98fc6bf1d56f','2015-07-21 13:31:19','1'),('831L5TZLF2','75cfcd3a-7e2c-4a31-93ee-30fc43f45971','2015-07-21 13:31:36','1'),('831L5TZLF2','75cfcd3a-7e2c-4a31-93ee-30fc43f45971','2015-07-21 13:41:39','1'),('831L5TZLF2','75cfcd3a-7e2c-4a31-93ee-30fc43f45971','2015-07-21 13:41:50','1'),('831L5TZLF2','0110cec4-4381-4648-9bb2-98fc6bf1d56f','2015-07-21 13:42:01','1'),('7G6EI8WF3X','0110cec4-4381-4648-9bb2-98fc6bf1d56f','2015-07-21 13:45:49','1'),('D9CECE2JX5','02f1ac52-c358-40b9-b721-145e24c3cd6b','2015-07-21 13:50:02','1'),('7D20R0LBKJ','b9179a1a-7b35-4f4c-8eb8-08662fa76855','2015-07-21 13:52:25','1'),('3N4M45YBQ5','0110cec4-4381-4648-9bb2-98fc6bf1d56f','2015-07-21 13:59:36','1'),('NWWOHQUE6I','2405524f-ecf4-48a8-ab8e-92d81eeba995','2015-07-21 14:10:01','64a1c480-80e5-4971-86f8-2156f1b6bbce'),('NWWOHQUE6I','358ad19c-94aa-4f6b-8b5c-c91fad573665','2015-07-21 14:36:24','1'),('8Y4NNOPNUO','a0522542-dbdc-4ead-8066-af07bef64a13','2015-07-21 14:36:41','1'),('GN3262LKCA','9f196ee0-7aad-4eed-b876-b35cd1af2dc2','2015-07-22 04:56:02','d929bfd5-6324-45a5-a21f-48be0312d1be'),('GN3262LKCA','f3d18f0f-96f6-4cea-8012-fa4c443d1725','2015-07-22 05:12:32','1'),('D9CECE2JX5','900b5843-139c-495f-a101-ff1dadccc550','2015-07-22 05:57:14','1'),('GN3262LKCA','a0522542-dbdc-4ead-8066-af07bef64a13','2015-07-22 07:48:17','1'),('OZ7E0M1GPM','9f196ee0-7aad-4eed-b876-b35cd1af2dc2','2015-07-22 13:31:16','9fdc2e5d-0c21-4551-b02a-ef3cbe6c36a9'),('OZ7E0M1GPM','f3d18f0f-96f6-4cea-8012-fa4c443d1725','2015-07-22 13:43:56','1'),('LERELTNTJC','73dbea28-a941-4105-a62c-8fd8076dad19','2015-07-23 08:36:41','1'),('OZ7E0M1GPM','a0522542-dbdc-4ead-8066-af07bef64a13','2015-07-23 10:11:16','1'),('OZ7E0M1GPM','f3d18f0f-96f6-4cea-8012-fa4c443d1725','2015-07-23 10:16:26','1'),('9QNXSRWCL5','0ad53e94-9164-4514-86e6-ba09d680fb2b','2015-07-23 11:27:06','32e7b144-7c2b-49c7-8e57-3e30c0ad90f7'),('9QNXSRWCL5','537a3f36-cb25-4ebd-a39e-935e3e47dc70','2015-07-23 12:04:22','1'),('ZT5W9UT10W','5d7be614-2379-4ba7-852c-16cc936b0931','2015-07-24 06:16:01','5be4c020-b709-4915-bd23-539f913bde12'),('2RRLHWL6C4','0110cec4-4381-4648-9bb2-98fc6bf1d56f','2015-07-24 09:14:59','1'),('T5FT67FGRF','0110cec4-4381-4648-9bb2-98fc6bf1d56f','2015-07-24 09:24:51','1'),('OZ7E0M1GPM','41bbdd9c-0e96-409f-a594-cf86caaf781c','2015-07-24 09:38:23','1'),('NX2NR0W573','75f25f83-d208-429c-884a-0832306c1942','2015-07-24 10:03:15','745fed8d-b135-4cd0-b986-a05d881a07a1'),('NX2NR0W573','840aefae-c844-4f83-9967-e0de946cd627','2015-07-24 10:06:05','1'),('ZT5W9UT10W','da12c857-d62c-429b-9965-e3ba2ffb6acb','2015-07-24 10:40:00','1'),('2GFWOT7X06','4c60b1e6-c3d3-45d3-a2b6-acec1094068d','2015-07-24 12:16:58','1'),('B8VHVUR6OI','8a87d07f-3958-494e-ace8-57b702dde8a4','2015-07-24 12:43:49','1'),('00FWY3F7HA','8a87d07f-3958-494e-ace8-57b702dde8a4','2015-07-24 12:48:13','1'),('ZT5W9UT10W','da12c857-d62c-429b-9965-e3ba2ffb6acb','2015-07-24 13:05:50','1'),('Y438CVZ3S7','f6a53b2a-c3bf-4d31-8101-da9a6a2eadb4','2015-07-25 17:16:07','71a15f27-f663-41e4-ae23-3666a7a05c5e'),('Y438CVZ3S7','4fb52808-65fd-4714-b167-96105b6513c3','2015-07-27 04:47:21','1'),('ZT5W9UT10W','1e549e4b-31c7-455e-a6b8-1bf9b34de33e','2015-07-27 04:59:12','1'),('BQCPSXRJKW','41eb97ae-d576-4b0c-9ba2-264b1a531142','2015-07-27 05:14:51','1'),('TCGPT54I0U','41eb97ae-d576-4b0c-9ba2-264b1a531142','2015-07-27 05:34:24','1'),('XDT8WZ9G0R','41eb97ae-d576-4b0c-9ba2-264b1a531142','2015-07-27 05:35:23','1'),('VOH5AN8CXX','41eb97ae-d576-4b0c-9ba2-264b1a531142','2015-07-27 05:36:25','1'),('2HCX5OKT8R','4fb52808-65fd-4714-b167-96105b6513c3','2015-07-27 06:31:46','1'),('SHOBLLY3XV','4fb52808-65fd-4714-b167-96105b6513c3','2015-07-27 06:32:13','1'),('B3PK2UESN8','4fb52808-65fd-4714-b167-96105b6513c3','2015-07-27 06:32:41','1'),('1NEPYAWYMY','4fb52808-65fd-4714-b167-96105b6513c3','2015-07-27 06:33:05','1'),('YQ5GSUFZ48','68429fb6-acad-4f92-90fe-5aaef677ce16','2015-07-27 07:37:31','1'),('J349CRRQOV','68429fb6-acad-4f92-90fe-5aaef677ce16','2015-07-27 07:37:54','1'),('CAZMNQH23R','82509de5-e98b-4ff7-b83c-c93dc604667e','2015-07-27 09:32:24','25b6dc5d-df02-473d-8a69-08b3475f506b'),('QKNT5F916X','68429fb6-acad-4f92-90fe-5aaef677ce16','2015-07-27 10:58:31','1'),('N392I4GUTT','bacce358-caa1-49c4-82c9-cf64eaa39ea9','2015-07-27 14:11:28','50506173-f4cd-4b00-9965-c2b1fc8a8af7'),('BKANAB4ZKH','75f25f83-d208-429c-884a-0832306c1942','2015-07-27 15:51:09','745fed8d-b135-4cd0-b986-a05d881a07a1'),('6XM37DEYD7','2405524f-ecf4-48a8-ab8e-92d81eeba995','2015-07-27 16:34:43','2c4bb16c-9006-420d-8ca1-7f0abe590f21'),('N392I4GUTT','725736cd-2039-483f-8a30-460232d539a3','2015-07-28 05:06:59','1'),('BKANAB4ZKH','ab3f4aec-84f4-4633-af3d-aaf7b9c6859f','2015-07-28 05:10:04','1'),('6XM37DEYD7','358ad19c-94aa-4f6b-8b5c-c91fad573665','2015-07-28 05:29:37','1'),('V3W5MFC3P3','0110cec4-4381-4648-9bb2-98fc6bf1d56f','2015-07-28 06:24:48','1'),('V3W5MFC3P3','75cfcd3a-7e2c-4a31-93ee-30fc43f45971','2015-07-28 06:25:05','1'),('V3W5MFC3P3','0110cec4-4381-4648-9bb2-98fc6bf1d56f','2015-07-28 06:25:36','1'),('V3W5MFC3P3','0110cec4-4381-4648-9bb2-98fc6bf1d56f','2015-07-28 06:30:25','1'),('V2WLNNF0C9','5d7be614-2379-4ba7-852c-16cc936b0931','2015-07-28 06:34:33','d07f42c4-0b08-42c5-932c-f6421d6bc082'),('1D6I2AUMBK','68429fb6-acad-4f92-90fe-5aaef677ce16','2015-07-28 06:48:50','1'),('V2WLNNF0C9','da12c857-d62c-429b-9965-e3ba2ffb6acb','2015-07-28 07:06:09','1'),('VX5ZVGW69F','0110cec4-4381-4648-9bb2-98fc6bf1d56f','2015-07-28 07:33:39','1'),('ANF6SUSNB1','f6a53b2a-c3bf-4d31-8101-da9a6a2eadb4','2015-07-28 07:47:10','ce9d78d8-0386-4a69-8ca9-e3e368688065'),('PGEFOEHWIU','f6a53b2a-c3bf-4d31-8101-da9a6a2eadb4','2015-07-28 11:27:16','1a318f94-3363-48bc-a7db-3753af5a3377'),('X3V7YET31A','a0522542-dbdc-4ead-8066-af07bef64a13','2015-07-28 12:20:38','1'),('ORS2Q2IC9C','a0522542-dbdc-4ead-8066-af07bef64a13','2015-07-28 12:20:57','1'),('ORNW1PSR0C','a0522542-dbdc-4ead-8066-af07bef64a13','2015-07-28 12:21:18','1'),('7B1UDYPNIB','a0522542-dbdc-4ead-8066-af07bef64a13','2015-07-28 12:21:33','1'),('3VAH0R8DUD','a0522542-dbdc-4ead-8066-af07bef64a13','2015-07-28 12:21:49','1'),('Q7E4JFFLQV','a0522542-dbdc-4ead-8066-af07bef64a13','2015-07-28 12:22:09','1'),('FH6TR3WCA2','a0522542-dbdc-4ead-8066-af07bef64a13','2015-07-28 12:27:25','1'),('PCU9RG39S2','a0522542-dbdc-4ead-8066-af07bef64a13','2015-07-28 12:27:41','1'),('G3C0MOSH5D','9f196ee0-7aad-4eed-b876-b35cd1af2dc2','2015-07-28 13:07:48','0c73cbad-0aa8-419f-9770-6a684a24d615'),('PGEFOEHWIU','0110cec4-4381-4648-9bb2-98fc6bf1d56f','2015-07-29 05:31:08','1'),('YM1APKNQSX','a0522542-dbdc-4ead-8066-af07bef64a13','2015-07-29 06:11:06','1'),('OUBY40UVYD','a0522542-dbdc-4ead-8066-af07bef64a13','2015-07-29 06:13:16','1'),('DVQV9STNC0','a0522542-dbdc-4ead-8066-af07bef64a13','2015-07-29 06:16:51','1'),('ZBJ5ZQH91Z','a0522542-dbdc-4ead-8066-af07bef64a13','2015-07-29 06:17:53','1'),('FIPZ3VOM9C','a0522542-dbdc-4ead-8066-af07bef64a13','2015-07-29 06:19:21','1'),('5JML1GERMJ','a0522542-dbdc-4ead-8066-af07bef64a13','2015-07-29 06:20:43','1'),('AUV97HUUFM','a0522542-dbdc-4ead-8066-af07bef64a13','2015-07-29 08:57:48','1'),('6L2MM99LK8','a0522542-dbdc-4ead-8066-af07bef64a13','2015-07-29 08:58:36','1'),('JFOXK3VP4G','a0522542-dbdc-4ead-8066-af07bef64a13','2015-07-29 08:59:36','1'),('L49JDUFEAO','a0522542-dbdc-4ead-8066-af07bef64a13','2015-07-29 09:00:03','1'),('Y4PINDT1Y1','41bbdd9c-0e96-409f-a594-cf86caaf781c','2015-07-29 09:06:12','1'),('XSNIWK9P4V','f6a53b2a-c3bf-4d31-8101-da9a6a2eadb4','2015-07-29 09:07:08','3da1505e-a3be-43c7-83f0-f4d4559ff1cc'),('393G58PMAY','41bbdd9c-0e96-409f-a594-cf86caaf781c','2015-07-29 09:15:02','1'),('ZOB2YWHL4W','41bbdd9c-0e96-409f-a594-cf86caaf781c','2015-07-29 09:17:37','1'),('ZM2QB50JP9','41bbdd9c-0e96-409f-a594-cf86caaf781c','2015-07-29 09:22:13','1'),('68HSLEODQR','f3d18f0f-96f6-4cea-8012-fa4c443d1725','2015-07-29 09:23:27','1'),('68HSLEODQR','41bbdd9c-0e96-409f-a594-cf86caaf781c','2015-07-29 09:23:32','1'),('Q4XFEECQMK','41bbdd9c-0e96-409f-a594-cf86caaf781c','2015-07-29 09:28:31','1'),('8UBJXIR0MV','41bbdd9c-0e96-409f-a594-cf86caaf781c','2015-07-29 09:45:59','1'),('NYQ2TRFSD5','41bbdd9c-0e96-409f-a594-cf86caaf781c','2015-07-29 09:51:02','1'),('A6O73XT1OI','41bbdd9c-0e96-409f-a594-cf86caaf781c','2015-07-29 09:54:40','1'),('PCGEWGF9CM','41bbdd9c-0e96-409f-a594-cf86caaf781c','2015-07-29 09:57:04','1'),('DPB2I780GI','41bbdd9c-0e96-409f-a594-cf86caaf781c','2015-07-29 10:00:12','1'),('3C7WPENLAC','41bbdd9c-0e96-409f-a594-cf86caaf781c','2015-07-29 10:04:06','1'),('F5FSEZP03G','41bbdd9c-0e96-409f-a594-cf86caaf781c','2015-07-29 10:06:53','1'),('G3C0MOSH5D','41bbdd9c-0e96-409f-a594-cf86caaf781c','2015-07-29 11:14:16','1'),('VX5ZVGW69F','4fb52808-65fd-4714-b167-96105b6513c3','2015-07-29 12:18:55','1'),('VX5ZVGW69F','4fb52808-65fd-4714-b167-96105b6513c3','2015-07-29 12:19:41','1'),('ANF6SUSNB1','4fb52808-65fd-4714-b167-96105b6513c3','2015-07-29 12:20:06','1'),('UD7ZHXBPTY','f6a53b2a-c3bf-4d31-8101-da9a6a2eadb4','2015-07-29 12:22:44','5ad6cf67-c1dc-46da-9e39-32f67ab9301e'),('2IEZR7GLOD','82509de5-e98b-4ff7-b83c-c93dc604667e','2015-07-30 06:39:33','9af97447-db08-41ae-b2f6-260bcf67f738'),('2IEZR7GLOD','02f1ac52-c358-40b9-b721-145e24c3cd6b','2015-07-30 06:40:33','1'),('V2WLNNF0C9','1e549e4b-31c7-455e-a6b8-1bf9b34de33e','2015-07-30 07:18:38','1'),('0X8NS0NLP9','9a2ad794-8311-445f-9c39-400f7b17842e','2015-07-30 07:45:42','1'),('UD7ZHXBPTY','0110cec4-4381-4648-9bb2-98fc6bf1d56f','2015-07-30 11:24:22','1'),('XSNIWK9P4V','0110cec4-4381-4648-9bb2-98fc6bf1d56f','2015-07-30 11:26:01','1'),('V3W5MFC3P3','68429fb6-acad-4f92-90fe-5aaef677ce16','2015-07-31 05:21:38','1'),('QOMBKD7ATT','4c60b1e6-c3d3-45d3-a2b6-acec1094068d','2015-07-31 12:34:59','1'),('HYNWPGQ1Q3','2405524f-ecf4-48a8-ab8e-92d81eeba995','2015-07-31 14:03:46','a63656d1-71e2-441e-842f-0449ffebbf7c'),('PNP52U70JM','2405524f-ecf4-48a8-ab8e-92d81eeba995','2015-07-31 14:06:31','5a34bc26-c627-4792-a99f-45e8ebc00f7f'),('1KTJN02O57','82509de5-e98b-4ff7-b83c-c93dc604667e','2015-08-01 07:33:57','2175c5a8-56bb-4ef6-98d6-f4b2c16135b6'),('QRAKGQMJHC','f6a53b2a-c3bf-4d31-8101-da9a6a2eadb4','2015-08-02 05:29:45','6ec66a90-cc4c-4b95-a4b3-4a3cf4178d59'),('BZBSVOWAMR','f6a53b2a-c3bf-4d31-8101-da9a6a2eadb4','2015-08-02 05:33:02','53ca0cbe-0d04-492e-b819-a452c7c31099'),('3UFUDIAMKY','75f25f83-d208-429c-884a-0832306c1942','2015-08-02 07:10:37','89ac741a-75bb-43ec-8773-df3a3f18a283'),('1KTJN02O57','900b5843-139c-495f-a101-ff1dadccc550','2015-08-03 04:52:41','1'),('PNP52U70JM','8a87d07f-3958-494e-ace8-57b702dde8a4','2015-08-03 05:02:01','1'),('PNP52U70JM','8a87d07f-3958-494e-ace8-57b702dde8a4','2015-08-03 05:02:15','1'),('QRAKGQMJHC','0110cec4-4381-4648-9bb2-98fc6bf1d56f','2015-08-03 05:32:45','1'),('BZBSVOWAMR','0110cec4-4381-4648-9bb2-98fc6bf1d56f','2015-08-03 05:35:02','1'),('3UFUDIAMKY','ab3f4aec-84f4-4633-af3d-aaf7b9c6859f','2015-08-03 05:46:26','1'),('2IEZR7GLOD','4c60b1e6-c3d3-45d3-a2b6-acec1094068d','2015-08-03 06:37:08','1'),('XSNIWK9P4V','4fb52808-65fd-4714-b167-96105b6513c3','2015-08-03 08:59:29','1'),('9SPUK8F0A3','2405524f-ecf4-48a8-ab8e-92d81eeba995','2015-08-03 11:02:07','9c6b76b7-31ce-4e52-9e8b-5b0e105332fe'),('RQ5FJXJ2K7','75f25f83-d208-429c-884a-0832306c1942','2015-08-03 13:33:20','43fffd71-0db4-4e6e-8c34-48d4d59e323f'),('RQ5FJXJ2K7','41eb97ae-d576-4b0c-9ba2-264b1a531142','2015-08-04 05:14:47','1'),('Q1KED3S3RJ','82509de5-e98b-4ff7-b83c-c93dc604667e','2015-08-04 07:14:08','0cdd0e0b-8f9a-461b-b772-e5faf3c5f470'),('Q1KED3S3RJ','900b5843-139c-495f-a101-ff1dadccc550','2015-08-04 07:33:21','1'),('CUJVLD4W0T','82509de5-e98b-4ff7-b83c-c93dc604667e','2015-08-05 04:53:34','87e1ef9a-bbc5-4f9a-a69a-ee384e13297c'),('IC0OJ7ZN63','f6a53b2a-c3bf-4d31-8101-da9a6a2eadb4','2015-08-05 05:28:00','71d718ef-187a-4668-92ae-3a33e280f1f9'),('IC0OJ7ZN63','0110cec4-4381-4648-9bb2-98fc6bf1d56f','2015-08-05 08:46:35','1'),('ZNVRU10OHL','96a2367a-7a23-458b-835c-6d6aafb73470','2015-08-05 10:26:57','c654a40b-c813-488b-bfe3-d9d1a6e067a9'),('IC0OJ7ZN63','4fb52808-65fd-4714-b167-96105b6513c3','2015-08-05 11:11:48','1'),('ZNVRU10OHL','2a805773-a4af-4ca8-b07b-7775d1f89d36','2015-08-05 11:18:26','1'),('ZNVRU10OHL','2a805773-a4af-4ca8-b07b-7775d1f89d36','2015-08-05 11:19:00','1'),('QRAKGQMJHC','4fb52808-65fd-4714-b167-96105b6513c3','2015-08-05 11:49:00','1'),('BZBSVOWAMR','4fb52808-65fd-4714-b167-96105b6513c3','2015-08-05 11:50:51','1'),('UD7ZHXBPTY','68429fb6-acad-4f92-90fe-5aaef677ce16','2015-08-05 11:52:31','1'),('MTFABP2DJ5','75f25f83-d208-429c-884a-0832306c1942','2015-08-06 11:06:46','493965a0-c0fd-4c99-af25-12c3ee174a86'),('MTFABP2DJ5','41eb97ae-d576-4b0c-9ba2-264b1a531142','2015-08-06 11:08:48','1'),('HW0ROY9S7A','75f25f83-d208-429c-884a-0832306c1942','2015-08-07 03:43:45','8d7fe1d0-fc06-4dff-a621-28c21d49f25f'),('HW0ROY9S7A','ab3f4aec-84f4-4633-af3d-aaf7b9c6859f','2015-08-07 05:47:00','1'),('Y7NWJ4WAC0','f6a53b2a-c3bf-4d31-8101-da9a6a2eadb4','2015-08-07 06:08:39','79357038-6b60-44d2-aa86-f3a5278d57fb'),('SVP7VISQ37','f6a53b2a-c3bf-4d31-8101-da9a6a2eadb4','2015-08-07 07:36:32','7e95f81d-00c4-4bca-afab-3054f7e7c6f2'),('GPX3VT5NRY','f6a53b2a-c3bf-4d31-8101-da9a6a2eadb4','2015-08-07 07:40:47','a7059688-0ca4-4046-96de-39f469f9ba5a'),('GPX3VT5NRY','0110cec4-4381-4648-9bb2-98fc6bf1d56f','2015-08-07 10:18:47','1'),('QW4UHZVN0P','82509de5-e98b-4ff7-b83c-c93dc604667e','2015-08-07 10:49:01','ea3ba84d-44b7-4ccc-9d6c-bfa29ea4dcac'),('QW4UHZVN0P','02f1ac52-c358-40b9-b721-145e24c3cd6b','2015-08-07 11:18:36','1'),('SVP7VISQ37','0110cec4-4381-4648-9bb2-98fc6bf1d56f','2015-08-07 11:50:31','1'),('Y30IXCWGLQ','5d7be614-2379-4ba7-852c-16cc936b0931','2015-08-08 02:43:04','d84bf351-301c-4e43-9207-6a39e073a1ad'),('75O5KV4JXY','82509de5-e98b-4ff7-b83c-c93dc604667e','2015-08-08 05:03:02','25b6dc5d-df02-473d-8a69-08b3475f506b'),('Y30IXCWGLQ','da12c857-d62c-429b-9965-e3ba2ffb6acb','2015-08-09 05:29:19','1'),('RX2AKOTXOV','5d7be614-2379-4ba7-852c-16cc936b0931','2015-08-09 12:43:24','752f8e3d-d1ae-46ad-b626-b4de1207d3c8'),('F0A4NRSBUJ','5d7be614-2379-4ba7-852c-16cc936b0931','2015-08-09 12:45:40','35dc90de-2f30-454f-b10e-36a9155ef267');
/*!40000 ALTER TABLE `order_status` ENABLE KEYS */;
UNLOCK TABLES;

--
-- Table structure for table `order_symptoms`
--

DROP TABLE IF EXISTS `order_symptoms`;
/*!40101 SET @saved_cs_client     = @@character_set_client */;
/*!40101 SET character_set_client = utf8 */;
CREATE TABLE `order_symptoms` (
  `orderId` varchar(50) DEFAULT NULL,
  `symptomsId` varchar(50) DEFAULT NULL,
  `symptomsDesc` varchar(200) DEFAULT NULL,
  KEY `orderId` (`orderId`),
  KEY `symptomsId` (`symptomsId`),
  CONSTRAINT `order_symptoms_ibfk_1` FOREIGN KEY (`orderId`) REFERENCES `order_info` (`orderId`) ON DELETE CASCADE ON UPDATE CASCADE,
  CONSTRAINT `order_symptoms_ibfk_2` FOREIGN KEY (`symptomsId`) REFERENCES `symptoms` (`symsptomsId`) ON DELETE CASCADE ON UPDATE CASCADE
) ENGINE=InnoDB DEFAULT CHARSET=latin1;
/*!40101 SET character_set_client = @saved_cs_client */;

--
-- Dumping data for table `order_symptoms`
--

LOCK TABLES `order_symptoms` WRITE;
/*!40000 ALTER TABLE `order_symptoms` DISABLE KEYS */;
INSERT INTO `order_symptoms` VALUES ('LERELTNTJC','S0002','');
/*!40000 ALTER TABLE `order_symptoms` ENABLE KEYS */;
UNLOCK TABLES;

--
-- Table structure for table `order_user`
--

DROP TABLE IF EXISTS `order_user`;
/*!40101 SET @saved_cs_client     = @@character_set_client */;
/*!40101 SET character_set_client = utf8 */;
CREATE TABLE `order_user` (
  `orderId` varchar(50) DEFAULT NULL,
  `userId` varchar(50) DEFAULT NULL,
  KEY `orderId` (`orderId`),
  CONSTRAINT `order_user_ibfk_1` FOREIGN KEY (`orderId`) REFERENCES `order_info` (`orderId`) ON DELETE CASCADE ON UPDATE CASCADE
) ENGINE=InnoDB DEFAULT CHARSET=latin1;
/*!40101 SET character_set_client = @saved_cs_client */;

--
-- Dumping data for table `order_user`
--

LOCK TABLES `order_user` WRITE;
/*!40000 ALTER TABLE `order_user` DISABLE KEYS */;
INSERT INTO `order_user` VALUES ('AJFQ7K0EYM','9ba2f0d7-9679-4696-945c-a95faf2f1411'),('GALOSNZN29','9ba2f0d7-9679-4696-945c-a95faf2f1411'),('D1GEILXHXZ','48b89e5c-4a51-4e2c-a17c-633902545223'),('ESDEVF3DL8','dbf2098e-f966-4bb5-a5b5-53f5077aa38c'),('CEL8Y0639A','94348691-abef-4b58-8b16-494802e2cbbf'),('IKWVJFULWX','67e74b4d-23d8-434a-a9bd-340da9cd0144'),('Q7O28I3D0M','c654a40b-c813-488b-bfe3-d9d1a6e067a9'),('8BDLIC90Y8','5b798f3d-49f0-48fb-9a48-e41835677cd8'),('LERELTNTJC','32b1cfd8-f3ba-43eb-b916-e3432162d7eb'),('7BPPI9BG6H','537c2a98-5e46-4808-9c07-cb5f02c242a4'),('4YLDDRWRGN','d1614f59-d0c8-4a15-aee6-4d9da1435562'),('RN4RRPOZIC','d1614f59-d0c8-4a15-aee6-4d9da1435562'),('PB92RB6M8F','abd4e6b6-d153-4be4-9834-724e247a454f'),('BB5XV2Y59A','dbf2098e-f966-4bb5-a5b5-53f5077aa38c'),('AHQAMSIGDL','dbf2098e-f966-4bb5-a5b5-53f5077aa38c'),('BH951FDWRV','8d7fe1d0-fc06-4dff-a621-28c21d49f25f'),('VMACP2Z9OQ','af048f21-1411-42ea-9eba-11d6aba2026f'),('IFOWTREAZ6','9ba2f0d7-9679-4696-945c-a95faf2f1411'),('4CGKGVYSJR','e57c9e9c-0b0f-4e14-94c6-8d666bf78fcc'),('QQYFHYXLZH','1f38543c-c3fc-4211-9db8-15b989f387c9'),('8V6FZ6NWS6','2d81dfda-080a-4e3c-a3bf-c2c60318ce15'),('COBHO73H1E','b504060e-a4be-41b6-833d-6157e0e17804'),('1V8ZBXPO00','b504060e-a4be-41b6-833d-6157e0e17804'),('VKSIVSJN6H','b504060e-a4be-41b6-833d-6157e0e17804'),('11521LUKDS','b504060e-a4be-41b6-833d-6157e0e17804'),('D5KR6CWK6D','f7277137-bc95-4d32-9dac-463ad574d355'),('1JTCNE7O78','8ef0f550-0f04-4ff2-9c45-76df64f864f0'),('LPG9AQP38I','71d718ef-187a-4668-92ae-3a33e280f1f9'),('U3C40PCGIA','11f36877-1837-460a-8b99-fb7ac3dfb871'),('PE0NHT6ETU','745fed8d-b135-4cd0-b986-a05d881a07a1'),('PLTP7XYBQI','849580d7-514d-4de4-a13a-c0f1a2a13fdb'),('YX3HGMZC50','ff418810-348a-4693-8e78-4015997dcc06'),('6I34U7D22W','a48a21f3-06fd-4fb8-bf02-ea5fbdb73cb0'),('2Z2CEZUHTG','745fed8d-b135-4cd0-b986-a05d881a07a1'),('M1E879XYK7','12cc1645-fb89-4c04-9534-7bff28f1672a'),('PVL3HEYJLZ','9730625c-d9ff-4713-93d0-74c2659f920a'),('CBI3750XAW','822e694f-c232-467b-8b87-d593b13aff84'),('QR0GPCWNHF','745fed8d-b135-4cd0-b986-a05d881a07a1'),('DQEW8UWLHO','eadad116-37c9-4450-ab25-907ad1609976'),('6ETOQB62DU','745fed8d-b135-4cd0-b986-a05d881a07a1'),('MFE5L7YDMT','237f7524-0329-45d8-830e-896994c93cb5'),('D3O99NMKOL','745fed8d-b135-4cd0-b986-a05d881a07a1'),('LFNJ96KUL3','36ddf6c9-2244-4b91-b1af-95e70aabf555'),('G50K2H5JKE','0ba7089e-95f5-4835-aafc-4b4c238d4833'),('DPNXNRX1ZC','1aa5cb29-c060-47ce-aad9-7fbb829b5d42'),('UXEH2MRQCI','5d9088f2-dbed-4beb-b861-9316e18c944b'),('RJ4SIT6DK2','c2c20926-5b6c-4694-b94e-b5e57d875e61'),('03MYHP0WZG','9424d0df-86bb-441f-9634-6558d72f4877'),('4AE3YID3S5','9424d0df-86bb-441f-9634-6558d72f4877'),('J412HJS55N','9424d0df-86bb-441f-9634-6558d72f4877'),('Q8CS0QBS1R','9424d0df-86bb-441f-9634-6558d72f4877'),('0CYPVHNOCW','9424d0df-86bb-441f-9634-6558d72f4877'),('JGL1060LYV','ca9a5bf2-65da-4b5f-a60a-c88c5b56811c'),('LA7NOM3EK3','56971969-4c67-4043-897d-376222d6a325'),('KNZGR7BVX7','f30dea3a-e96f-467f-acd7-8ee2727e6ba3'),('EANF1ODE03','80ba6d72-cb59-41d9-a558-218ee92b2379'),('Y4PINDT1Y1','0c73cbad-0aa8-419f-9770-6a684a24d615'),('KNQHH90NWD','dc7890d2-09b7-4425-9285-1b0c4a42dc60'),('8W46N8WL3M','0c73cbad-0aa8-419f-9770-6a684a24d615'),('0X8NS0NLP9','e108ada8-96f4-4156-9994-fcf1c19d8857'),('2HCX5OKT8R','42411d61-d267-454e-aa9e-602ac07a1958'),('7QWJ2PZJTM','cb9148a4-0d0a-4b8d-80ec-f8dedbab846e'),('PQ3UGQVEJE','80799946-873c-454a-9818-923ffc0cedb3'),('912WF8O4A2','649b2a05-c8b9-4e2c-a191-c9951432e377'),('IHNS1YS5DQ','c0dcdc70-7418-45d2-b315-a54a129f2b04'),('SHOBLLY3XV','82ecb68f-7fb2-45b7-a979-3b9ed3dd34fb'),('5HEQP9L7A4','f30dea3a-e96f-467f-acd7-8ee2727e6ba3'),('VIDKGSHSN6','66106c1b-5195-41fc-af84-c23bd411872c'),('E6OYLV5SWX','7c3da4e3-d35e-43a3-b657-a9dc186bb1e4'),('FIJD0AW4S4','35dc90de-2f30-454f-b10e-36a9155ef267'),('B9DWX5BSNG','752f8e3d-d1ae-46ad-b626-b4de1207d3c8'),('QC0416J0AX','dc180c80-0a09-424d-be6d-65f78f56d860'),('UZ4NNLGNWD','d72ab40f-5465-4400-9e0f-86d785998fcf'),('KWESE9ALZF','8b8bbd17-df25-4d41-9411-38c952e9576f'),('T56WGDOPRE','6b29949e-e933-4436-bbde-24b1832af84f'),('SUMA7BOHJY','7e990ec4-7671-4723-9606-fbb9287fea5e'),('B3PK2UESN8','1d8a7241-dbf6-4d13-9d64-0174d27f31d1'),('393G58PMAY','0c73cbad-0aa8-419f-9770-6a684a24d615'),('ZOB2YWHL4W','0c73cbad-0aa8-419f-9770-6a684a24d615'),('5AXRBGHLMU','1d4d044c-56a8-4de0-af95-181f0b4a8c3f'),('P177TIL9ZZ','e0fbf2fd-a9f3-480c-a1ad-e59280e97a65'),('ZM2QB50JP9','39378c38-7cd6-4ac9-9561-5c13b97c8059'),('YJ2L158KU2','16b1c6e4-bb44-497a-a3e9-5cb0e35cc597'),('68HSLEODQR','c65b7995-a9ca-48f2-9e68-e9036c829cff'),('MWUPHUIWGZ','107d2fd7-3af6-4cc1-a8cb-9812b1dd5ba9'),('0V7QWRDFN0','cb66413f-c9d0-4762-9290-a223d7788497'),('IBBTZMJ9EI','6d3011e0-e6da-4760-8340-6f2f04da2e2a'),('LABSM08GD7','507680ff-7970-41d2-a5ba-a440e65c089e'),('WNNY2GLAA4','8411ea30-144c-475c-9831-568c9a6f8a46'),('BQCPSXRJKW','0cee0a8c-4f6a-4905-a14c-e2c022f7a77b'),('Y3W8TJP3XZ','5be4c020-b709-4915-bd23-539f913bde12'),('O9A1L5UNVO','1bfc20ae-ee1d-43dc-bbd7-82a41233b245'),('1NEPYAWYMY','95443625-75b9-4691-bd81-34cd831ffca2'),('JHBMMQR429','cb575eaf-1d0b-4073-8e61-752c95960513'),('DDY685ZQYM','f1679121-0f29-4350-bcfb-9718eea24e94'),('J8C8GEDD22','b761ea49-3349-430a-9720-6d126556b4b2'),('HQDBQ5GZ94','375e2585-b390-4bab-b811-ae0bfab7b914'),('HKKU6A5ZQF','38d66c7d-54bc-432f-92c4-28c7e34419f8'),('VOH5AN8CXX','b88af0a2-28a7-462f-9ed2-38b6940b40f2'),('XDT8WZ9G0R','04ba7f17-c8ff-4222-a3a4-121b3cc23981'),('9D4EJRHBVD','23e61aaf-2cfe-4173-8bb8-82c7c7196803'),('Z2JXHSQ2BC','c01cfebd-f682-476f-9ccd-e0a0d169841b'),('6RT38CUAI5','897183b5-abfb-44a3-8398-78212311a11d'),('B8VHVUR6OI','9e7b1fe5-b38f-46aa-9715-a2dd6e9ab012'),('DOPH9G089G','88edf27e-9776-4455-b99c-232b37c614ff'),('MQG5SUS9S1','f1679121-0f29-4350-bcfb-9718eea24e94'),('Q4XFEECQMK','74a51b71-ac32-491f-97dc-6e9bd94c9230'),('8UBJXIR0MV','f43bcf2a-ac70-4a92-b9ff-012e8752f484'),('0ECTWJ9QBO','2634d1a9-e1a9-4e48-bdb7-c454bc560648'),('OFCOBCVC1O','a61c438c-d302-4b2c-92b3-f76e6c01b665'),('15Z1D5JSYV','6583a5e8-d270-4ee5-bde9-2b9e4d10f540'),('2RRLHWL6C4','5e163d2a-749e-4f1d-a865-89f7fdf840c1'),('DF0GVTMIZ5','bb5d6143-634b-4fc6-b958-3f4923183e98'),('T5FT67FGRF','f12893f0-b8b8-464d-941e-53f4b93d31d3'),('00FWY3F7HA','f60de61f-52b3-46e2-b23f-5a5b045adc25'),('NYQ2TRFSD5','39146c66-9912-4eff-8ce8-6dc45922f9ce'),('SEZNPGUTPR','39146c66-9912-4eff-8ce8-6dc45922f9ce'),('A6O73XT1OI','a542a2f5-4366-4d01-b987-612193830e03'),('QKNT5F916X','39146c66-9912-4eff-8ce8-6dc45922f9ce'),('VX5ZVGW69F','80b0807e-384d-4a56-9d79-930a5d5a2e4a'),('X66NTDHE1Z','588061f9-d0b7-4b0b-a0b0-e99f32120e01'),('YL0SXP6KDJ','db9f3de6-19e0-4ed0-9541-b23cb470f7aa'),('IXYUZOZBKU','e7373f8d-8797-4b1c-8789-cbebc2fe5cb8'),('JWKO27KF0J','bea2bdc8-92a5-4102-bccf-e5ea79ce97fc'),('YUADDT30WV','84ece5bb-2887-4077-8f08-1aea7bee69f6'),('UQ84IOY562','d1c47e82-112c-4116-a4c2-9af09ad4be6e'),('PCGEWGF9CM','0f014bd6-c8dd-4e9b-8c1d-abf8dfb3e7e6'),('DPB2I780GI','4dd7e595-a4ba-482c-beb4-fe3cc98b0ec0'),('3HJ6NC2X9F','76787762-68fd-4684-8ba2-14cc6dc3ac50'),('5JML1GERMJ','9eeeda12-ef49-41b8-90b6-dc8c061c72ce'),('AUV97HUUFM','1f76545f-5622-4917-be6b-9816b652ffef'),('2GFWOT7X06','329a204c-95b8-43c3-bcba-3f29c22a3a10'),('I55OD8S42T','7d3f3a9f-0d5d-4273-95e0-4a0bdb4dd001'),('Y25BRJKMV9','67934818-cb45-4475-a7e3-ff305dedb005'),('DVQV9STNC0','40b8783e-1cac-4b96-aa32-354007124cc4'),('AX8VL9V83G','9d2feced-8d3b-466c-b3cd-8932245f68f4'),('ZBJ5ZQH91Z','1fdaede3-1522-4de5-a63e-1319d04dd165'),('7D20R0LBKJ','816a1fef-f1f4-49ee-990d-c8f8e96ef80c'),('7G6EI8WF3X','649b2a05-c8b9-4e2c-a191-c9951432e377'),('FIPZ3VOM9C','5030eede-42a1-45b6-9c56-a27c80075eb2'),('3C7WPENLAC','d68807a3-a856-4e05-be6d-90b21d7ef835'),('RW4CVRB4LJ','1e4d482a-d086-41bb-8329-8c13563375db'),('OG5G8O25LH','b5d8c16d-2ed5-4c08-a2bc-697de2124498'),('F5FSEZP03G','63af7b3e-0f53-41c3-9d76-1ee421d999f4'),('ZS5B27NUBJ','27f4124b-b507-4df1-8ee3-50b1e53f8648'),('RN6G5K52KA','6b406568-c875-47bb-9756-a874260efbf5'),('IZ4JCMERFR','861ae407-e6ce-46f5-bfd0-290082da05b8'),('WMPZD8J97Y','f21e1ac2-abec-47e7-a2e0-cb8e659b2b37'),('1D6I2AUMBK','a228af73-eda3-4d26-a2e9-8c313e9ab99c'),('831L5TZLF2','daf32646-a4bf-4db1-8c1c-a0d67f5c0e79'),('8E9UYAFAHG','b92f9caf-23bf-4448-904e-7e6855e0bb8d'),('V3W5MFC3P3','4a926103-23b0-4c40-99ac-0abb8748a5c3'),('Q0N7WYOQWG','d0be8634-1336-4bc9-95f6-0ee5025aaa71'),('ZBEC8KP5TC','8cead587-abe3-4aa2-9d74-e08dcc30e34a'),('6L2MM99LK8','c97d2c53-23e5-46aa-8e24-5aa26eb366d0'),('YM1APKNQSX','69d37097-1c87-4049-bc47-3abb1eb69f79'),('OUBY40UVYD','6850e751-87eb-4476-a619-e9d751684cf8'),('TCGPT54I0U','375e2585-b390-4bab-b811-ae0bfab7b914'),('GEKU5FZBC9','5c367e4c-fe44-40c7-8d94-ee9ee96fa78e'),('OHXT4LKGNC','c4d976aa-e764-4afd-ab68-3ef9dbdedb01'),('76G5Y9WM0T','cefb899d-ccf7-4a4e-ba50-198feaf2be97'),('YQ5GSUFZ48','388d80b6-855c-43dd-a31e-0120d274aa36'),('J349CRRQOV','10c787b5-49cd-4e1b-a4f9-4bd6a95422b6'),('NMH785V8CU','77bca3f5-ade3-4ea0-98f6-928a97367260'),('W4QI0OJGT2','c4e64e10-7170-49f5-81fa-9e7fc53428a0'),('7N1K8AOHGV','d9788476-3cfd-4928-83a5-9e27a0ccf3b5'),('7EWVK3JLB1','f7277137-bc95-4d32-9dac-463ad574d355'),('JFOXK3VP4G','b3e6e51e-5a31-4466-864f-786d41db3e97'),('L49JDUFEAO','c35c1127-7c11-4231-b282-75247b2853a9'),('X3V7YET31A','dd8704de-0ee6-4225-9603-53aa446b9e61'),('ORS2Q2IC9C','9e9087ce-18c4-4720-b19d-18738285f1bd'),('ORNW1PSR0C','10d171a2-d19e-4a62-8a14-6b9e2ef47fba'),('7B1UDYPNIB','028f9e52-6892-478c-b1f6-fbe4c1190f23'),('IZKRI6PMQA','a1f999e4-1f94-4f84-ba2e-cefd89785d22'),('3VAH0R8DUD','58e3f7ab-6bfc-4e3a-8a20-c462b1ee06f8'),('Q7E4JFFLQV','b0b8e70d-7c36-450c-8fba-6a2c6bbf2dc2'),('77UOR1K5NS','a07e221e-8377-4a63-b660-f0612983ecfb'),('FH6TR3WCA2','1e65b7af-04b5-4e3b-a365-0a8774b73200'),('PCU9RG39S2','7273e1a0-c15a-4f76-a722-26d46522eb57'),('LJG8OJ95V5','0c1a6c76-1083-497f-bb14-2f9c6482941a'),('H253L0BE8B','5907a71d-5ed4-4728-bc70-ed8d38f97554'),('BJWDBSDLUS','efddd7b6-4400-4f79-8d0f-c09cebfbf96b'),('I1TWR4BVLR','9ab3ccc7-894c-436f-9354-2e96c9a3ae02'),('BFYY8RFMUN','6d10c60b-e686-4cd8-8613-c885711bce40'),('IHNEIHOQ1A','8756ecbf-3e84-487b-a0b5-ed88291850fb'),('EYLPC0VS9X','99bae633-acd5-4544-bc91-d588c7180788'),('4BYQNSUUA5','77bca3f5-ade3-4ea0-98f6-928a97367260'),('IP15GQ7IKJ','c452692e-130c-4926-a02b-7ea65cbc47a5'),('QUYMWMT76H','9d2feced-8d3b-466c-b3cd-8932245f68f4'),('SH8VY28SP4','9ccd1895-20c7-408b-be74-1e15b60d74b3'),('P1R0B3ODWS','900e0aa3-a25c-4cd6-a46d-6b2261d2047c'),('18KRNAS8VI','aa6c9994-8f4d-469a-ab17-43602bf1ee22'),('LMTUCGZ893','594f13f1-2cf7-48e0-84ab-aa1a833839fa'),('D9CECE2JX5','887cec02-1111-4db6-a1be-43900d4f59a2'),('R6HO2O2V8D','d74d6e4d-5deb-40f7-97e9-4899c5f98e9b'),('D3BHPTYS0W','900e0aa3-a25c-4cd6-a46d-6b2261d2047c'),('4MOPKRLDI9','237f7524-0329-45d8-830e-896994c93cb5'),('GPP59GDWSC','85c90c98-0db6-4be7-b686-53986cd11b59'),('D5F7JL6U4H','921bf2c0-c553-4d2a-a59c-f380eeed1ae5'),('XXO0P2R68R','05e2c428-bb11-406a-9fc7-14f698f8989d'),('3NP8NRYL5P','da2db8f6-dd79-47a2-985e-543f3ee38e41'),('PP2USD4FQY','79906bd4-bf43-4a2f-9ced-9133efd6d906'),('NDRJDMMMLY','dc51d123-35b9-496b-b5d0-2023d1a10a40'),('760065HUNC','0ff52d38-f361-42d2-b1af-b2703cd7f5ae'),('RRX3JYIGQE','b1f937c8-ec78-48a3-8f6a-c86cae10164c'),('5HV34X0RZ6','15dc010f-a2ad-4412-9936-53a506fc79ca'),('4IPG2XEWYW','1cfc6392-9311-4a47-b2c4-70694959cf54'),('8Y4NNOPNUO','1aa1148b-1bd5-4bfe-84d5-4768731e9859'),('DQ0JQO5SI2','4bae9afc-2cce-4df0-ae93-3f34c89b654b'),('CFLYU8R96V','65d518cc-7e72-457f-bccb-81feba63bdeb'),('QOMBKD7ATT','5f853e99-3b32-466f-8468-41e80218f992'),('AD9FUIREOQ','745fed8d-b135-4cd0-b986-a05d881a07a1'),('3N4M45YBQ5','12873b88-4a79-4925-a263-06244782e518'),('NWWOHQUE6I','64a1c480-80e5-4971-86f8-2156f1b6bbce'),('GN3262LKCA','d929bfd5-6324-45a5-a21f-48be0312d1be'),('OZ7E0M1GPM','9fdc2e5d-0c21-4551-b02a-ef3cbe6c36a9'),('9QNXSRWCL5','32e7b144-7c2b-49c7-8e57-3e30c0ad90f7'),('ZT5W9UT10W','5be4c020-b709-4915-bd23-539f913bde12'),('NX2NR0W573','745fed8d-b135-4cd0-b986-a05d881a07a1'),('Y438CVZ3S7','71a15f27-f663-41e4-ae23-3666a7a05c5e'),('CAZMNQH23R','25b6dc5d-df02-473d-8a69-08b3475f506b'),('N392I4GUTT','50506173-f4cd-4b00-9965-c2b1fc8a8af7'),('BKANAB4ZKH','745fed8d-b135-4cd0-b986-a05d881a07a1'),('6XM37DEYD7','2c4bb16c-9006-420d-8ca1-7f0abe590f21'),('V2WLNNF0C9','d07f42c4-0b08-42c5-932c-f6421d6bc082'),('ANF6SUSNB1','ce9d78d8-0386-4a69-8ca9-e3e368688065'),('PGEFOEHWIU','1a318f94-3363-48bc-a7db-3753af5a3377'),('G3C0MOSH5D','0c73cbad-0aa8-419f-9770-6a684a24d615'),('XSNIWK9P4V','3da1505e-a3be-43c7-83f0-f4d4559ff1cc'),('UD7ZHXBPTY','5ad6cf67-c1dc-46da-9e39-32f67ab9301e'),('2IEZR7GLOD','9af97447-db08-41ae-b2f6-260bcf67f738'),('HYNWPGQ1Q3','a63656d1-71e2-441e-842f-0449ffebbf7c'),('PNP52U70JM','5a34bc26-c627-4792-a99f-45e8ebc00f7f'),('1KTJN02O57','2175c5a8-56bb-4ef6-98d6-f4b2c16135b6'),('QRAKGQMJHC','6ec66a90-cc4c-4b95-a4b3-4a3cf4178d59'),('BZBSVOWAMR','53ca0cbe-0d04-492e-b819-a452c7c31099'),('3UFUDIAMKY','89ac741a-75bb-43ec-8773-df3a3f18a283'),('9SPUK8F0A3','9c6b76b7-31ce-4e52-9e8b-5b0e105332fe'),('RQ5FJXJ2K7','43fffd71-0db4-4e6e-8c34-48d4d59e323f'),('Q1KED3S3RJ','0cdd0e0b-8f9a-461b-b772-e5faf3c5f470'),('CUJVLD4W0T','87e1ef9a-bbc5-4f9a-a69a-ee384e13297c'),('IC0OJ7ZN63','71d718ef-187a-4668-92ae-3a33e280f1f9'),('ZNVRU10OHL','c654a40b-c813-488b-bfe3-d9d1a6e067a9'),('MTFABP2DJ5','493965a0-c0fd-4c99-af25-12c3ee174a86'),('HW0ROY9S7A','8d7fe1d0-fc06-4dff-a621-28c21d49f25f'),('Y7NWJ4WAC0','79357038-6b60-44d2-aa86-f3a5278d57fb'),('SVP7VISQ37','7e95f81d-00c4-4bca-afab-3054f7e7c6f2'),('GPX3VT5NRY','a7059688-0ca4-4046-96de-39f469f9ba5a'),('QW4UHZVN0P','ea3ba84d-44b7-4ccc-9d6c-bfa29ea4dcac'),('Y30IXCWGLQ','d84bf351-301c-4e43-9207-6a39e073a1ad'),('75O5KV4JXY','25b6dc5d-df02-473d-8a69-08b3475f506b'),('RX2AKOTXOV','752f8e3d-d1ae-46ad-b626-b4de1207d3c8'),('F0A4NRSBUJ','35dc90de-2f30-454f-b10e-36a9155ef267');
/*!40000 ALTER TABLE `order_user` ENABLE KEYS */;
UNLOCK TABLES;

--
-- Table structure for table `page_services`
--

DROP TABLE IF EXISTS `page_services`;
/*!40101 SET @saved_cs_client     = @@character_set_client */;
/*!40101 SET character_set_client = utf8 */;
CREATE TABLE `page_services` (
  `pageId` varchar(50) DEFAULT NULL,
  `serviceId` varchar(50) DEFAULT NULL,
  KEY `pageId` (`pageId`),
  KEY `serviceId` (`serviceId`),
  CONSTRAINT `page_services_ibfk_1` FOREIGN KEY (`pageId`) REFERENCES `pages` (`pageId`) ON DELETE CASCADE ON UPDATE CASCADE,
  CONSTRAINT `page_services_ibfk_2` FOREIGN KEY (`serviceId`) REFERENCES `services` (`serviceId`) ON DELETE CASCADE ON UPDATE CASCADE
) ENGINE=InnoDB DEFAULT CHARSET=latin1;
/*!40101 SET character_set_client = @saved_cs_client */;

--
-- Dumping data for table `page_services`
--

LOCK TABLES `page_services` WRITE;
/*!40000 ALTER TABLE `page_services` DISABLE KEYS */;
/*!40000 ALTER TABLE `page_services` ENABLE KEYS */;
UNLOCK TABLES;

--
-- Table structure for table `pages`
--

DROP TABLE IF EXISTS `pages`;
/*!40101 SET @saved_cs_client     = @@character_set_client */;
/*!40101 SET character_set_client = utf8 */;
CREATE TABLE `pages` (
  `pageId` varchar(50) NOT NULL,
  `pageName` varchar(50) DEFAULT NULL,
  `pageDescription` varchar(50) DEFAULT NULL,
  PRIMARY KEY (`pageId`)
) ENGINE=InnoDB DEFAULT CHARSET=latin1;
/*!40101 SET character_set_client = @saved_cs_client */;

--
-- Dumping data for table `pages`
--

LOCK TABLES `pages` WRITE;
/*!40000 ALTER TABLE `pages` DISABLE KEYS */;
INSERT INTO `pages` VALUES ('06dd9c7f-da9f-4045-9b29-f4967c07a99c','fdgsg',NULL),('7597e8bb-2059-40e6-a2c0-d47083793728','asfasf',NULL),('bbec4497-5ab9-41ea-bb3a-aaa63d543436','pathologyOrder',NULL),('e45e16e0-8a58-4c68-98b6-4b6aae846bfe','dsdsgdsg',NULL);
/*!40000 ALTER TABLE `pages` ENABLE KEYS */;
UNLOCK TABLES;

--
-- Table structure for table `pathology_cart`
--

DROP TABLE IF EXISTS `pathology_cart`;
/*!40101 SET @saved_cs_client     = @@character_set_client */;
/*!40101 SET character_set_client = utf8 */;
CREATE TABLE `pathology_cart` (
  `userId` varchar(50) DEFAULT NULL,
  `testId` varchar(50) DEFAULT NULL,
  KEY `testId` (`testId`),
  CONSTRAINT `pathology_cart_ibfk_1` FOREIGN KEY (`testId`) REFERENCES `pathology_tests` (`testId`) ON DELETE CASCADE ON UPDATE CASCADE
) ENGINE=InnoDB DEFAULT CHARSET=latin1;
/*!40101 SET character_set_client = @saved_cs_client */;

--
-- Dumping data for table `pathology_cart`
--

LOCK TABLES `pathology_cart` WRITE;
/*!40000 ALTER TABLE `pathology_cart` DISABLE KEYS */;
/*!40000 ALTER TABLE `pathology_cart` ENABLE KEYS */;
UNLOCK TABLES;

--
-- Table structure for table `pathology_deliveryinfo`
--

DROP TABLE IF EXISTS `pathology_deliveryinfo`;
/*!40101 SET @saved_cs_client     = @@character_set_client */;
/*!40101 SET character_set_client = utf8 */;
CREATE TABLE `pathology_deliveryinfo` (
  `pathologyDeliveryId` varchar(40) NOT NULL,
  `deliveryPersonName` varchar(30) DEFAULT NULL,
  `contactNumber` varchar(13) DEFAULT NULL,
  `image` varchar(150) DEFAULT NULL,
  `pathology_vendor_Id` varchar(40) DEFAULT NULL,
  PRIMARY KEY (`pathologyDeliveryId`),
  KEY `pathology_vendor_Id` (`pathology_vendor_Id`),
  CONSTRAINT `pathology_deliveryinfo_ibfk_1` FOREIGN KEY (`pathology_vendor_Id`) REFERENCES `pathology_vendor` (`pathologyvendorId`) ON DELETE CASCADE ON UPDATE CASCADE
) ENGINE=InnoDB DEFAULT CHARSET=latin1;
/*!40101 SET character_set_client = @saved_cs_client */;

--
-- Dumping data for table `pathology_deliveryinfo`
--

LOCK TABLES `pathology_deliveryinfo` WRITE;
/*!40000 ALTER TABLE `pathology_deliveryinfo` DISABLE KEYS */;
/*!40000 ALTER TABLE `pathology_deliveryinfo` ENABLE KEYS */;
UNLOCK TABLES;

--
-- Table structure for table `pathology_order_details`
--

DROP TABLE IF EXISTS `pathology_order_details`;
/*!40101 SET @saved_cs_client     = @@character_set_client */;
/*!40101 SET character_set_client = utf8 */;
CREATE TABLE `pathology_order_details` (
  `orderId` varchar(50) DEFAULT NULL,
  `testId` varchar(50) DEFAULT NULL,
  KEY `orderId` (`orderId`),
  KEY `testId` (`testId`),
  CONSTRAINT `pathology_order_details_ibfk_1` FOREIGN KEY (`orderId`) REFERENCES `pathology_order_info` (`orderId`) ON DELETE CASCADE ON UPDATE CASCADE,
  CONSTRAINT `pathology_order_details_ibfk_2` FOREIGN KEY (`testId`) REFERENCES `pathology_tests` (`testId`) ON DELETE CASCADE ON UPDATE CASCADE
) ENGINE=InnoDB DEFAULT CHARSET=latin1;
/*!40101 SET character_set_client = @saved_cs_client */;

--
-- Dumping data for table `pathology_order_details`
--

LOCK TABLES `pathology_order_details` WRITE;
/*!40000 ALTER TABLE `pathology_order_details` DISABLE KEYS */;
/*!40000 ALTER TABLE `pathology_order_details` ENABLE KEYS */;
UNLOCK TABLES;

--
-- Table structure for table `pathology_order_info`
--

DROP TABLE IF EXISTS `pathology_order_info`;
/*!40101 SET @saved_cs_client     = @@character_set_client */;
/*!40101 SET character_set_client = utf8 */;
CREATE TABLE `pathology_order_info` (
  `orderId` varchar(50) NOT NULL,
  `bookedDate` varchar(33) DEFAULT NULL,
  `appointmentDate` varchar(33) DEFAULT NULL,
  `appointmentSlotId` varchar(50) DEFAULT NULL,
  `contactNo` varchar(13) DEFAULT NULL,
  `contactEmail` varchar(50) DEFAULT NULL,
  `orderAddress` varchar(150) DEFAULT NULL,
  `TotalPrice` varchar(50) DEFAULT NULL,
  `TotalDiscount` varchar(50) DEFAULT NULL,
  `NetAmount` varchar(50) DEFAULT NULL,
  `orderStatus` varchar(20) DEFAULT NULL,
  PRIMARY KEY (`orderId`)
) ENGINE=InnoDB DEFAULT CHARSET=latin1;
/*!40101 SET character_set_client = @saved_cs_client */;

--
-- Dumping data for table `pathology_order_info`
--

LOCK TABLES `pathology_order_info` WRITE;
/*!40000 ALTER TABLE `pathology_order_info` DISABLE KEYS */;
INSERT INTO `pathology_order_info` VALUES ('15a9b414-ac5e-481d-bb0e-c5c5029dd6c3','2015-04-29 19:19:17','Day After','afternoon','3425325',NULL,'dfsgdfs','800','13.6875','690.5',NULL),('606e339e-46fb-4820-80bb-58aa7fefcd4e','2015-04-29 19:19:16','Day After','afternoon','3425325',NULL,'dfsgdfs','800','13.6875','690.5',NULL),('83aa7357-f10d-47d8-b10b-d0464b64a86f','2015-04-29 19:19:29','Day After','afternoon','3425325',NULL,'dfsgdfs','800','13.6875','690.5',NULL),('a57c51b4-c74f-4ca3-8e77-b5a386c5e132','2015-04-29 19:19:17','Day After','afternoon','3425325',NULL,'dfsgdfs','800','13.6875','690.5',NULL),('c32ff655-e039-4931-907b-f2d549a094ff','2015-04-29 19:19:17','Day After','afternoon','3425325',NULL,'dfsgdfs','800','13.6875','690.5',NULL),('f5c61c52-5529-44ee-8e94-0e6099fb92ae','2015-05-01 12:52:41','Today','morning','1321',NULL,'312313','1320','13.409090909090908','1143',NULL);
/*!40000 ALTER TABLE `pathology_order_info` ENABLE KEYS */;
UNLOCK TABLES;

--
-- Table structure for table `pathology_order_status`
--

DROP TABLE IF EXISTS `pathology_order_status`;
/*!40101 SET @saved_cs_client     = @@character_set_client */;
/*!40101 SET character_set_client = utf8 */;
CREATE TABLE `pathology_order_status` (
  `orderId` varchar(50) DEFAULT NULL,
  `status` varchar(30) DEFAULT NULL,
  `updatedBy` varchar(50) DEFAULT NULL,
  `updatedDate` datetime DEFAULT NULL,
  KEY `orderId` (`orderId`),
  CONSTRAINT `pathology_order_status_ibfk_1` FOREIGN KEY (`orderId`) REFERENCES `order_info` (`orderId`) ON DELETE CASCADE ON UPDATE CASCADE
) ENGINE=InnoDB DEFAULT CHARSET=latin1;
/*!40101 SET character_set_client = @saved_cs_client */;

--
-- Dumping data for table `pathology_order_status`
--

LOCK TABLES `pathology_order_status` WRITE;
/*!40000 ALTER TABLE `pathology_order_status` DISABLE KEYS */;
/*!40000 ALTER TABLE `pathology_order_status` ENABLE KEYS */;
UNLOCK TABLES;

--
-- Table structure for table `pathology_packages`
--

DROP TABLE IF EXISTS `pathology_packages`;
/*!40101 SET @saved_cs_client     = @@character_set_client */;
/*!40101 SET character_set_client = utf8 */;
CREATE TABLE `pathology_packages` (
  `packageId` varchar(40) NOT NULL,
  `packageName` varchar(150) DEFAULT NULL,
  `packageDesc` varchar(700) DEFAULT NULL,
  `price` decimal(10,2) DEFAULT NULL,
  `discount` decimal(10,2) DEFAULT NULL,
  PRIMARY KEY (`packageId`)
) ENGINE=InnoDB DEFAULT CHARSET=latin1;
/*!40101 SET character_set_client = @saved_cs_client */;

--
-- Dumping data for table `pathology_packages`
--

LOCK TABLES `pathology_packages` WRITE;
/*!40000 ALTER TABLE `pathology_packages` DISABLE KEYS */;
INSERT INTO `pathology_packages` VALUES ('1779d231-c9c1-4de4-ad23-f5cc74f2004c','CHILD HEALTH CHECK UP','CBC-BLOOD GROUPING & RH TYPING-RBS-RFT-CALCIUM-URINE ANALYSIS-STOOL ROUTINE-CHEST X RAY A/P VIEW',1500.00,20.00),('1802fec0-d2e0-4d35-9be7-960822ab9fb3','Aarogyam 1.3','25 OH Vitamin D total-Vitamin B12-Diabetic HbA1c-Testosterone-Lipid Profile -Liver Profile-Kidney Profile-Iron Deficiency Profile-Thyroid Profile-CBC Complete-blood Count',2850.00,50.00),('3bd5c351-512b-4af6-850e-dc9548a1d3da','RENAL PROFILE CHECK_UP','Hb TC DC ESR-ELECTROLYTES-FBS-LIPID PROFILE-PHOSPHORUS-URIC ACID-RFT-URINE ANALYSIS-PHYSICIAN CONSULTATION',2250.00,20.00),('3d195720-1770-4b0a-8df2-7485c8b7e959','ARTHRITIS PROFILE','RA Factor-Phosphorus-C4-ASO-HSCRP-ANA (Anti Nulear Antibody)-ACC Peptide Antibody-Electrolytes profile- Sodium-Chloride-25 OH Vitamin D total-Vitamin B12-Diabetic HbA1c-Lipid Profile-Alk Phosphatase-Kidney Profile-HLA - B27-TSH-CBC Complete blood Count',3750.00,50.00),('418e2d47-fb15-415a-991e-6bb6633e6448','Aarogyam 1.1','Lipid Profile -Liver Profile -Kidney Profile -Iron Deficiency Profile-Thyroid Profile',1050.00,50.00),('59e75617-44d3-47d6-be0f-3db1978d8698','ANAEMIA PROFILE','Folic Acid-Ferritin-Electrolytes profile - Sodium-Chloride-25 OH Vitamin D total-Vitamin B12-Diabetic HbA1c-Lipid Profile-Iron Deficiency Profile-TSH-CBC Complete blood Count  ',2750.00,50.00),('5c2841ad-e8e1-4d03-b67c-1104fb8fcebc','Aarogyam 1.6','Folic Acid-Ferritin-ANA (Anti Nulear Antibody)-ACC Peptide Antibody-Cardiac Risk Markers-Electrolytes Profile-  Sodium-Chloride-Amylase-Lipase-25 OH Vitamin D total-Vitamin B12-Diabetic HbA1c-Testosterone-Lipid Profile-Liver Profile-Kidney Profile-Iron Deficiency Profile-Thyroid Profile-CBC Complete blood Count ',5000.00,50.00),('79145014-b332-4ded-bddb-98069d65e24d','DIABETICS HEALTH CHECK UP','CBC-FBS PPBS-HbA1c-LIPID PROFILE-LIVER FUNCTION TEST(LFT)-RFT-URINE ANALYSIS-ECG- PHYSICIAN-CONSULTATION',2800.00,20.00),('7ac822bb-38b7-45f8-a9a6-8ccc84469d22','ARTHRITIS PROFILE CHECK_UP','ESR-URIC ACID-ASLO-CRP-RA FACTOR-ANTI NUCLEAR ANTIBODY',1850.00,20.00),('81b8d8da-ca03-4fc2-b529-da0f36e54687','Aarogyam 1.7','Toxic Elements Profile  Lead-Mercury-Cadmium-Arsenic-Folic Acid-Ferritin-ANA (Anti Nulear Antibody)-ACC Peptide Antibody-Cardiac Risk Markers-Electrolytes Profile  Sodium-Chloride-Amylase-Lipase-25 OH Vitamin D total-Vitamin B12-Diabetic HbA1c-Testosterone-Lipid Profile -Liver Profile-Kidney Profile -Iron Deficiency Profile -Thyroid Profile-CBC Complete blood Count ',6000.00,50.00),('84c0c9cb-5f80-41e6-9f56-6de9cdde165e','BASIC HEALTH CHECK UP','CBC-BLOOD GROUPING & RH TYPING-FBS-LIPID PROFILE-RFT-URINE ANALYSIS-CHEST X RAY P/A VIEW-ECG-PHYSICIAN CONSULTATION',2050.00,20.00),('9002afd8-3d17-4168-b798-7fd88b22f0d3','WOMEN HEALTH CHECH UP','CBC-BLOOD GROUPING & RH TYPING-FBS PPBS- LIPID PROFILE-RFT-THYROID FUCTION TESTS-CALCIUM URINE ANALYSIS-PAP SMEAR-ECG-ABDOMEN PELVICS-SCAN- GYNECOLOGIST CONSULTATION',4100.00,20.00),('9340a057-f63d-4830-80d3-8c393bba8111','EXECUTIVE HEALTH CHECK UP','CBC-P/S-BLOOD-FBS-PPBS-LFT-RFT-HIV 1&2- HbSAG-VDRL-TSH-URINE ROUTINE-STOOL ROYTINE-ECG-TMT OR ECHO-X RAY-ABD-PELVIC SCAN-PHYSICIAN CONSULTATION',5500.00,20.00),('953ab14d-7843-42e3-ac86-bd103e0200a0','Aarogyam 1.4','Cardiac Risk Markers - Apolipoprotein - A1  Apolipoprotein B  Apo B / Apo A1 Ratio  C - Reactive Protein  Homocysteine Lipoprotein(A)-Electrolytes Profile Sodium-Chloride-Amylase-Lipase-25 OH Vitamin D total-Vitamin B12-Diabetic HbA1c-Testosterone-Lipid Profile -Liver Profile-Kidney Profile-Iron Deficiency Profile -Thyroid Profile-CBC Complete blood Count ',3600.00,50.00),('b7a0cd48-3d83-425d-a1c4-a0a4f15c9c52','PREGNANCY PROFILE CHECK UP','HB-BLOOD GROUPING & RH TYPING-RBS-HIV 1& 2-HbSAG-VDRL-TSH-URINE ROUTINE',1400.00,20.00),('d2674eb2-40bb-4e49-8ce4-56ed90e7bebb','MASTER HEALTH CHECKUP','CBC-BLOOD GROUPING & RH TYPING-FBS PPBS- LIPID PROFILE-LIVER FUNCTION TEST(LFT)-RFT- TSH-URINE ANALYSIS-STOOL ROUTINE-CHEST X RAY P/A VIEW-ECG-PHYSICIAN CONSULTATION',3300.00,20.00),('f13f37d6-9ae6-49e1-a574-767694d79858','Aarogyam 1.2 ','Diabetic HbA1c-Lipid Profile-Liver Profile -Kidney Profile-Iron Deficiency Profile-Thyroid Profile-CBC Complete blood Count',1450.00,50.00);
/*!40000 ALTER TABLE `pathology_packages` ENABLE KEYS */;
UNLOCK TABLES;

--
-- Table structure for table `pathology_reports`
--

DROP TABLE IF EXISTS `pathology_reports`;
/*!40101 SET @saved_cs_client     = @@character_set_client */;
/*!40101 SET character_set_client = utf8 */;
CREATE TABLE `pathology_reports` (
  `orderId` varchar(50) DEFAULT NULL,
  `reportDesc` varchar(150) DEFAULT NULL,
  `reportFile` varchar(255) DEFAULT NULL,
  KEY `orderId` (`orderId`),
  CONSTRAINT `pathology_reports_ibfk_1` FOREIGN KEY (`orderId`) REFERENCES `order_info` (`orderId`) ON DELETE CASCADE ON UPDATE CASCADE
) ENGINE=InnoDB DEFAULT CHARSET=latin1;
/*!40101 SET character_set_client = @saved_cs_client */;

--
-- Dumping data for table `pathology_reports`
--

LOCK TABLES `pathology_reports` WRITE;
/*!40000 ALTER TABLE `pathology_reports` DISABLE KEYS */;
/*!40000 ALTER TABLE `pathology_reports` ENABLE KEYS */;
UNLOCK TABLES;

--
-- Table structure for table `pathology_test_client`
--

DROP TABLE IF EXISTS `pathology_test_client`;
/*!40101 SET @saved_cs_client     = @@character_set_client */;
/*!40101 SET character_set_client = utf8 */;
CREATE TABLE `pathology_test_client` (
  `testClientId` varchar(50) DEFAULT NULL,
  `testId` varchar(50) DEFAULT NULL,
  KEY `testClientId` (`testClientId`),
  KEY `testId` (`testId`),
  CONSTRAINT `pathology_test_client_ibfk_1` FOREIGN KEY (`testClientId`) REFERENCES `test_client` (`testClientId`) ON DELETE CASCADE ON UPDATE CASCADE,
  CONSTRAINT `pathology_test_client_ibfk_2` FOREIGN KEY (`testId`) REFERENCES `pathology_tests` (`testId`) ON DELETE CASCADE ON UPDATE CASCADE
) ENGINE=InnoDB DEFAULT CHARSET=latin1;
/*!40101 SET character_set_client = @saved_cs_client */;

--
-- Dumping data for table `pathology_test_client`
--

LOCK TABLES `pathology_test_client` WRITE;
/*!40000 ALTER TABLE `pathology_test_client` DISABLE KEYS */;
/*!40000 ALTER TABLE `pathology_test_client` ENABLE KEYS */;
UNLOCK TABLES;

--
-- Table structure for table `pathology_test_package`
--

DROP TABLE IF EXISTS `pathology_test_package`;
/*!40101 SET @saved_cs_client     = @@character_set_client */;
/*!40101 SET character_set_client = utf8 */;
CREATE TABLE `pathology_test_package` (
  `packageId` varchar(45) DEFAULT NULL,
  `testId` varchar(50) DEFAULT NULL,
  KEY `packageId` (`packageId`),
  KEY `testId` (`testId`),
  CONSTRAINT `pathology_test_package_ibfk_1` FOREIGN KEY (`packageId`) REFERENCES `pathology_packages` (`packageId`) ON DELETE CASCADE ON UPDATE CASCADE,
  CONSTRAINT `pathology_test_package_ibfk_2` FOREIGN KEY (`testId`) REFERENCES `pathology_tests` (`testId`) ON DELETE CASCADE ON UPDATE CASCADE
) ENGINE=InnoDB DEFAULT CHARSET=latin1;
/*!40101 SET character_set_client = @saved_cs_client */;

--
-- Dumping data for table `pathology_test_package`
--

LOCK TABLES `pathology_test_package` WRITE;
/*!40000 ALTER TABLE `pathology_test_package` DISABLE KEYS */;
/*!40000 ALTER TABLE `pathology_test_package` ENABLE KEYS */;
UNLOCK TABLES;

--
-- Table structure for table `pathology_test_types`
--

DROP TABLE IF EXISTS `pathology_test_types`;
/*!40101 SET @saved_cs_client     = @@character_set_client */;
/*!40101 SET character_set_client = utf8 */;
CREATE TABLE `pathology_test_types` (
  `testTypeId` varchar(50) NOT NULL,
  `testTypeName` varchar(80) DEFAULT NULL,
  `testDescription` varchar(30) DEFAULT NULL,
  PRIMARY KEY (`testTypeId`)
) ENGINE=InnoDB DEFAULT CHARSET=latin1;
/*!40101 SET character_set_client = @saved_cs_client */;

--
-- Dumping data for table `pathology_test_types`
--

LOCK TABLES `pathology_test_types` WRITE;
/*!40000 ALTER TABLE `pathology_test_types` DISABLE KEYS */;
INSERT INTO `pathology_test_types` VALUES ('831d03b7-2e99-460a-b820-c854b25ef626','Special Tests',''),('c931ce11-eac6-47ee-abc9-9688d96109c2','General Tests','');
/*!40000 ALTER TABLE `pathology_test_types` ENABLE KEYS */;
UNLOCK TABLES;

--
-- Table structure for table `pathology_test_types_test`
--

DROP TABLE IF EXISTS `pathology_test_types_test`;
/*!40101 SET @saved_cs_client     = @@character_set_client */;
/*!40101 SET character_set_client = utf8 */;
CREATE TABLE `pathology_test_types_test` (
  `testTypeId` varchar(50) DEFAULT NULL,
  `testId` varchar(50) DEFAULT NULL,
  KEY `testTypeId` (`testTypeId`),
  KEY `testId` (`testId`),
  CONSTRAINT `pathology_test_types_test_ibfk_1` FOREIGN KEY (`testTypeId`) REFERENCES `pathology_test_types` (`testTypeId`) ON DELETE CASCADE ON UPDATE CASCADE,
  CONSTRAINT `pathology_test_types_test_ibfk_2` FOREIGN KEY (`testId`) REFERENCES `pathology_tests` (`testId`) ON DELETE CASCADE ON UPDATE CASCADE
) ENGINE=InnoDB DEFAULT CHARSET=latin1;
/*!40101 SET character_set_client = @saved_cs_client */;

--
-- Dumping data for table `pathology_test_types_test`
--

LOCK TABLES `pathology_test_types_test` WRITE;
/*!40000 ALTER TABLE `pathology_test_types_test` DISABLE KEYS */;
INSERT INTO `pathology_test_types_test` VALUES ('c931ce11-eac6-47ee-abc9-9688d96109c2','3459b4fe-839b-42b6-94c3-7d6ff950e53d'),('c931ce11-eac6-47ee-abc9-9688d96109c2','a4a7ec02-ead4-44ce-9011-9e6731f216be'),('c931ce11-eac6-47ee-abc9-9688d96109c2','64ec262c-3f79-40d1-abca-bc5a712ecc0c'),('c931ce11-eac6-47ee-abc9-9688d96109c2','f8a1ca0d-5abc-4e74-8881-5a0c908161b9'),('c931ce11-eac6-47ee-abc9-9688d96109c2','ced6f4b4-5a5a-4bea-b287-a90878faae14'),('c931ce11-eac6-47ee-abc9-9688d96109c2','e5344dce-19b4-405d-a81a-4088179e0e75'),('c931ce11-eac6-47ee-abc9-9688d96109c2','9f9e0649-f54e-4ac9-8639-22912822a9e7'),('c931ce11-eac6-47ee-abc9-9688d96109c2','c6836f0e-0e94-4397-b313-379fc6dccc90'),('c931ce11-eac6-47ee-abc9-9688d96109c2','b1606c38-2544-495f-82f4-9d1538253901'),('c931ce11-eac6-47ee-abc9-9688d96109c2','2ad909dc-eb01-40e6-93f9-09e7f66a69ba'),('c931ce11-eac6-47ee-abc9-9688d96109c2','fc312af9-1e41-469f-a61e-c7df903f0236'),('c931ce11-eac6-47ee-abc9-9688d96109c2','1de43494-63b5-47d0-bc36-c936d594add7'),('c931ce11-eac6-47ee-abc9-9688d96109c2','574c82a1-c3bf-47dd-a10a-98c1dc89844f'),('c931ce11-eac6-47ee-abc9-9688d96109c2','28cecd05-4f63-4d8a-925e-99439dc9538e'),('c931ce11-eac6-47ee-abc9-9688d96109c2','9e148245-b02f-401c-b073-da802a9cb864'),('c931ce11-eac6-47ee-abc9-9688d96109c2','1fc54bab-a574-4193-b884-86593fced6b4'),('c931ce11-eac6-47ee-abc9-9688d96109c2','c5f6fbc1-1b09-4a62-adc8-b20c3e2a3fda'),('c931ce11-eac6-47ee-abc9-9688d96109c2','042f4546-61c5-4a9d-809d-c851510f24d4'),('c931ce11-eac6-47ee-abc9-9688d96109c2','4c034d09-714a-401b-a311-f27a63bae8dd'),('c931ce11-eac6-47ee-abc9-9688d96109c2','5228ea37-3e1d-491b-a775-38ff8ed849b7'),('c931ce11-eac6-47ee-abc9-9688d96109c2','87c988c3-2a82-480e-9f13-00522ac35e7b'),('c931ce11-eac6-47ee-abc9-9688d96109c2','7b27fce8-a426-4811-8cb2-ffc05570bec8'),('c931ce11-eac6-47ee-abc9-9688d96109c2','220fb1f2-ac3b-4e33-94b0-8ced69a3fbdf'),('c931ce11-eac6-47ee-abc9-9688d96109c2','29af9be6-2a55-455d-b76f-ef013e6e2019'),('c931ce11-eac6-47ee-abc9-9688d96109c2','c8f616ec-6962-4f6b-8a09-cca115319512'),('c931ce11-eac6-47ee-abc9-9688d96109c2','a4985a7c-eb0d-4d3f-8152-2b9c496265b1'),('c931ce11-eac6-47ee-abc9-9688d96109c2','466aaf76-48f2-4073-813a-b8109b4517dc'),('c931ce11-eac6-47ee-abc9-9688d96109c2','80df4f6e-0d16-41b5-b05f-17d17e4fd663'),('c931ce11-eac6-47ee-abc9-9688d96109c2','c16cfec6-6f77-454d-afcd-ba5d0f2ae77f'),('c931ce11-eac6-47ee-abc9-9688d96109c2','7c7ce500-94b6-4c7a-b256-d8be46c19f77'),('c931ce11-eac6-47ee-abc9-9688d96109c2','e57fb68b-a6f3-408a-9b93-2d4d06bf28c6'),('c931ce11-eac6-47ee-abc9-9688d96109c2','6223ec63-1237-4bdb-9718-69c2b527dc6b'),('c931ce11-eac6-47ee-abc9-9688d96109c2','17e1fdc8-1ffc-4f29-9fba-d3763de0b89a'),('c931ce11-eac6-47ee-abc9-9688d96109c2','d30066d1-e8e4-4cf3-b808-314db76c0a84'),('c931ce11-eac6-47ee-abc9-9688d96109c2','d48038fa-f2b3-48f4-b550-faa856bbf7b9'),('c931ce11-eac6-47ee-abc9-9688d96109c2','2e8b99d2-0175-4e3b-ae4f-040837bf4368'),('c931ce11-eac6-47ee-abc9-9688d96109c2','43e88c16-7b00-404c-8e5e-22820e87fed1'),('c931ce11-eac6-47ee-abc9-9688d96109c2','fbb69c80-6108-4771-9aca-80f80b374852'),('c931ce11-eac6-47ee-abc9-9688d96109c2','ea8b2823-4b6a-422b-b91b-63f7b00a9ea0'),('c931ce11-eac6-47ee-abc9-9688d96109c2','59c6a790-8b89-422b-8e19-66032aa03dbb'),('c931ce11-eac6-47ee-abc9-9688d96109c2','35d12fe5-086f-43ae-bebe-94435e000ee4'),('c931ce11-eac6-47ee-abc9-9688d96109c2','d230f79c-10e1-4012-8c17-bff881d7ea2a'),('c931ce11-eac6-47ee-abc9-9688d96109c2','4c2f1863-edfe-43a9-81f5-f62b9fa666c0'),('c931ce11-eac6-47ee-abc9-9688d96109c2','23638df6-92f3-488e-a78c-efa2d1d50d20'),('c931ce11-eac6-47ee-abc9-9688d96109c2','f3253976-971d-4817-b076-264cf3cbfba8'),('c931ce11-eac6-47ee-abc9-9688d96109c2','29f68666-4e0c-4e2c-8d8a-9cd20e28b4d9'),('c931ce11-eac6-47ee-abc9-9688d96109c2','f7bf62a2-e209-4e22-82e0-1964d730a0f6'),('c931ce11-eac6-47ee-abc9-9688d96109c2','1096813e-272b-409a-a39f-d98ecf9bb7c2'),('c931ce11-eac6-47ee-abc9-9688d96109c2','66ebf1ad-d518-4cc8-ad9b-c832bd93fb6a'),('c931ce11-eac6-47ee-abc9-9688d96109c2','b0be6cb3-ed55-471a-9bf0-90e26264becc'),('c931ce11-eac6-47ee-abc9-9688d96109c2','2da9a606-dd0a-40de-80e5-cae1dff5e04b'),('c931ce11-eac6-47ee-abc9-9688d96109c2','d3d8336c-c279-4fb7-a326-0dd1bf924ca7'),('c931ce11-eac6-47ee-abc9-9688d96109c2','f131a074-0f9e-4d05-ab75-667355df7135'),('c931ce11-eac6-47ee-abc9-9688d96109c2','205b0cf9-f184-4f42-afd2-16bc9cd692c1'),('c931ce11-eac6-47ee-abc9-9688d96109c2','0319b938-7ff4-4f88-bcc6-a264d5aeb4e4'),('c931ce11-eac6-47ee-abc9-9688d96109c2','47eb1c5d-f1ae-4b2c-8827-6aa1782e13f1'),('c931ce11-eac6-47ee-abc9-9688d96109c2','c0954f45-5b67-452a-be3b-eda82a419013'),('c931ce11-eac6-47ee-abc9-9688d96109c2','5aa1a4d7-3cc7-4329-a817-6d3a104d3fe1'),('c931ce11-eac6-47ee-abc9-9688d96109c2','89bdb2c0-f884-43a8-84ce-288e0095f215'),('c931ce11-eac6-47ee-abc9-9688d96109c2','3038ea15-3be6-491f-b026-049d678703bf'),('c931ce11-eac6-47ee-abc9-9688d96109c2','597fa135-e5a7-4189-99dd-05d03adcfac9'),('c931ce11-eac6-47ee-abc9-9688d96109c2','b8158104-a9a9-49f8-b131-1c392ef59957'),('c931ce11-eac6-47ee-abc9-9688d96109c2','7955c0b1-ed1d-429c-8f86-5a5ae50db2d8'),('c931ce11-eac6-47ee-abc9-9688d96109c2','bb2d268a-c7ac-4ee2-89c3-c7aaaeb7cc3b'),('c931ce11-eac6-47ee-abc9-9688d96109c2','4785fa7c-e0f7-4356-b10d-0d8d9c57a22a'),('c931ce11-eac6-47ee-abc9-9688d96109c2','064fc11f-18df-4978-a1ff-ee40e920f4bf'),('c931ce11-eac6-47ee-abc9-9688d96109c2','ca838c4a-ee4c-404a-84da-fb7e867cd73b'),('c931ce11-eac6-47ee-abc9-9688d96109c2','da7e6d3f-4d75-4b3c-b91c-8504fdc49a9d'),('c931ce11-eac6-47ee-abc9-9688d96109c2','ef892678-42b8-49dc-a29f-99252405b9ba'),('c931ce11-eac6-47ee-abc9-9688d96109c2','40453a27-c457-4699-9941-316b124e3b42'),('c931ce11-eac6-47ee-abc9-9688d96109c2','555e2cf4-b6b2-47ca-8d5c-0d4c0fbc0c84'),('c931ce11-eac6-47ee-abc9-9688d96109c2','8bc1be6b-3437-4645-b86c-d012c2902166'),('c931ce11-eac6-47ee-abc9-9688d96109c2','bb83d541-318a-44e0-9bc3-6b97641a6170'),('c931ce11-eac6-47ee-abc9-9688d96109c2','83527089-ce35-4a8c-ab62-e460310ab6c1'),('c931ce11-eac6-47ee-abc9-9688d96109c2','e99f4685-5325-4a16-be53-a539333d58e1'),('c931ce11-eac6-47ee-abc9-9688d96109c2','d7d04f56-fdc6-468b-a4f8-f0a59695f2e5'),('c931ce11-eac6-47ee-abc9-9688d96109c2','8b897926-469c-4f0b-b567-ef25aacff255'),('c931ce11-eac6-47ee-abc9-9688d96109c2','2af5c019-88d6-4d70-b6a7-245dcb904029'),('c931ce11-eac6-47ee-abc9-9688d96109c2','b7c8fd5b-4059-46e8-86b8-f94acb343260'),('c931ce11-eac6-47ee-abc9-9688d96109c2','d0b76739-51c8-40fe-93fe-7c5a4d9b0c31'),('c931ce11-eac6-47ee-abc9-9688d96109c2','007793dc-2b4c-4c75-a03b-d7ad57cc22ea'),('c931ce11-eac6-47ee-abc9-9688d96109c2','3947c80a-6382-4bbc-9b42-4bd3135a6e04'),('831d03b7-2e99-460a-b820-c854b25ef626','7625faa8-a164-4fb9-ac58-9df550902d90'),('831d03b7-2e99-460a-b820-c854b25ef626','86ff87d2-583c-4e3f-b21c-8c15f54ec999'),('831d03b7-2e99-460a-b820-c854b25ef626','871395c7-8c7b-4963-bc1f-688964967ea3'),('831d03b7-2e99-460a-b820-c854b25ef626','8a18b36f-c212-4b37-b53e-68f089686fc1'),('831d03b7-2e99-460a-b820-c854b25ef626','4983c9cb-048b-4604-a2bd-1332bac357bd'),('831d03b7-2e99-460a-b820-c854b25ef626','efeed4d3-ecb8-4138-ae57-735efb5fec6f'),('831d03b7-2e99-460a-b820-c854b25ef626','56518a51-9c0e-4632-89a8-35d24a927015'),('831d03b7-2e99-460a-b820-c854b25ef626','a743c9be-1bed-4730-933f-f0a5b302d11c'),('831d03b7-2e99-460a-b820-c854b25ef626','69c6cea8-a748-4e5c-b0e5-fa276faad5d1'),('831d03b7-2e99-460a-b820-c854b25ef626','76368222-0cea-42b1-bfec-630e67bfef0d'),('831d03b7-2e99-460a-b820-c854b25ef626','4aeb2aa3-5bc4-4d61-a062-fd1cd6a94701'),('831d03b7-2e99-460a-b820-c854b25ef626','9bd88e9e-0291-4d27-9cae-4ee4419e6116'),('831d03b7-2e99-460a-b820-c854b25ef626','70bb2880-a1a8-4520-88da-14c86e7d42de'),('831d03b7-2e99-460a-b820-c854b25ef626','6b2eaf1e-5d23-4817-83a9-4c7e8137125d'),('831d03b7-2e99-460a-b820-c854b25ef626','7585d331-66cc-4d54-a5ae-0731bbfb2625'),('831d03b7-2e99-460a-b820-c854b25ef626','d9b3b744-fca6-4a34-ac7f-69d0834a3979'),('831d03b7-2e99-460a-b820-c854b25ef626','c9052656-83dd-4509-b3a0-4d5dc99e94a5'),('831d03b7-2e99-460a-b820-c854b25ef626','fbaf2e18-90aa-49d5-a1f0-98be063c0b9d'),('831d03b7-2e99-460a-b820-c854b25ef626','045864ad-831f-416b-b6fa-a2fd7cfc6859'),('831d03b7-2e99-460a-b820-c854b25ef626','6812db93-5274-4c48-a6f5-62b5e96fdfc2'),('831d03b7-2e99-460a-b820-c854b25ef626','0dede550-6813-42af-83c8-c4544350cd04'),('831d03b7-2e99-460a-b820-c854b25ef626','00df5e7a-b074-4745-8172-bd514aed1c72'),('831d03b7-2e99-460a-b820-c854b25ef626','cd9a1a4a-6cea-4e3e-a5c4-f5000bad5720'),('831d03b7-2e99-460a-b820-c854b25ef626','36b01013-e643-4ecb-8358-44825ffedd51'),('831d03b7-2e99-460a-b820-c854b25ef626','53d0f08f-4cab-4809-86ef-5cf4ca43dea4'),('831d03b7-2e99-460a-b820-c854b25ef626','8c064026-c8b0-4af5-933b-7f3f819a92e0'),('831d03b7-2e99-460a-b820-c854b25ef626','92d30e93-3de7-472c-9020-78c712b1d9ad'),('831d03b7-2e99-460a-b820-c854b25ef626','31e457a1-7cea-4593-874a-859380ec8108'),('831d03b7-2e99-460a-b820-c854b25ef626','298cb184-f20b-41a4-8322-bcc20ff59fcf'),('831d03b7-2e99-460a-b820-c854b25ef626','cbbed478-64c9-479f-9bca-fffe1c96efe1'),('831d03b7-2e99-460a-b820-c854b25ef626','0e071c97-2ce8-40c8-b070-2e9b62de404f'),('831d03b7-2e99-460a-b820-c854b25ef626','99782c16-07f4-448a-963d-a04429209aa5'),('831d03b7-2e99-460a-b820-c854b25ef626','0e8220c3-ba8f-481e-abdb-c006be999e5c'),('831d03b7-2e99-460a-b820-c854b25ef626','88e01f38-9afa-4375-8794-331cab4582bc'),('831d03b7-2e99-460a-b820-c854b25ef626','ca88ad52-003e-40d4-a0e3-fc54a147a1d9'),('831d03b7-2e99-460a-b820-c854b25ef626','f16705c4-05d2-4605-ba30-34f103c23d1c'),('831d03b7-2e99-460a-b820-c854b25ef626','e202b648-a216-4e56-b07b-9d86ea0d2b35'),('831d03b7-2e99-460a-b820-c854b25ef626','d159127a-3b9d-4646-9f65-9cca5e061e5a'),('831d03b7-2e99-460a-b820-c854b25ef626','e4fba110-ed30-460c-bae1-631ac833e765'),('831d03b7-2e99-460a-b820-c854b25ef626','5b44958f-bd1b-4d19-b71b-8d6fdc4cc959'),('831d03b7-2e99-460a-b820-c854b25ef626','d207f0de-635e-4284-8a80-3c16064cdf6c'),('831d03b7-2e99-460a-b820-c854b25ef626','0a7b881e-1256-428b-996a-ed1bbc5d7d18'),('831d03b7-2e99-460a-b820-c854b25ef626','0aa58697-4f02-4580-a98c-ded4d932cafe'),('831d03b7-2e99-460a-b820-c854b25ef626','5e35882d-2f27-4f38-b059-f3dc0c03c728'),('831d03b7-2e99-460a-b820-c854b25ef626','1596f307-d06b-4d24-a50f-d7325a1143fd'),('831d03b7-2e99-460a-b820-c854b25ef626','23ab0189-1ee7-46b9-bd82-f9d3a4bf43eb'),('831d03b7-2e99-460a-b820-c854b25ef626','ae73d4f9-1529-41c3-b911-c39870f62710'),('831d03b7-2e99-460a-b820-c854b25ef626','04449adc-4ac7-43b3-8885-eaa121224f82'),('831d03b7-2e99-460a-b820-c854b25ef626','16647763-46e8-4ec4-9fcd-3ef0a3774f5b'),('831d03b7-2e99-460a-b820-c854b25ef626','19dd4bea-1b53-4fa6-9669-5f5f58d21e37'),('831d03b7-2e99-460a-b820-c854b25ef626','965469f4-6249-4683-b6ce-c36714518ff9'),('831d03b7-2e99-460a-b820-c854b25ef626','58c4ae44-b9b0-423d-872b-8e43dd0d795b'),('831d03b7-2e99-460a-b820-c854b25ef626','0706141f-644a-4760-8b24-f5487aa4fc4d'),('831d03b7-2e99-460a-b820-c854b25ef626','29125182-fdbf-4754-a94d-8b6819eccd7c'),('831d03b7-2e99-460a-b820-c854b25ef626','0e6a7dbd-aaf8-46c8-8c74-3dd8ff651ffd'),('831d03b7-2e99-460a-b820-c854b25ef626','68bcb439-00be-46b5-9af3-94ecc9770beb'),('831d03b7-2e99-460a-b820-c854b25ef626','4c1deca9-4cf6-429c-a85a-d8a9cbfa18fb'),('831d03b7-2e99-460a-b820-c854b25ef626','0627b2c2-733e-4f73-aa78-7f845d94b343'),('831d03b7-2e99-460a-b820-c854b25ef626','2dbd4464-3145-42dd-8d12-1b9f5a79623e'),('831d03b7-2e99-460a-b820-c854b25ef626','cdedf20c-175e-4b49-adc2-ed9b9b1a77f1'),('831d03b7-2e99-460a-b820-c854b25ef626','238ba332-47b2-4462-b965-79603d2ef032'),('831d03b7-2e99-460a-b820-c854b25ef626','2a1e9564-5ddc-453c-bec2-2c24a20968f6'),('831d03b7-2e99-460a-b820-c854b25ef626','21dcf799-9b1c-4f4f-9d95-583576d640c6'),('831d03b7-2e99-460a-b820-c854b25ef626','14113628-161b-4f67-af04-6ae12a7ae32c'),('831d03b7-2e99-460a-b820-c854b25ef626','cd3f6917-fc81-47cf-b640-1f95dc31dfce'),('831d03b7-2e99-460a-b820-c854b25ef626','4e810348-acd6-4dc3-b881-d992f7e095d6'),('831d03b7-2e99-460a-b820-c854b25ef626','c476284f-de3b-45eb-8919-a4cc556059ad'),('831d03b7-2e99-460a-b820-c854b25ef626','a274b016-03d2-4eac-a33b-7126cceb5d8d'),('831d03b7-2e99-460a-b820-c854b25ef626','4351b91a-f9a6-47d0-8833-1eab68f73ec9'),('831d03b7-2e99-460a-b820-c854b25ef626','a865a1ea-bf8d-40f3-bcdd-60058262e6b9'),('831d03b7-2e99-460a-b820-c854b25ef626','d05720d0-655d-4991-b71d-4bc094b3594f'),('831d03b7-2e99-460a-b820-c854b25ef626','55f4d2c9-d7e1-46e5-8aeb-40eb0fe81ad1'),('831d03b7-2e99-460a-b820-c854b25ef626','7ad100f2-af7f-45e9-a2f7-8bd1446dd422'),('831d03b7-2e99-460a-b820-c854b25ef626','036c8197-3ae6-4fc7-ac90-812bcae44cd9'),('831d03b7-2e99-460a-b820-c854b25ef626','19cb84dc-730c-4338-8bcb-90db8fbcf7d0'),('831d03b7-2e99-460a-b820-c854b25ef626','ff0a4b04-4aa3-49c3-93a8-5c7cef9c5e21'),('831d03b7-2e99-460a-b820-c854b25ef626','ddd052cd-6e6a-4c7e-8dcc-b1f00012f539'),('831d03b7-2e99-460a-b820-c854b25ef626','a7db6f3a-f900-4ba2-9b93-b0f0fa02ff61'),('831d03b7-2e99-460a-b820-c854b25ef626','f2b6cea6-d070-419b-9e4b-1d076e4d4af9'),('831d03b7-2e99-460a-b820-c854b25ef626','09a9bf3d-97b8-4c7b-8cc3-6bc33db0bc5d'),('831d03b7-2e99-460a-b820-c854b25ef626','4f2fbfe0-bf13-4177-926f-106cf340f89c'),('831d03b7-2e99-460a-b820-c854b25ef626','e614151d-1086-4dfc-8c05-b76909a4d95d'),('831d03b7-2e99-460a-b820-c854b25ef626','3238613e-8e19-4f4d-b481-c4f36934387d'),('831d03b7-2e99-460a-b820-c854b25ef626','f057315f-a78c-4891-bd51-237f812b29b2'),('831d03b7-2e99-460a-b820-c854b25ef626','c33115f9-1824-4afe-b823-7586a3bbf8a0'),('831d03b7-2e99-460a-b820-c854b25ef626','9f77094b-dfc5-40fa-b9c6-b0ccf2378d53'),('831d03b7-2e99-460a-b820-c854b25ef626','5255031b-90ef-40f1-9e0b-2f87ab67dbbf'),('831d03b7-2e99-460a-b820-c854b25ef626','79f5e16e-7388-4b7d-9d67-c85751b71e72'),('831d03b7-2e99-460a-b820-c854b25ef626','19932a6c-9567-4bbe-b334-c732e869b24c'),('831d03b7-2e99-460a-b820-c854b25ef626','e72dae8f-1c98-44b9-bca3-d7fe6f2a2fc0'),('831d03b7-2e99-460a-b820-c854b25ef626','25bce90e-23c7-4a8e-bf87-a4bfbf9680f8'),('831d03b7-2e99-460a-b820-c854b25ef626','a8cf7924-3c6f-4608-a128-36fd141f96b5'),('831d03b7-2e99-460a-b820-c854b25ef626','8a5ff92b-0360-4a27-a187-505a7669cad3'),('831d03b7-2e99-460a-b820-c854b25ef626','c0cebd88-1c0e-49f8-af71-a400c4e318fe'),('831d03b7-2e99-460a-b820-c854b25ef626','175804a0-1826-49d1-9531-42b0a431f161'),('831d03b7-2e99-460a-b820-c854b25ef626','fe558e9d-8bc3-4c6d-80ba-710bcb258780'),('831d03b7-2e99-460a-b820-c854b25ef626','2570dee5-7876-45ee-be63-d04db64ae6d4'),('831d03b7-2e99-460a-b820-c854b25ef626','4f5131f0-73a7-47ac-8417-eb58dfc0c0ed'),('831d03b7-2e99-460a-b820-c854b25ef626','bff2b33d-2da8-4d32-9c0b-3ff1c66bb8a7'),('831d03b7-2e99-460a-b820-c854b25ef626','01364f56-285e-43f5-9842-e5de915eb2db'),('831d03b7-2e99-460a-b820-c854b25ef626','a42aa0e2-46f9-4d93-8c16-56236a874bf8'),('831d03b7-2e99-460a-b820-c854b25ef626','8b4d1831-de35-495a-98d3-95f47ee0cf9d'),('831d03b7-2e99-460a-b820-c854b25ef626','72bec14f-b3f6-4760-aac2-76438a778560'),('831d03b7-2e99-460a-b820-c854b25ef626','a0605bd4-5793-4993-8981-2fce9ccb6256'),('831d03b7-2e99-460a-b820-c854b25ef626','23fb91be-bc3b-4bcf-b137-5af5f601fab2'),('831d03b7-2e99-460a-b820-c854b25ef626','fcba3f01-ea4a-46e0-84ab-387817e67943'),('831d03b7-2e99-460a-b820-c854b25ef626','96d5bd80-4ada-4e22-b2b5-1c38b343a529'),('831d03b7-2e99-460a-b820-c854b25ef626','67933adf-67a0-4f4c-a765-cb784d462d24'),('831d03b7-2e99-460a-b820-c854b25ef626','988a04b5-8a82-4b14-a5ef-268e3e34581e'),('831d03b7-2e99-460a-b820-c854b25ef626','43b39b44-deef-4083-94e7-d7a94a9045b2'),('831d03b7-2e99-460a-b820-c854b25ef626','c49ede25-5167-4905-b6dc-3e62c2b1682e'),('831d03b7-2e99-460a-b820-c854b25ef626','a56c5aa7-ee8c-4ae8-9522-c3ffb24545da'),('831d03b7-2e99-460a-b820-c854b25ef626','fe5eee60-6252-42bf-bf6f-6a4286fdf04a'),('831d03b7-2e99-460a-b820-c854b25ef626','b3dc6d80-7792-44df-9ec4-638bd721240c'),('831d03b7-2e99-460a-b820-c854b25ef626','26e1ef0a-89f1-473d-9761-0131bbb003ff'),('831d03b7-2e99-460a-b820-c854b25ef626','7040bbcd-789d-4788-a47d-5974b6d6a5e4'),('831d03b7-2e99-460a-b820-c854b25ef626','b5a7605b-456a-4022-a897-be077ebf5673'),('831d03b7-2e99-460a-b820-c854b25ef626','88cb162e-b3e4-46de-b93a-c165be5b44bc'),('831d03b7-2e99-460a-b820-c854b25ef626','c59e1b37-4afb-4ad2-8670-d2214602ee49'),('831d03b7-2e99-460a-b820-c854b25ef626','d08283ee-7021-413d-9da9-c87c047dd2bd'),('831d03b7-2e99-460a-b820-c854b25ef626','f31b7fe5-f6a9-4e99-ba0f-52c7d6f86036'),('831d03b7-2e99-460a-b820-c854b25ef626','5aa1022a-fb31-4b79-9158-8dcf29a8160f'),('831d03b7-2e99-460a-b820-c854b25ef626','3371d411-76f5-47ab-8b53-803190ad51f3'),('831d03b7-2e99-460a-b820-c854b25ef626','5ee0e24d-52f2-4b5a-ae9d-ab1aa9651e76'),('831d03b7-2e99-460a-b820-c854b25ef626','8c6f53a8-5180-4cd8-a202-6b6a86e8cada'),('831d03b7-2e99-460a-b820-c854b25ef626','b4e13362-7b7d-41ad-b0ff-6c43c2cd32ab'),('831d03b7-2e99-460a-b820-c854b25ef626','0b68919d-f8cc-4079-bea2-7c6ceb77d93a'),('831d03b7-2e99-460a-b820-c854b25ef626','c0a34a2c-f416-455b-b16e-dd9798a7ec6e'),('831d03b7-2e99-460a-b820-c854b25ef626','7542c106-6b46-4b82-93c2-e25c9cf47203'),('831d03b7-2e99-460a-b820-c854b25ef626','ce0c77a6-9575-43c9-b4ec-00c7189130ae'),('831d03b7-2e99-460a-b820-c854b25ef626','5b610240-885d-4b47-a673-f495d1341b2a'),('831d03b7-2e99-460a-b820-c854b25ef626','00b13ca9-f08a-408a-996e-4881ee42a755'),('831d03b7-2e99-460a-b820-c854b25ef626','97a9b98e-b766-4597-b3c8-90a484f382bb'),('831d03b7-2e99-460a-b820-c854b25ef626','8d671b89-2f3f-470c-9a12-f498f891a82f'),('831d03b7-2e99-460a-b820-c854b25ef626','b49e61a6-42c2-4182-8a82-bfe402eb859c'),('831d03b7-2e99-460a-b820-c854b25ef626','e1172c72-5bca-46ac-a65c-14e37d368292'),('831d03b7-2e99-460a-b820-c854b25ef626','48a89c98-7a6d-403e-8b06-57e578abe644'),('831d03b7-2e99-460a-b820-c854b25ef626','3fef111b-80b3-40e0-ba36-13a4dc7d439f'),('831d03b7-2e99-460a-b820-c854b25ef626','b8f69606-8006-4630-887b-2fb8da447c88'),('831d03b7-2e99-460a-b820-c854b25ef626','f1d744ba-7781-4ecc-a996-c0ebf31698ea'),('831d03b7-2e99-460a-b820-c854b25ef626','ba336770-d69b-4f4e-8d21-cec67de0b304'),('831d03b7-2e99-460a-b820-c854b25ef626','822477d7-0873-4b2f-a490-4f0e0f7d3773'),('831d03b7-2e99-460a-b820-c854b25ef626','b9014f06-0654-492f-9d0e-abbc76c26ee4'),('831d03b7-2e99-460a-b820-c854b25ef626','af0cb1e4-d3a9-486c-93a0-189a1dad71f8'),('831d03b7-2e99-460a-b820-c854b25ef626','0aae6e5e-83ae-4443-9af5-46270617ecb9'),('831d03b7-2e99-460a-b820-c854b25ef626','1e3b0644-4e19-44a6-8fae-39f8bcbeaad3'),('831d03b7-2e99-460a-b820-c854b25ef626','174052dd-ddfc-44cf-8a03-6ea0787ffe1a'),('831d03b7-2e99-460a-b820-c854b25ef626','e7b1a4d9-3e93-4e0b-ae95-57961cea225d'),('831d03b7-2e99-460a-b820-c854b25ef626','85d97591-4d44-40b6-b241-3a64358af747'),('831d03b7-2e99-460a-b820-c854b25ef626','59e2d22e-f1c8-4f2b-b5d1-0bcd86e7af5e'),('831d03b7-2e99-460a-b820-c854b25ef626','4a367837-fc4d-4923-9b15-6e05dcffb4e5'),('831d03b7-2e99-460a-b820-c854b25ef626','c1a2f15f-09ed-44fb-9a11-6602007b9b76'),('831d03b7-2e99-460a-b820-c854b25ef626','163c3838-0514-4cfa-9097-44d64aa68075'),('831d03b7-2e99-460a-b820-c854b25ef626','1512001d-1324-44fd-8805-35fc0d9de29b'),('831d03b7-2e99-460a-b820-c854b25ef626','e145639f-49c4-49c5-ae3d-d4c96ed41e37'),('831d03b7-2e99-460a-b820-c854b25ef626','69ef169b-cb04-4c3f-9339-1145f722cb06'),('831d03b7-2e99-460a-b820-c854b25ef626','078d9564-b661-44ed-bfbf-f51de2c47397'),('831d03b7-2e99-460a-b820-c854b25ef626','0b6f1174-6d27-4ca4-baaf-68a5268fd327'),('831d03b7-2e99-460a-b820-c854b25ef626','550c59ca-d02e-4901-b4ba-9348a39bdb45'),('831d03b7-2e99-460a-b820-c854b25ef626','d6a710f0-df2f-492c-bfd6-ca10330d9e62'),('831d03b7-2e99-460a-b820-c854b25ef626','108428cb-ec9d-4bbd-a4ab-7a89d271cf5c'),('831d03b7-2e99-460a-b820-c854b25ef626','95370b28-94e6-4866-8143-b523d2ed1cec'),('831d03b7-2e99-460a-b820-c854b25ef626','1b3a2b9a-0a2c-455f-a75f-a6b22cb7b1aa'),('831d03b7-2e99-460a-b820-c854b25ef626','20c30fc3-081b-4887-be1f-1035e829c4b7'),('831d03b7-2e99-460a-b820-c854b25ef626','deca0caa-e494-4d57-bb92-d6734b76dd61'),('831d03b7-2e99-460a-b820-c854b25ef626','29b3b8fb-115e-4706-9644-63d847852214'),('831d03b7-2e99-460a-b820-c854b25ef626','b5bd55f6-6d77-477f-8d67-8bc47864713f'),('831d03b7-2e99-460a-b820-c854b25ef626','2006dfd4-d8f7-4feb-92d6-aa1d770bcc68'),('831d03b7-2e99-460a-b820-c854b25ef626','80dc6ea8-e0c7-45c3-a050-56fe718bf9cf'),('831d03b7-2e99-460a-b820-c854b25ef626','e70941ec-711e-49b7-b0f6-f59b4c0600c5'),('831d03b7-2e99-460a-b820-c854b25ef626','af914d40-19ea-4e09-8bcf-e097df7c03bd'),('831d03b7-2e99-460a-b820-c854b25ef626','4f7578d9-da7a-4d65-90b9-9a4834de3139'),('831d03b7-2e99-460a-b820-c854b25ef626','d68f9e09-8279-4bdf-8ce1-5616327e8db8'),('831d03b7-2e99-460a-b820-c854b25ef626','d5e100d6-d8fb-4fb1-8703-d9273055a996'),('831d03b7-2e99-460a-b820-c854b25ef626','0e65f248-d685-471b-8529-f014ad85fb53'),('831d03b7-2e99-460a-b820-c854b25ef626','55e3448f-7e67-43be-b67c-a6030bf03f69'),('831d03b7-2e99-460a-b820-c854b25ef626','ade4d3d5-e3c8-475a-ab09-93bc0947fc50'),('831d03b7-2e99-460a-b820-c854b25ef626','2d7ab996-93e4-430b-8c07-5da08fa58821'),('831d03b7-2e99-460a-b820-c854b25ef626','1f680cbf-9636-493b-8550-846ce31385ab'),('831d03b7-2e99-460a-b820-c854b25ef626','cc4cf329-69a1-46a8-8e9c-0ca573e58225'),('831d03b7-2e99-460a-b820-c854b25ef626','e206ce92-0185-4548-8200-0754bdbd113f'),('831d03b7-2e99-460a-b820-c854b25ef626','128b7db0-6a81-4171-a2b9-8d39391e5350'),('831d03b7-2e99-460a-b820-c854b25ef626','b962af36-52f9-4aa8-95e8-df78c66d7dec'),('831d03b7-2e99-460a-b820-c854b25ef626','e098216d-87d5-4d2d-a53b-a3508fa2dbac'),('831d03b7-2e99-460a-b820-c854b25ef626','ec00f329-a920-4570-abdf-d0ca26407f4a'),('831d03b7-2e99-460a-b820-c854b25ef626','70052404-60fe-4d9f-b5f6-26275c8b9eba'),('831d03b7-2e99-460a-b820-c854b25ef626','890e9f5e-9094-415d-b0e0-cbe7714c68c1'),('831d03b7-2e99-460a-b820-c854b25ef626','86496b65-9fe4-45f7-83a1-820d01d00547'),('831d03b7-2e99-460a-b820-c854b25ef626','142e34a7-4271-4be5-b454-d9a77636e3a7'),('831d03b7-2e99-460a-b820-c854b25ef626','f7eef966-78a1-4219-96aa-0e4756abf378'),('831d03b7-2e99-460a-b820-c854b25ef626','e3a443dc-7f60-44d8-ad48-dc70b1e5ce47'),('831d03b7-2e99-460a-b820-c854b25ef626','ef869177-c7ca-4c99-9345-ff4861bdcfb9'),('831d03b7-2e99-460a-b820-c854b25ef626','4c1c3d90-7c21-406c-ae2f-163b1216a81a'),('831d03b7-2e99-460a-b820-c854b25ef626','30dae1b6-8129-4375-9510-878e5b89b0a1'),('831d03b7-2e99-460a-b820-c854b25ef626','a21743cd-4ad7-48ab-9985-a80e0571eae1'),('831d03b7-2e99-460a-b820-c854b25ef626','2287d41a-ab3b-44d6-9b36-7cd07b47b518'),('831d03b7-2e99-460a-b820-c854b25ef626','8c640c89-1569-4363-ae9c-d61e83fdb566'),('831d03b7-2e99-460a-b820-c854b25ef626','9b679d3b-188f-4526-aa92-64737c883516'),('831d03b7-2e99-460a-b820-c854b25ef626','5f9b31f7-85f4-43b6-bb91-9648789774b0'),('831d03b7-2e99-460a-b820-c854b25ef626','add39b16-0f2b-4250-8d1c-a6328b46d2d9'),('831d03b7-2e99-460a-b820-c854b25ef626','501e182c-c3bf-4911-9fb0-0e299f053656'),('831d03b7-2e99-460a-b820-c854b25ef626','f17b7f9e-140d-434c-a038-1a80137ceaa1'),('831d03b7-2e99-460a-b820-c854b25ef626','16a0d672-faef-4eb1-94db-0f2376ac72c4'),('831d03b7-2e99-460a-b820-c854b25ef626','1abe9615-ac2f-46a7-9a28-9cce7d434a72'),('831d03b7-2e99-460a-b820-c854b25ef626','a688ba04-16ba-48a9-94cd-2e0f0bf17c1e'),('831d03b7-2e99-460a-b820-c854b25ef626','79233a5d-8f6c-4864-af77-7aa5a09db673'),('831d03b7-2e99-460a-b820-c854b25ef626','351f5149-241c-47b0-bec2-38b472b017c3'),('831d03b7-2e99-460a-b820-c854b25ef626','23d4da37-3706-4baf-b1d3-a7779f709c90'),('831d03b7-2e99-460a-b820-c854b25ef626','5b99dc1a-fd23-4b8f-89bd-c94f3be07645'),('831d03b7-2e99-460a-b820-c854b25ef626','e1e79bc5-226b-4eb5-80d5-62ea18e420f6'),('831d03b7-2e99-460a-b820-c854b25ef626','eef350e6-387b-4d66-a474-ce3c37659fa7'),('831d03b7-2e99-460a-b820-c854b25ef626','fca5a29c-60f7-4f53-b634-2fcfab789915'),('831d03b7-2e99-460a-b820-c854b25ef626','3581f269-0da6-428a-acfa-be2199d42e9b'),('831d03b7-2e99-460a-b820-c854b25ef626','c80d8698-55b8-479b-bc7c-2cbf205f4d7b'),('831d03b7-2e99-460a-b820-c854b25ef626','933d03e4-bddb-448e-8b1d-b39e9e2c20c3'),('831d03b7-2e99-460a-b820-c854b25ef626','5d3aa189-6b2c-4b05-b0cb-cbac12fca76c'),('831d03b7-2e99-460a-b820-c854b25ef626','dcf8f966-1370-4c1d-8677-46be6ac16780'),('831d03b7-2e99-460a-b820-c854b25ef626','f3088fc0-1939-4d8a-b282-52b9ffc253b4'),('831d03b7-2e99-460a-b820-c854b25ef626','844bb77e-879e-43e9-8e3f-9ee943ca0781'),('831d03b7-2e99-460a-b820-c854b25ef626','ba925a7f-c05b-49e4-84c4-922d4d12eb0b'),('831d03b7-2e99-460a-b820-c854b25ef626','1f313764-e36e-411a-8639-0043a1145ecf'),('831d03b7-2e99-460a-b820-c854b25ef626','916dbda9-027e-43b4-af7e-c3df59d07a76'),('831d03b7-2e99-460a-b820-c854b25ef626','052f19ba-dc12-47c6-b87a-1e9c8a314c8e'),('831d03b7-2e99-460a-b820-c854b25ef626','869b6ddc-b9c0-46fc-9d01-6629b5e13119'),('831d03b7-2e99-460a-b820-c854b25ef626','97d3e294-8775-4ebc-9ccf-c71fc0f570de'),('831d03b7-2e99-460a-b820-c854b25ef626','26b990ed-7b71-4c75-9a3a-4130ceeef660'),('831d03b7-2e99-460a-b820-c854b25ef626','b40a1c0c-0175-438d-9efa-5636274b1234'),('831d03b7-2e99-460a-b820-c854b25ef626','f71d3a9e-69d9-44e0-a57d-38c53fe08eec'),('831d03b7-2e99-460a-b820-c854b25ef626','aeb22f2a-a91c-43d9-9c05-3123562b8f64'),('831d03b7-2e99-460a-b820-c854b25ef626','2fe0a59f-9aaa-4d47-be3b-9d52b29552c2'),('831d03b7-2e99-460a-b820-c854b25ef626','667ff0a0-b607-4ea8-9820-3f84f675df26'),('831d03b7-2e99-460a-b820-c854b25ef626','f3897de5-5384-4300-84d0-9a4541976b7e'),('831d03b7-2e99-460a-b820-c854b25ef626','dc458bc6-a124-4435-9887-af4419c43f61'),('831d03b7-2e99-460a-b820-c854b25ef626','d5c41955-b9fb-4fae-ac82-0e153be80376'),('831d03b7-2e99-460a-b820-c854b25ef626','53634609-56cd-4475-90a3-92ba91323e2d'),('831d03b7-2e99-460a-b820-c854b25ef626','ad2c8b0b-c5ca-456f-b604-21a81df83602'),('831d03b7-2e99-460a-b820-c854b25ef626','1c5e7119-c8a5-473c-b73c-f987f9bb87c7'),('831d03b7-2e99-460a-b820-c854b25ef626','8b419aa7-bba9-43bc-993f-3b23d87aa954'),('831d03b7-2e99-460a-b820-c854b25ef626','39c51885-b0b9-42a2-b74a-9b46fd100ef1'),('831d03b7-2e99-460a-b820-c854b25ef626','c0b6eaf7-d099-429d-97a8-431322ec4403'),('831d03b7-2e99-460a-b820-c854b25ef626','2ea574d7-cdc5-43c0-9eaa-74ba903342b5'),('831d03b7-2e99-460a-b820-c854b25ef626','551a47c3-1753-4b1f-bd9e-fed5aceeda97'),('831d03b7-2e99-460a-b820-c854b25ef626','a7977bd8-336f-4791-95fd-9b08040e4589'),('831d03b7-2e99-460a-b820-c854b25ef626','6a0878b1-c87a-4e32-a5fe-632e8648d3f0'),('831d03b7-2e99-460a-b820-c854b25ef626','7694d527-09c0-4091-9565-6f1c053b9ea8'),('831d03b7-2e99-460a-b820-c854b25ef626','c029e42b-e712-4471-afa4-7a63f31af7ba'),('831d03b7-2e99-460a-b820-c854b25ef626','cb235608-5950-4465-97d5-99bd8086c125'),('831d03b7-2e99-460a-b820-c854b25ef626','71edfc0e-49d7-4374-85c3-c7cfc5faea8e'),('831d03b7-2e99-460a-b820-c854b25ef626','92cdac1d-2516-4d1a-8d6c-39af0b46a4c1'),('831d03b7-2e99-460a-b820-c854b25ef626','b6ab202f-5e99-47fc-823a-294c20228d92'),('831d03b7-2e99-460a-b820-c854b25ef626','e607edda-751a-4059-a66a-5230b253e03f'),('831d03b7-2e99-460a-b820-c854b25ef626','2689428b-fece-4b7c-9fb9-8b526964c0df'),('831d03b7-2e99-460a-b820-c854b25ef626','0a790f99-fe61-4775-976d-f65b996c2a16'),('831d03b7-2e99-460a-b820-c854b25ef626','9817d93b-a1de-4145-bf6b-22ad740d6973'),('831d03b7-2e99-460a-b820-c854b25ef626','e1f724e3-1c21-484a-be40-567c0f56d77c'),('831d03b7-2e99-460a-b820-c854b25ef626','bfd27e5d-0b2f-4e2b-b511-a7efefec09da'),('831d03b7-2e99-460a-b820-c854b25ef626','4197e335-d7e8-46e7-bba1-a8ce6b898ca5'),('831d03b7-2e99-460a-b820-c854b25ef626','6937c226-a8c8-40e1-987c-cbd73911473f'),('831d03b7-2e99-460a-b820-c854b25ef626','7a9e53ed-a378-4804-872b-d2f4b8cceb8b'),('831d03b7-2e99-460a-b820-c854b25ef626','ec718095-64a8-4390-8934-c327cf5dd677'),('831d03b7-2e99-460a-b820-c854b25ef626','541b6e02-b60f-4851-8a99-b70495e4bfb3'),('831d03b7-2e99-460a-b820-c854b25ef626','a33e18e3-9ad0-47c3-8cad-a5fa54273d9a'),('831d03b7-2e99-460a-b820-c854b25ef626','51c0a9ce-cd3e-4cca-9884-cd37bba6affb'),('831d03b7-2e99-460a-b820-c854b25ef626','e81cb9a0-7904-43b9-bb3e-3661e3e93dd3'),('831d03b7-2e99-460a-b820-c854b25ef626','59998d57-4e6f-42ac-bbf9-c8294a5d76ad'),('831d03b7-2e99-460a-b820-c854b25ef626','44c85f96-ded7-40e5-9472-0f12467dace7'),('831d03b7-2e99-460a-b820-c854b25ef626','814487e5-a6b1-4b4b-a271-852c2d1f37a0'),('831d03b7-2e99-460a-b820-c854b25ef626','98f6a356-c53f-47a4-b8ea-74e23d3263bb'),('831d03b7-2e99-460a-b820-c854b25ef626','83af5698-ecff-4dbc-a441-78fd9ba08474'),('831d03b7-2e99-460a-b820-c854b25ef626','14290247-bcf4-4a7e-b8b0-c6660f59c7bb'),('831d03b7-2e99-460a-b820-c854b25ef626','15d60248-50bd-4f1a-84d8-3bb29b4d91d5'),('831d03b7-2e99-460a-b820-c854b25ef626','c0606124-5450-4aae-bf38-8a51c6804942'),('831d03b7-2e99-460a-b820-c854b25ef626','2a948b18-753e-43cb-a94d-329429a0e593'),('831d03b7-2e99-460a-b820-c854b25ef626','3dc32832-812e-40de-a797-d81a18e03ac1'),('831d03b7-2e99-460a-b820-c854b25ef626','a616cbb7-c1d1-4a79-a755-34c0e2faa5f4'),('831d03b7-2e99-460a-b820-c854b25ef626','ed11131e-70e2-48e0-9644-506790767bdf'),('831d03b7-2e99-460a-b820-c854b25ef626','23e98ad7-0c4d-4fe0-a0ba-970ae70eea8d'),('831d03b7-2e99-460a-b820-c854b25ef626','797aeed5-4385-4bd5-9b9a-2cfac2e0afa5'),('831d03b7-2e99-460a-b820-c854b25ef626','e4f16cf0-2e50-40c1-9499-45596c9806b3'),('831d03b7-2e99-460a-b820-c854b25ef626','587c1d0f-0f13-4163-9a29-429253b330e9'),('831d03b7-2e99-460a-b820-c854b25ef626','c1cc9ece-ae78-4cd8-b631-86a7cfcf29f4'),('831d03b7-2e99-460a-b820-c854b25ef626','3334ec69-5170-4a28-aa8b-ee013a76a9e0'),('831d03b7-2e99-460a-b820-c854b25ef626','f2ebe843-78f1-426c-992f-95d5a2c6d859'),('831d03b7-2e99-460a-b820-c854b25ef626','2efdc9f3-013d-4b85-bbce-2f915b29e788'),('831d03b7-2e99-460a-b820-c854b25ef626','f552a543-2612-4df8-b2a6-e157c55dbfe0'),('831d03b7-2e99-460a-b820-c854b25ef626','14072b26-3656-4402-b52f-d0929ab7f04f'),('831d03b7-2e99-460a-b820-c854b25ef626','c1a4e14b-1c5d-45d9-aee8-3b415560eda3'),('831d03b7-2e99-460a-b820-c854b25ef626','3c42265d-367d-4d54-a6b3-5ab8319671c1'),('831d03b7-2e99-460a-b820-c854b25ef626','c57f47d9-2170-4861-a226-debbabd9831f'),('831d03b7-2e99-460a-b820-c854b25ef626','27932743-b66f-4688-8f3e-d6747f2d09a6'),('831d03b7-2e99-460a-b820-c854b25ef626','27159945-66fe-4196-bd5c-6269621d4d4d'),('831d03b7-2e99-460a-b820-c854b25ef626','1f9f2d3a-47f8-405b-b779-804495987a52'),('831d03b7-2e99-460a-b820-c854b25ef626','c0b6184b-d597-47ae-a994-3d3612a45009'),('831d03b7-2e99-460a-b820-c854b25ef626','150ecf1f-5450-451e-b9cd-7684434f5017'),('831d03b7-2e99-460a-b820-c854b25ef626','75c335b0-c848-43a9-93ed-6e997215d5d9'),('831d03b7-2e99-460a-b820-c854b25ef626','19dd1d75-d70b-4ecd-b1d1-ad8f4482c97c'),('831d03b7-2e99-460a-b820-c854b25ef626','3c44c7d1-f684-4706-9414-9de7beff0b56'),('831d03b7-2e99-460a-b820-c854b25ef626','63615fdc-d747-435f-9f86-82890f461f1b'),('831d03b7-2e99-460a-b820-c854b25ef626','36937ae7-57ee-4417-bdc8-0d0fad164946'),('831d03b7-2e99-460a-b820-c854b25ef626','5a64c8d6-84b0-4036-95e8-9692187c6ecd'),('831d03b7-2e99-460a-b820-c854b25ef626','3d061fee-8cb2-40d8-92d9-09aa4701de50'),('831d03b7-2e99-460a-b820-c854b25ef626','3609020f-5ab0-4eb3-8bc4-a79238b9d839'),('831d03b7-2e99-460a-b820-c854b25ef626','60883c08-09b8-483a-ba51-22b754b2fd17'),('831d03b7-2e99-460a-b820-c854b25ef626','2fde5f91-7c45-438e-aa2f-64866b4af7a0'),('831d03b7-2e99-460a-b820-c854b25ef626','f4a7a356-67db-48c1-81ff-92535eadb70c'),('831d03b7-2e99-460a-b820-c854b25ef626','8bfaf2c6-bfab-47b1-9af5-6247955d70fe'),('831d03b7-2e99-460a-b820-c854b25ef626','1614344e-2c5f-4253-9d26-ec84b27e4244'),('831d03b7-2e99-460a-b820-c854b25ef626','6241e4fd-d53a-4bc3-bfc4-3f01d580de6d'),('831d03b7-2e99-460a-b820-c854b25ef626','26df909d-0d3f-41b0-8276-12592925b135'),('831d03b7-2e99-460a-b820-c854b25ef626','b405cfd9-d52c-4bc3-ac1c-65217f4dc0e1'),('831d03b7-2e99-460a-b820-c854b25ef626','e673a357-ae10-4682-823a-3dacb51d4d6c'),('831d03b7-2e99-460a-b820-c854b25ef626','58c70ea3-18f8-42b6-825c-42d5b1e5d178'),('831d03b7-2e99-460a-b820-c854b25ef626','d865ea6f-e737-4b70-b43b-50259a08431c'),('831d03b7-2e99-460a-b820-c854b25ef626','b8d5aa98-290b-4f76-ac1c-98a01ded0b4b'),('831d03b7-2e99-460a-b820-c854b25ef626','2f320ce9-730d-498d-a4cc-37eb257213ef'),('831d03b7-2e99-460a-b820-c854b25ef626','2260a6ad-515f-4515-a332-be54f62b0799'),('831d03b7-2e99-460a-b820-c854b25ef626','fbc23eac-b8dd-48a6-bf05-e3e2f6a81b45'),('831d03b7-2e99-460a-b820-c854b25ef626','af1bb900-d36e-493e-9451-20d1d273009e'),('831d03b7-2e99-460a-b820-c854b25ef626','6552c200-6945-4d5f-a7b3-7fa5cd8c8fb0'),('831d03b7-2e99-460a-b820-c854b25ef626','b46f804b-4bc1-4e1f-a7a9-b5ffe581a780'),('831d03b7-2e99-460a-b820-c854b25ef626','2e6ecf4c-f488-4f39-ba6c-aa8b564aa58e'),('831d03b7-2e99-460a-b820-c854b25ef626','c1a4c5d5-8d9b-4f29-848c-5e21bbbdcada'),('831d03b7-2e99-460a-b820-c854b25ef626','5c36d8ec-850b-43ec-8ad4-94d9a5b32d79'),('831d03b7-2e99-460a-b820-c854b25ef626','fdae67dc-5868-4788-a719-0fec8e38adab'),('831d03b7-2e99-460a-b820-c854b25ef626','892dfb2e-ba29-41c9-b6e9-66638f45554c'),('831d03b7-2e99-460a-b820-c854b25ef626','a1487633-6f06-4163-8807-ba85c2acf808'),('831d03b7-2e99-460a-b820-c854b25ef626','4978c512-ae2c-47a0-87ad-292e1ba619dd'),('831d03b7-2e99-460a-b820-c854b25ef626','0b4f23b4-7bbc-4a68-a67f-10998199c646'),('831d03b7-2e99-460a-b820-c854b25ef626','a82d2223-33ca-4c83-a658-de12a29577e7'),('831d03b7-2e99-460a-b820-c854b25ef626','2a56b746-17ab-4bd5-ad5d-df19a447336e'),('831d03b7-2e99-460a-b820-c854b25ef626','18ddebf3-2e2a-4076-9be4-dfb36d2285a1'),('831d03b7-2e99-460a-b820-c854b25ef626','a247ea4a-203f-4fd8-92a0-b3ecae2135bc'),('831d03b7-2e99-460a-b820-c854b25ef626','ee607ced-6a0c-414f-bb64-632ca17bfac2'),('831d03b7-2e99-460a-b820-c854b25ef626','76b5b565-7743-430d-8459-735f2eeed480'),('831d03b7-2e99-460a-b820-c854b25ef626','84e9fa8a-f7cd-4cd7-8b2f-89940ba256bf'),('831d03b7-2e99-460a-b820-c854b25ef626','fc87da22-eb8d-4e28-9dc6-0db46ccb5a99'),('831d03b7-2e99-460a-b820-c854b25ef626','a4fa673c-179e-40b8-9389-34e3a20c9be9'),('831d03b7-2e99-460a-b820-c854b25ef626','1f3784cb-f7cc-49a0-bd81-5245cceea711'),('831d03b7-2e99-460a-b820-c854b25ef626','36502b82-5ca2-4f70-8ad4-1121bc3250d4'),('831d03b7-2e99-460a-b820-c854b25ef626','e0a4aad2-caca-4f61-9378-4252d061444f'),('831d03b7-2e99-460a-b820-c854b25ef626','a852390c-eef7-491b-8afb-df42611cd5e9'),('831d03b7-2e99-460a-b820-c854b25ef626','c0bc9ea5-add7-4cc8-8cf9-8a6129fe6732'),('831d03b7-2e99-460a-b820-c854b25ef626','a6169374-1e03-483d-908f-e7a03116a21b'),('831d03b7-2e99-460a-b820-c854b25ef626','b2a68e0c-0d59-4fbb-907e-7a06a9d4e766'),('831d03b7-2e99-460a-b820-c854b25ef626','9a58a494-2c64-4bb2-a66b-18953b2d452c'),('831d03b7-2e99-460a-b820-c854b25ef626','68bf0aac-df5e-4326-8ad9-2668bf1d74da'),('831d03b7-2e99-460a-b820-c854b25ef626','25caf956-05de-4c6d-93fb-69f299bdefa3'),('831d03b7-2e99-460a-b820-c854b25ef626','90dc0547-56b3-4370-b817-f40624aa3c53'),('831d03b7-2e99-460a-b820-c854b25ef626','87310b4f-c0b4-4725-9b0b-587abdfff63e'),('831d03b7-2e99-460a-b820-c854b25ef626','8ea22aa8-c8cb-4a0e-a516-2a0d4608f8f2'),('831d03b7-2e99-460a-b820-c854b25ef626','6e0100fb-e3f3-4cf8-92f1-25bd94acf6bd'),('831d03b7-2e99-460a-b820-c854b25ef626','92fed148-8505-45cc-896c-f39e22d39469'),('831d03b7-2e99-460a-b820-c854b25ef626','ac5f66eb-ce83-4bd9-904b-14d8e7ee0fd9'),('831d03b7-2e99-460a-b820-c854b25ef626','f4635018-5df3-4261-a319-2ea1deb31eeb'),('831d03b7-2e99-460a-b820-c854b25ef626','3d4f4a0d-5e37-4942-b153-7b79c4252927'),('831d03b7-2e99-460a-b820-c854b25ef626','042de407-d970-4fec-af4f-67413880deff'),('831d03b7-2e99-460a-b820-c854b25ef626','2c44ffd3-1d27-48bd-831b-741ea45b6dfd'),('831d03b7-2e99-460a-b820-c854b25ef626','e79df476-8f28-4088-972a-7100cd360a74'),('831d03b7-2e99-460a-b820-c854b25ef626','4a259373-991a-4b1a-8c56-6e81f1034bc3'),('831d03b7-2e99-460a-b820-c854b25ef626','dff7e205-88b2-4e7c-8ba7-4babf69325a3'),('831d03b7-2e99-460a-b820-c854b25ef626','ecc1e1ae-a57b-49fe-b0b8-8d1a55ae2e82'),('831d03b7-2e99-460a-b820-c854b25ef626','3415ce77-60c0-41d4-ac8f-2e960b7e70fd'),('831d03b7-2e99-460a-b820-c854b25ef626','1979f191-fe30-4449-ace7-c94b6f04bb8e'),('831d03b7-2e99-460a-b820-c854b25ef626','adcbea57-c5d6-4806-b884-46fc301f2851'),('831d03b7-2e99-460a-b820-c854b25ef626','64fc48c6-c0db-4653-ad60-7a7515f7d87a'),('831d03b7-2e99-460a-b820-c854b25ef626','34ece2d5-8ee0-449a-9af8-de0556d1507d'),('831d03b7-2e99-460a-b820-c854b25ef626','57e7217c-8da9-4a7e-b762-43fff10f75fb'),('831d03b7-2e99-460a-b820-c854b25ef626','cdb10567-788a-42dd-ade2-873f53362de0'),('831d03b7-2e99-460a-b820-c854b25ef626','43dc49ee-16b3-4fea-994f-d2fbecd25836'),('831d03b7-2e99-460a-b820-c854b25ef626','4165574f-634d-47e7-a14e-c712c31ff44f'),('831d03b7-2e99-460a-b820-c854b25ef626','4313fedb-84e6-4056-98a9-98d4d9d72d3a'),('831d03b7-2e99-460a-b820-c854b25ef626','10b0165f-dab2-4e1e-926a-b2e98ebb3bfc'),('831d03b7-2e99-460a-b820-c854b25ef626','6f650686-5cc4-4e80-9e4a-a0599d5db8ea'),('831d03b7-2e99-460a-b820-c854b25ef626','07b23c48-5550-449f-8126-91a1cf4cd27d'),('831d03b7-2e99-460a-b820-c854b25ef626','0bdada7e-9c29-491c-9842-1e7a5f9c6842'),('831d03b7-2e99-460a-b820-c854b25ef626','84c16241-b789-4c9a-849c-e3f6d4acc0c7'),('831d03b7-2e99-460a-b820-c854b25ef626','4368c010-f509-4e19-95e0-a432484993d9'),('831d03b7-2e99-460a-b820-c854b25ef626','a56242e9-21ae-4c29-9b74-12b446d31f3e'),('831d03b7-2e99-460a-b820-c854b25ef626','36c6c5a2-32c7-433d-af92-ab7bc77a3527'),('831d03b7-2e99-460a-b820-c854b25ef626','c9952d19-17e6-426b-8d2b-56cc6141407a'),('831d03b7-2e99-460a-b820-c854b25ef626','d041caba-f476-42d0-9eff-3d806e0aff64'),('831d03b7-2e99-460a-b820-c854b25ef626','72b4244d-ba07-4f76-a17f-efeb31371c0e'),('831d03b7-2e99-460a-b820-c854b25ef626','fce1bcce-b8c1-47f9-adfc-e3175567fc85'),('831d03b7-2e99-460a-b820-c854b25ef626','c8c5602d-c80d-48c1-8c39-be62b286ef63'),('831d03b7-2e99-460a-b820-c854b25ef626','4771e57a-1f43-450c-8a0a-8b5090a86c3a'),('831d03b7-2e99-460a-b820-c854b25ef626','5724c7b9-b58c-4fee-957d-2c806176620b'),('831d03b7-2e99-460a-b820-c854b25ef626','6fe15749-5827-44df-bd0c-7edd7ddd4c8c'),('831d03b7-2e99-460a-b820-c854b25ef626','bef01da4-d35a-4767-9215-80309e029974'),('831d03b7-2e99-460a-b820-c854b25ef626','7986e5e5-bff4-46da-bcab-1802450bb58b'),('831d03b7-2e99-460a-b820-c854b25ef626','dfad163b-a16e-413c-8ac2-b92af9af5104'),('831d03b7-2e99-460a-b820-c854b25ef626','0440bb99-082d-495e-9c41-b0c78c945067'),('831d03b7-2e99-460a-b820-c854b25ef626','095706a3-0fb9-4830-8916-737b52ebbb34'),('831d03b7-2e99-460a-b820-c854b25ef626','a39fee02-f7e8-428b-a916-b11159146220'),('831d03b7-2e99-460a-b820-c854b25ef626','092ba044-d01d-4065-977c-0e2b878bc252'),('831d03b7-2e99-460a-b820-c854b25ef626','696598bb-b76b-4cc3-aba0-308119d0910d'),('831d03b7-2e99-460a-b820-c854b25ef626','667689c7-adf1-4cd3-af0d-c8409a36009b'),('831d03b7-2e99-460a-b820-c854b25ef626','01fd9859-71dd-4940-9407-6cdf8b709dcf'),('831d03b7-2e99-460a-b820-c854b25ef626','74a2ed22-96ec-4648-a6f6-bcea7ccae09d'),('831d03b7-2e99-460a-b820-c854b25ef626','8eb151d7-42d9-477a-a977-5c4775b6ca32'),('831d03b7-2e99-460a-b820-c854b25ef626','bcb9d5c4-f60c-441a-bd10-051108a2c96c'),('831d03b7-2e99-460a-b820-c854b25ef626','4b2bd751-1532-463d-bef5-c5aaef2d0755'),('831d03b7-2e99-460a-b820-c854b25ef626','a76e52a2-c22d-437e-be44-29203c102e59'),('831d03b7-2e99-460a-b820-c854b25ef626','51ce20de-169b-4b37-ab9c-43a8c3d73d8d'),('831d03b7-2e99-460a-b820-c854b25ef626','fce1cd99-3e60-4c2d-a7a4-f47225546da7'),('831d03b7-2e99-460a-b820-c854b25ef626','ba844654-3bd3-41ad-966d-6cd23827b41a'),('831d03b7-2e99-460a-b820-c854b25ef626','b961be4c-23f7-4c43-a14e-b2ef5fec6f3c'),('831d03b7-2e99-460a-b820-c854b25ef626','6289fd30-bc9a-49dd-8d96-0c069d6ee6c3'),('831d03b7-2e99-460a-b820-c854b25ef626','0c713585-bfce-498e-ba69-e56f7df66e9e'),('831d03b7-2e99-460a-b820-c854b25ef626','94e01b3b-ea21-49e6-95c1-6c9cb54303e8'),('831d03b7-2e99-460a-b820-c854b25ef626','8f7581b6-0737-41b8-8241-77d88a64c151'),('831d03b7-2e99-460a-b820-c854b25ef626','0552edba-c643-4e78-a29f-caca22f44c2b'),('831d03b7-2e99-460a-b820-c854b25ef626','6fa0354f-a18b-4502-8863-c92015783be6'),('831d03b7-2e99-460a-b820-c854b25ef626','2c548d6a-141e-4c89-add0-79da69a26150'),('831d03b7-2e99-460a-b820-c854b25ef626','682fcec0-a043-4f5a-8c51-ed62efedc757'),('831d03b7-2e99-460a-b820-c854b25ef626','9774191c-d671-4407-85d6-3a59b31d19a8'),('831d03b7-2e99-460a-b820-c854b25ef626','6926e55a-c346-4b2f-8576-ba9ae7c11e9b'),('831d03b7-2e99-460a-b820-c854b25ef626','f93a9b8f-24d9-458b-b5fb-8145bb683ebd'),('831d03b7-2e99-460a-b820-c854b25ef626','e4cf531d-ceb4-4658-af51-4dc2fba58534'),('831d03b7-2e99-460a-b820-c854b25ef626','091c6de7-efa0-4f8d-813a-1b17a97ebb1b'),('831d03b7-2e99-460a-b820-c854b25ef626','27ac3068-5d48-443c-a87b-9c2ab7f9b2ed'),('831d03b7-2e99-460a-b820-c854b25ef626','555b4a52-7a7e-4752-85e6-4341fa0762eb'),('831d03b7-2e99-460a-b820-c854b25ef626','3ca17ced-568b-4c03-afc4-4128ac24399a'),('831d03b7-2e99-460a-b820-c854b25ef626','3fac35ec-5226-4960-a51f-55c583722a5c'),('831d03b7-2e99-460a-b820-c854b25ef626','7af83738-e75f-44a2-9ea3-fef4b34604b8'),('831d03b7-2e99-460a-b820-c854b25ef626','4bac10f9-8fbe-4b24-974a-09474b67ca99'),('831d03b7-2e99-460a-b820-c854b25ef626','c8074def-52d4-4aff-98b2-faa335b57ed8'),('831d03b7-2e99-460a-b820-c854b25ef626','c6d32021-93f0-4c63-9f69-2ea65511a171'),('831d03b7-2e99-460a-b820-c854b25ef626','c6aedc90-673c-4b6d-9673-81a953798ceb'),('831d03b7-2e99-460a-b820-c854b25ef626','a8b22542-28a1-454f-b856-74dcc23a69a0'),('831d03b7-2e99-460a-b820-c854b25ef626','2db99f42-4bf7-4af3-a7fa-e814bbe1222d'),('831d03b7-2e99-460a-b820-c854b25ef626','426d1ece-3fa8-4ef1-9ea3-a822691e162e'),('831d03b7-2e99-460a-b820-c854b25ef626','3f9e7eae-2d73-428d-bdb4-ad7011d411b5'),('831d03b7-2e99-460a-b820-c854b25ef626','fdaace54-6b3f-4dc4-a42e-4e641eeabf9b'),('831d03b7-2e99-460a-b820-c854b25ef626','1f064fec-7551-4c30-8b30-33f53b6a102c'),('831d03b7-2e99-460a-b820-c854b25ef626','81496669-08ae-497e-bf24-570817873ab4'),('831d03b7-2e99-460a-b820-c854b25ef626','e848ccfa-d88f-4b6a-a8a9-5354cfbf9fc8'),('831d03b7-2e99-460a-b820-c854b25ef626','553cc25b-f3d4-4bfa-a7c9-ad5643039dc7'),('831d03b7-2e99-460a-b820-c854b25ef626','88766d71-4c61-4e7e-adbc-4c396aaea427'),('831d03b7-2e99-460a-b820-c854b25ef626','53343f2e-5f5a-4a63-89ec-314afa790e9b'),('831d03b7-2e99-460a-b820-c854b25ef626','82529976-baf7-49af-b49b-2459c976034a'),('831d03b7-2e99-460a-b820-c854b25ef626','8afdd881-0f4a-4133-b572-4f4abcd446c3'),('831d03b7-2e99-460a-b820-c854b25ef626','ee774540-30e2-4489-a25b-8ae32f850dc4'),('831d03b7-2e99-460a-b820-c854b25ef626','c9ab61fe-ba59-4381-8081-1a6aa6553bb2'),('831d03b7-2e99-460a-b820-c854b25ef626','de632029-86eb-4928-8946-79e4fa69661c'),('831d03b7-2e99-460a-b820-c854b25ef626','22ea0e0b-1ee4-42ab-9b11-d07db259a725'),('831d03b7-2e99-460a-b820-c854b25ef626','60a3708c-c609-4727-8da7-b38f49c49ae7'),('831d03b7-2e99-460a-b820-c854b25ef626','e02fd793-3840-47e0-922f-22ad00e754d8'),('831d03b7-2e99-460a-b820-c854b25ef626','d6c13bd0-83d3-403e-808b-09eb1c41c0d8'),('831d03b7-2e99-460a-b820-c854b25ef626','4491c61b-cf32-4da9-a47f-831a21245494'),('831d03b7-2e99-460a-b820-c854b25ef626','1b19ce2f-459b-4037-b144-dedb6729b28e'),('831d03b7-2e99-460a-b820-c854b25ef626','8456f287-9883-4264-8420-a7acb90f1ccb'),('831d03b7-2e99-460a-b820-c854b25ef626','8be2c8cd-dcaa-4271-b745-5a63273c19d1'),('831d03b7-2e99-460a-b820-c854b25ef626','79cdd315-568f-44ab-aacc-a317ccc15a8d'),('831d03b7-2e99-460a-b820-c854b25ef626','37afef16-f820-4b80-b896-acd902a88ed0'),('831d03b7-2e99-460a-b820-c854b25ef626','38a72153-2d02-482c-ac83-91787936b2ed'),('831d03b7-2e99-460a-b820-c854b25ef626','41787105-8d3f-4f47-8a47-7bf5b57b5a0a'),('831d03b7-2e99-460a-b820-c854b25ef626','badce613-2a99-4abb-97f7-37d55c478caf'),('831d03b7-2e99-460a-b820-c854b25ef626','4ab666a6-6752-4038-a04b-a298b04175db'),('831d03b7-2e99-460a-b820-c854b25ef626','4238822b-732d-478f-9cde-4c4fa7ecd751'),('831d03b7-2e99-460a-b820-c854b25ef626','ad378b26-270e-4695-bdff-6b05f65bc080'),('831d03b7-2e99-460a-b820-c854b25ef626','7c9e9118-cc71-4d5f-95b6-96867719abd0'),('831d03b7-2e99-460a-b820-c854b25ef626','6f1dabc2-b1b6-4f58-834d-bbc1c76d4e63'),('831d03b7-2e99-460a-b820-c854b25ef626','0c9924a4-7da3-42f5-b1e0-390b9ba90739'),('831d03b7-2e99-460a-b820-c854b25ef626','ceda4056-c05a-4fa6-9808-ce2a7109ca66'),('831d03b7-2e99-460a-b820-c854b25ef626','c23c4cd3-81a3-4096-902e-2ca3b97a772b'),('831d03b7-2e99-460a-b820-c854b25ef626','15b28efb-4e90-4cbc-bd15-3496b0adfc9c'),('831d03b7-2e99-460a-b820-c854b25ef626','21963bf7-4153-4b85-9c8b-fc66cdbb182e'),('831d03b7-2e99-460a-b820-c854b25ef626','73b45522-a0be-4e6e-aeda-f0eaf645bc9b'),('831d03b7-2e99-460a-b820-c854b25ef626','5683af04-2e67-43ab-abd4-c1c345857800'),('831d03b7-2e99-460a-b820-c854b25ef626','8e3d26be-e9ed-4e3d-accd-87492a4efdcd'),('831d03b7-2e99-460a-b820-c854b25ef626','d2dccd91-11df-472a-be63-da30a597e85b'),('831d03b7-2e99-460a-b820-c854b25ef626','c4bbc864-cd82-476f-9ae2-1744cfda67ab'),('831d03b7-2e99-460a-b820-c854b25ef626','29a014b7-d1c3-467a-a8ff-c6e74c650002'),('831d03b7-2e99-460a-b820-c854b25ef626','a7a31682-5dc4-4996-8ec9-1d5c8900d817'),('831d03b7-2e99-460a-b820-c854b25ef626','9a034556-86ca-453c-8212-71ae7df8b103'),('831d03b7-2e99-460a-b820-c854b25ef626','2e1d5042-bc6d-485d-8c6a-cb184df96b2a'),('831d03b7-2e99-460a-b820-c854b25ef626','16cc7db2-9d7d-44c1-96fc-44fdf92b450f'),('831d03b7-2e99-460a-b820-c854b25ef626','fe0cd98b-5c4f-48cf-8541-7e8f2de63748'),('831d03b7-2e99-460a-b820-c854b25ef626','99369a5e-c6b3-417d-b7ba-dbc7bc2d1dcb'),('831d03b7-2e99-460a-b820-c854b25ef626','5d334776-ba30-49b4-b56e-626f30e98d5b'),('831d03b7-2e99-460a-b820-c854b25ef626','50770714-d8cd-4874-b398-ddc38612e586'),('831d03b7-2e99-460a-b820-c854b25ef626','0737fd17-52d0-42d1-9f38-aa09139fc259'),('831d03b7-2e99-460a-b820-c854b25ef626','06469811-8d4a-468f-ba0b-9310e55ac854'),('831d03b7-2e99-460a-b820-c854b25ef626','0d0376f5-7260-4e0c-8fa0-3c1f8352cbc9'),('831d03b7-2e99-460a-b820-c854b25ef626','16c12073-24af-4d3b-bd9f-13f0a8adc9c4'),('831d03b7-2e99-460a-b820-c854b25ef626','40f57f1e-b529-4e4d-893a-ca3be2805bfd'),('831d03b7-2e99-460a-b820-c854b25ef626','b4d15548-25fe-4dee-9639-e72b6f27f7e7'),('831d03b7-2e99-460a-b820-c854b25ef626','839e6a8d-f9c0-4ecf-a588-df744754e30d'),('831d03b7-2e99-460a-b820-c854b25ef626','e4fba79a-bdf4-4b28-afb3-3f4a9c47692b'),('831d03b7-2e99-460a-b820-c854b25ef626','5c75f414-cdea-4f64-a5df-495b845b7f77');
/*!40000 ALTER TABLE `pathology_test_types_test` ENABLE KEYS */;
UNLOCK TABLES;

--
-- Table structure for table `pathology_tests`
--

DROP TABLE IF EXISTS `pathology_tests`;
/*!40101 SET @saved_cs_client     = @@character_set_client */;
/*!40101 SET character_set_client = utf8 */;
CREATE TABLE `pathology_tests` (
  `testId` varchar(50) NOT NULL,
  `testName` varchar(150) DEFAULT NULL,
  `testDesc` varchar(50) DEFAULT NULL,
  `price` varchar(50) DEFAULT NULL,
  `discount` varchar(50) DEFAULT NULL,
  PRIMARY KEY (`testId`)
) ENGINE=InnoDB DEFAULT CHARSET=latin1;
/*!40101 SET character_set_client = @saved_cs_client */;

--
-- Dumping data for table `pathology_tests`
--

LOCK TABLES `pathology_tests` WRITE;
/*!40000 ALTER TABLE `pathology_tests` DISABLE KEYS */;
INSERT INTO `pathology_tests` VALUES ('007793dc-2b4c-4c75-a03b-d7ad57cc22ea','TOTAL CHOLESTROL','','100','10'),('00b13ca9-f08a-408a-996e-4881ee42a755','ANTI MULLERIAN HORMONE','','1200','10'),('00df5e7a-b074-4745-8172-bd514aed1c72','HEV','','900','10'),('01364f56-285e-43f5-9842-e5de915eb2db','LEUTINISING HORMONE (LH)','','300','10'),('01fd9859-71dd-4940-9407-6cdf8b709dcf','HS1G','HERPES SIMPLEX VIRUS I (HSV)-IgG ','450','25'),('0319b938-7ff4-4f88-bcc6-a264d5aeb4e4','LEPTOSPIRA-IGG-IGM','','2000','10'),('036c8197-3ae6-4fc7-ac90-812bcae44cd9',' SERUM PREGNANCY TEST','','300','10'),('042de407-d970-4fec-af4f-67413880deff','AMH','ANTI MULLERIAN HORMONE','1800','25'),('042f4546-61c5-4a9d-809d-c851510f24d4','COOMBS TEST INDIRECT','','500','10'),('0440bb99-082d-495e-9c41-b0c78c945067','MG','MAGNESIUM','300','25'),('04449adc-4ac7-43b3-8885-eaa121224f82','FT4','FREE THYROXINE','400','10'),('045864ad-831f-416b-b6fa-a2fd7cfc6859','RUBELLA IGM','','650','10'),('052f19ba-dc12-47c6-b87a-1e9c8a314c8e','ALLERGY FOOD PANEL 2 - SCREENING','','600','10'),('0552edba-c643-4e78-a29f-caca22f44c2b','HS2M','HERPES SIMPLEX VIRUS II (HSV)-IgM','450','25'),('0627b2c2-733e-4f73-aa78-7f845d94b343','MP ANTIGEN','','400','10'),('06469811-8d4a-468f-ba0b-9310e55ac854','ALR14','ALLERGY - COCONUT','750','25'),('064fc11f-18df-4978-a1ff-ee40e920f4bf','AMYLASE','','250','10'),('0706141f-644a-4760-8b24-f5487aa4fc4d','PAP SMEAR','','500','10'),('0737fd17-52d0-42d1-9f38-aa09139fc259','ALR13','ALLERGY - SHRIMP','750','25'),('078d9564-b661-44ed-bfbf-f51de2c47397','CARDIOLIPIN ANTIBODY (ACL) -IgG','','450','10'),('07b23c48-5550-449f-8126-91a1cf4cd27d','AHCV','','750','25'),('091c6de7-efa0-4f8d-813a-1b17a97ebb1b','BILD','BILIRUBIN -DIRECT','225','25'),('092ba044-d01d-4065-977c-0e2b878bc252','TRIG','TRIGLYCERIDES','225','25'),('095706a3-0fb9-4830-8916-737b52ebbb34','C3','COMPLEMENT 3 (C3)','750','25'),('09a9bf3d-97b8-4c7b-8cc3-6bc33db0bc5d','HbA1c','','300','10'),('0a790f99-fe61-4775-976d-f65b996c2a16','ALLERGY - CODFISH','','500','10'),('0a7b881e-1256-428b-996a-ed1bbc5d7d18','SODIUM CARPAMAAEPINE','','750','10'),('0aa58697-4f02-4580-a98c-ded4d932cafe','TOP  ANTI  THYRIOD','','1400','10'),('0aae6e5e-83ae-4443-9af5-46270617ecb9','ALLERGY FOOD PANEL II - CONFIRMATORY','','1600','10'),('0b4f23b4-7bbc-4a68-a67f-10998199c646','URIC','URIC ACID','225','25'),('0b68919d-f8cc-4079-bea2-7c6ceb77d93a','TOTAL CHOLESTEROL','','150','10'),('0b6f1174-6d27-4ca4-baaf-68a5268fd327','ALKALINE PHOSPHATASE','','150','10'),('0bdada7e-9c29-491c-9842-1e7a5f9c6842','ASO','ANTI STREPTOLYSIN - O','750','25'),('0c713585-bfce-498e-ba69-e56f7df66e9e','C4','COMPLEMENT 4 ','825','25'),('0c9924a4-7da3-42f5-b1e0-390b9ba90739','AWPC','ALLERGY WEED PANEL - CONFIRMATORY','1800','25'),('0d0376f5-7260-4e0c-8fa0-3c1f8352cbc9','ALR15','ALLERGY - MUSHROOM','750','25'),('0dede550-6813-42af-83c8-c4544350cd04','HCV','','600','10'),('0e071c97-2ce8-40c8-b070-2e9b62de404f','DOUBLE MARKER','','2100','10'),('0e65f248-d685-471b-8529-f014ad85fb53','HUMAN GROWTH HORMONE (HGH)','','450','10'),('0e6a7dbd-aaf8-46c8-8c74-3dd8ff651ffd','DENGUE NSI- IgG -IgM','','1000','10'),('0e8220c3-ba8f-481e-abdb-c006be999e5c','MUMPS','','1600','10'),('108428cb-ec9d-4bbd-a4ab-7a89d271cf5c','BILIRUBIN - TOTAL','','150','10'),('1096813e-272b-409a-a39f-d98ecf9bb7c2','CRP','HIGH SENSITIVE C - REACTIVE PROTEIN (HsCRP)','300','10'),('10b0165f-dab2-4e1e-926a-b2e98ebb3bfc','DNA','ANTI - DSDNA ','675','25'),('128b7db0-6a81-4171-a2b9-8d39391e5350','NEONATAL THYROID STIMULATING HORMONE # (TSH)','','250','10'),('14072b26-3656-4402-b52f-d0929ab7f04f','HEP TOT','','4800','25'),('14113628-161b-4f67-af04-6ae12a7ae32c','INSULIN','','550','10'),('14290247-bcf4-4a7e-b8b0-c6660f59c7bb','LIPID','','450','25'),('142e34a7-4271-4be5-b454-d9a77636e3a7','PR3 - ANCA ( C-ANCA )','','700','10'),('150ecf1f-5450-451e-b9cd-7684434f5017','STEROID','','2700','25'),('1512001d-1324-44fd-8805-35fc0d9de29b','ASPARTATE AMINOTRANSFERASE (SGOT )','','150','10'),('1596f307-d06b-4d24-a50f-d7325a1143fd','TFT','','600','10'),('15b28efb-4e90-4cbc-bd15-3496b0adfc9c','EBVCG','EPSTEIN BARR VIRAL CAPSID ANTIGEN - IgG','1200','25'),('15d60248-50bd-4f1a-84d8-3bb29b4d91d5','LFT','','525','25'),('1614344e-2c5f-4253-9d26-ec84b27e4244','FT3','FREE TRIIODOTHYRONINE','300','25'),('163c3838-0514-4cfa-9097-44d64aa68075','TISSUE TRANSGLUTAMINASE - IGA (TTG)','','600','10'),('16647763-46e8-4ec4-9fcd-3ef0a3774f5b','LH','LEUTINISING HORMONE','400','10'),('16a0d672-faef-4eb1-94db-0f2376ac72c4','GLUCOSE-6-PHOSPHATE DEHYDROGENASE','','600','10'),('16c12073-24af-4d3b-bd9f-13f0a8adc9c4','RIANA','ANA TITRE (IMMUNOFLUORESCENCE)','1350','25'),('16cc7db2-9d7d-44c1-96fc-44fdf92b450f','ALR08','ALLERGY - CODFISH','750','25'),('174052dd-ddfc-44cf-8a03-6ea0787ffe1a','PROTEIN - TOTAL','','150','10'),('175804a0-1826-49d1-9531-42b0a431f161','CD3/CD4/CD8','','800','10'),('17e1fdc8-1ffc-4f29-9fba-d3763de0b89a','AEB STAIN 3 DAYS','','600','10'),('18ddebf3-2e2a-4076-9be4-dfb36d2285a1','CALC','CALCIUM','225','25'),('1979f191-fe30-4449-ace7-c94b6f04bb8e','CORT','CORTISOL','750','25'),('19932a6c-9567-4bbe-b334-c732e869b24c','HOMOCYSTEINE','','600','10'),('19cb84dc-730c-4338-8bcb-90db8fbcf7d0','ANC PROFILE','','1300','10'),('19dd1d75-d70b-4ecd-b1d1-ad8f4482c97c','VDP','','1500','25'),('19dd4bea-1b53-4fa6-9669-5f5f58d21e37','FSH','FOLLICLE STIMULATING HORMONE','400','10'),('1abe9615-ac2f-46a7-9a28-9cce7d434a72','CARBAMAZEPINE / TEGRETOL','','600','10'),('1b19ce2f-459b-4037-b144-dedb6729b28e','PNL09','ALLERGY WEED PANEL - SCREENING','900','25'),('1b3a2b9a-0a2c-455f-a75f-a6b22cb7b1aa','HERPES SIMPLEX VIRUS (HSV)-IgG','','300','10'),('1c5e7119-c8a5-473c-b73c-f987f9bb87c7','ALLERGY TREE PANEL I - CONFIRMATORY','','1200','10'),('1de43494-63b5-47d0-bc36-c936d594add7','PACKED CELL VOLUME','','50','10'),('1e3b0644-4e19-44a6-8fae-39f8bcbeaad3','HEPATITIS B SURFACE ANTIGEN (HBsAg)','','500','10'),('1f064fec-7551-4c30-8b30-33f53b6a102c','DG_G','DENGUE-IGG','750','25'),('1f313764-e36e-411a-8639-0043a1145ecf','TREPONEMA PALLIDUM ANTIBODY (TPAB)','','500','10'),('1f3784cb-f7cc-49a0-bd81-5245cceea711','HB27','HLA-B27','1200','25'),('1f680cbf-9636-493b-8550-846ce31385ab','ANTI HEPATITIS B ENVELOPE ANTIGEN (AHBe) -TOTAL','','550','10'),('1f9f2d3a-47f8-405b-b779-804495987a52','DOUBLE','','2550','25'),('1fc54bab-a574-4193-b884-86593fced6b4',' CLOTTING TIME','','50','10'),('2006dfd4-d8f7-4feb-92d6-aa1d770bcc68','COMPLEMENT 3 (C3)','','500','10'),('205b0cf9-f184-4f42-afd2-16bc9cd692c1','DENGUE NS1-IgG-IgM','','1000','10'),('20c30fc3-081b-4887-be1f-1035e829c4b7','17 OH PROGESTERONE','','600','10'),('21963bf7-4153-4b85-9c8b-fc66cdbb182e','ALR17','ALLERGY - DERMATOPHAGOIDES PTERNYSSINUS','750','25'),('21dcf799-9b1c-4f4f-9d95-583576d640c6','LACTATE','','550','10'),('220fb1f2-ac3b-4e33-94b0-8ced69a3fbdf','KETONE BODIES','','100','10'),('2260a6ad-515f-4515-a332-be54f62b0799','SCRE','CREATININE - SERUM','225','25'),('2287d41a-ab3b-44d6-9b36-7cd07b47b518','MPO - ANCA ( P - ANCA )','','800','10'),('22ea0e0b-1ee4-42ab-9b11-d07db259a725','TPAB','TREPONEMA PALLIDUM ANTIBODY','750','25'),('23638df6-92f3-488e-a78c-efa2d1d50d20','VEGINAL SWAB C/S','','400','10'),('238ba332-47b2-4462-b965-79603d2ef032','TROPONIN-I','','900','10'),('23ab0189-1ee7-46b9-bd82-f9d3a4bf43eb','TSH','THYROID STIMULATING HORMONE','300','10'),('23d4da37-3706-4baf-b1d3-a7779f709c90','IMMUNOGLOBULIN M (IGM)','','600','10'),('23e98ad7-0c4d-4fe0-a0ba-970ae70eea8d','TUMOUR M','','2700','25'),('23fb91be-bc3b-4bcf-b137-5af5f601fab2','CA-125','','600','10'),('2570dee5-7876-45ee-be63-d04db64ae6d4','URINARY MICROALBUMIN','','350','10'),('25bce90e-23c7-4a8e-bf87-a4bfbf9680f8','FOLLICLE STIMULATING HORMONE (FSH)','','300','10'),('25caf956-05de-4c6d-93fb-69f299bdefa3','FOLI','FOLIC ACID ','600','25'),('2689428b-fece-4b7c-9fb9-8b526964c0df','ALLERGY - CRAB','','500','10'),('26b990ed-7b71-4c75-9a3a-4130ceeef660','ALLERGY WEED PANEL - SCREENING','','600','10'),('26df909d-0d3f-41b0-8276-12592925b135','VITB','VITAMIN B-12','525','25'),('26e1ef0a-89f1-473d-9761-0131bbb003ff','ESTRADIOL/OESTROGEN (E2)','','400','10'),('27159945-66fe-4196-bd5c-6269621d4d4d','PRE - MARI','','2400','25'),('27932743-b66f-4688-8f3e-d6747f2d09a6','ETP','','1200','25'),('27ac3068-5d48-443c-a87b-9c2ab7f9b2ed','PANC','MPO - ANCA ( P - ANCA )','1200','25'),('28cecd05-4f63-4d8a-925e-99439dc9538e','MP ANTIGEN','','400','10'),('29125182-fdbf-4754-a94d-8b6819eccd7c','BLOOD C/S','','800','10'),('298cb184-f20b-41a4-8322-bcc20ff59fcf','BRUCELLA AB IGG','','980','10'),('29a014b7-d1c3-467a-a8ff-c6e74c650002','ALR04','ALLERGY - CABBAGE','750','25'),('29af9be6-2a55-455d-b76f-ef013e6e2019','BILE SALT & PIGMENTS','','50','10'),('29b3b8fb-115e-4706-9644-63d847852214','CYTOMEGALO VIRUS (CMV) - IgG','','300','10'),('29f68666-4e0c-4e2c-8d8a-9cd20e28b4d9','VDRRL','','200','10'),('2a1e9564-5ddc-453c-bec2-2c24a20968f6','GROWTH HARMONE','','950','10'),('2a56b746-17ab-4bd5-ad5d-df19a447336e','CRP','HIGH SENSITIVE C - REACTIVE PROTEIN (HsCRP)','525','25'),('2a948b18-753e-43cb-a94d-329429a0e593','TORCH8','','1800','25'),('2ad909dc-eb01-40e6-93f9-09e7f66a69ba','RETICULOCYTE COUNT','','150','10'),('2af5c019-88d6-4d70-b6a7-245dcb904029','SGPT','ALANINE TRANSAMINASE','100','10'),('2c44ffd3-1d27-48bd-831b-741ea45b6dfd','PTH','INTACT PARATHYROID HORMONE ','975','25'),('2c548d6a-141e-4c89-add0-79da69a26150','CANC','PR3 - ANCA ( C-ANCA )','1050','25'),('2d7ab996-93e4-430b-8c07-5da08fa58821','VALPROIC ACID','','550','10'),('2da9a606-dd0a-40de-80e5-cae1dff5e04b','HIV','','400','10'),('2db99f42-4bf7-4af3-a7fa-e814bbe1222d','LP_M','LEPTOSPIRA-IG M','900','25'),('2dbd4464-3145-42dd-8d12-1b9f5a79623e','HBA1C','','400','10'),('2e1d5042-bc6d-485d-8c6a-cb184df96b2a','ALR07','ALLERGY - CRAB','750','25'),('2e6ecf4c-f488-4f39-ba6c-aa8b564aa58e','UALB','URINARY MICROALBUMIN','525','25'),('2e8b99d2-0175-4e3b-ae4f-040837bf4368','STOOL C/S','','400','10'),('2ea574d7-cdc5-43c0-9eaa-74ba903342b5','EPSTEIN BARR VIRAL NUCLEAR ANTIGEN - IgG','','800','10'),('2efdc9f3-013d-4b85-bbce-2f915b29e788','ANEMIA','','2550','25'),('2f320ce9-730d-498d-a4cc-37eb257213ef','FSH','FOLLICLE STIMULATING HORMONE','450','25'),('2fde5f91-7c45-438e-aa2f-64866b4af7a0','HBA','HbA1c','450','25'),('2fe0a59f-9aaa-4d47-be3b-9d52b29552c2','SICKLING TEST','','300','10'),('3038ea15-3be6-491f-b026-049d678703bf','UREA','','100','10'),('30dae1b6-8129-4375-9510-878e5b89b0a1','ANTI HEPATITIS B SURFACE ANTIGEN (AHBS) - TOTAL','','550','10'),('31e457a1-7cea-4593-874a-859380ec8108','LIPASE','','550','10'),('3238613e-8e19-4f4d-b481-c4f36934387d','FREE TRIIODOTHYRONINE (FT3)','','200','10'),('3334ec69-5170-4a28-aa8b-ee013a76a9e0','TRIPLE','','2550','25'),('3371d411-76f5-47ab-8b53-803190ad51f3','FOLIC ACID','','400','10'),('3415ce77-60c0-41d4-ac8f-2e960b7e70fd','ATG','ANTI THYROGLOBULIN ANTIBODY','675','25'),('3459b4fe-839b-42b6-94c3-7d6ff950e53d','CBC (complete blood count)','','400','10'),('34ece2d5-8ee0-449a-9af8-de0556d1507d','APLM','ANTI PHOSPHOLIPID ANTIBODY (APL) - IgM','900','25'),('351f5149-241c-47b0-bec2-38b472b017c3','IMMUNOGLOBULIN A (IGA)','','600','10'),('3581f269-0da6-428a-acfa-be2199d42e9b','HELICOBACTER PYLORI - IgA','','800','10'),('35d12fe5-086f-43ae-bebe-94435e000ee4','THR0AT SWAB C/S','','400','10'),('3609020f-5ab0-4eb3-8bc4-a79238b9d839','H6','HEMOGRAM - 6 PART (DIFF)','450','25'),('36502b82-5ca2-4f70-8ad4-1121bc3250d4','E2','ESTRADIOL/OESTROGEN ','600','25'),('36937ae7-57ee-4417-bdc8-0d0fad164946','FATSVP','','2700','25'),('36b01013-e643-4ecb-8358-44825ffedd51','LUPUS ANTI','','1100','10'),('36c6c5a2-32c7-433d-af92-ab7bc77a3527','PREL','PROTEIN ELECTROPHORESIS','750','25'),('37afef16-f820-4b80-b896-acd902a88ed0','SICKL','SICKLING TEST','450','25'),('38a72153-2d02-482c-ac83-91787936b2ed','VITA','VITAMIN A','1650','25'),('3947c80a-6382-4bbc-9b42-4bd3135a6e04','TRIGLYCERIDES','','100','10'),('39c51885-b0b9-42a2-b74a-9b46fd100ef1','ALLERGY WEED PANEL - CONFIRMATORY','','1200','10'),('3c42265d-367d-4d54-a6b3-5ab8319671c1','VITA PRO','','1500','25'),('3c44c7d1-f684-4706-9414-9de7beff0b56','FIP','','3450','25'),('3ca17ced-568b-4c03-afc4-4128ac24399a','LDH','LACTATE DEHYDROGENASE','375','25'),('3d061fee-8cb2-40d8-92d9-09aa4701de50','T3','TOTAL TRIIODOTHYRONINE','300','25'),('3d4f4a0d-5e37-4942-b153-7b79c4252927','CM_M','CYTOMEGALO VIRUS (CMV) - IgM','450','25'),('3dc32832-812e-40de-a797-d81a18e03ac1','KIDPRO','','450','25'),('3f9e7eae-2d73-428d-bdb4-ad7011d411b5','IGM','IMMUNOGLOBULIN M','900','25'),('3fac35ec-5226-4960-a51f-55c583722a5c','SHBG','SEX HORMONE BINDING GLOBULIN ','900','25'),('3fef111b-80b3-40e0-ba36-13a4dc7d439f','ANTI THYROGLOBULIN ANTIBODY (ATG)','','450','10'),('40453a27-c457-4699-9941-316b124e3b42','ELECTROLYTES','','400','10'),('40f57f1e-b529-4e4d-893a-ca3be2805bfd','SIANA','ANA SCREENING (IMMUNOFLUORESCENCE)','1200','25'),('4165574f-634d-47e7-a14e-c712c31ff44f','SAG','HEPATITIS B SURFACE ANTIGEN (HBsAg)','750','25'),('41787105-8d3f-4f47-8a47-7bf5b57b5a0a','AAPC','ALLERGY ANIMAL PANEL - CONFIRMATORY','1800','25'),('4197e335-d7e8-46e7-bba1-a8ce6b898ca5','ALLERGY - PAPAYA','','500','10'),('4238822b-732d-478f-9cde-4c4fa7ecd751','AGPC','ALLERGY GRASS PANEL - CONFIRMATORY','1800','25'),('426d1ece-3fa8-4ef1-9ea3-a822691e162e','IGA','IMMUNOGLOBULIN A','900','25'),('4313fedb-84e6-4056-98a9-98d4d9d72d3a','PROT','PROTEIN - TOTAL','225','25'),('4351b91a-f9a6-47d0-8833-1eab68f73ec9','AFP','ALPHA FETO PROTEIN','900','10'),('4368c010-f509-4e19-95e0-a432484993d9','TTGA','TISSUE TRANSGLUTAMINASE - IGA (TTG)','900','25'),('43b39b44-deef-4083-94e7-d7a94a9045b2','BLOOD UREA NITROGEN (BUN)','','150','10'),('43dc49ee-16b3-4fea-994f-d2fbecd25836','AFP2C','ALLERGY FOOD PANEL II - CONFIRMATORY','2400','25'),('43e88c16-7b00-404c-8e5e-22820e87fed1','SPUTUM C/S','','400','10'),('4491c61b-cf32-4da9-a47f-831a21245494','PNL06','ALLERGY TREE PANEL 2 - SCREENING','900','25'),('44c85f96-ded7-40e5-9472-0f12467dace7','KARYOTYPING FOR AMBIGUOUS GENETALIA','','3000','10'),('466aaf76-48f2-4073-813a-b8109b4517dc','PREGNANCY TEST','','200','10'),('4771e57a-1f43-450c-8a0a-8b5090a86c3a','BILT','BILIRUBIN - TOTAL','225','25'),('4785fa7c-e0f7-4356-b10d-0d8d9c57a22a','MAGNESIUM','','300','10'),('47eb1c5d-f1ae-4b2c-8827-6aa1782e13f1','ANTI TB BLOOD','','2500','10'),('48a89c98-7a6d-403e-8b06-57e578abe644','PROGESTERONE','','450','10'),('4978c512-ae2c-47a0-87ad-292e1ba619dd','FERR','FERRITIN','600','25'),('4983c9cb-048b-4604-a2bd-1332bac357bd','E2','ESTRADIOL/OESTROGEN ','900','10'),('4a259373-991a-4b1a-8c56-6e81f1034bc3','IRON','IRON ','300','25'),('4a367837-fc4d-4923-9b15-6e05dcffb4e5','ANTI STREPTOLYSIN - O','','500','10'),('4ab666a6-6752-4038-a04b-a298b04175db','VITK','VITAMIN K','1650','25'),('4aeb2aa3-5bc4-4d61-a062-fd1cd6a94701','FERRITIN','','800','10'),('4b2bd751-1532-463d-bef5-c5aaef2d0755','C153','CA 15.3','975','25'),('4bac10f9-8fbe-4b24-974a-09474b67ca99','HAVT','ANTI HEPATITIS A VIRUS (HAV) - TOTAL','825','25'),('4c034d09-714a-401b-a311-f27a63bae8dd','COOMBS TEST DIRECT','','500','10'),('4c1c3d90-7c21-406c-ae2f-163b1216a81a','CARDIOLIPIN ANTIBODY (ACL) - IgA','','550','10'),('4c1deca9-4cf6-429c-a85a-d8a9cbfa18fb','ANTI TB GOLD','','2500','10'),('4c2f1863-edfe-43a9-81f5-f62b9fa666c0','CONJUNCTIVAL C/S','','400','10'),('4e810348-acd6-4dc3-b881-d992f7e095d6','OBC FOR MP','','600','10'),('4f2fbfe0-bf13-4177-926f-106cf340f89c','FREE THYROXINE (FT4)','','200','10'),('4f5131f0-73a7-47ac-8417-eb58dfc0c0ed','AMYLASE','','300','10'),('4f7578d9-da7a-4d65-90b9-9a4834de3139','ANTI SPERM ANTIBODY (ASAB)','','500','10'),('501e182c-c3bf-4911-9fb0-0e299f053656','ANTI HEPATITIS A VIRUS (HAV) - TOTAL','','550','10'),('50770714-d8cd-4874-b398-ddc38612e586','ALR12','ALLERGY - PAPAYA','750','25'),('51c0a9ce-cd3e-4cca-9884-cd37bba6affb','KARYOTYING','','2000','10'),('51ce20de-169b-4b37-ab9c-43a8c3d73d8d','AHBE','ANTI HEPATITIS B ENVELOPE ANTIGEN (AHBe) -TOTAL','825','25'),('5228ea37-3e1d-491b-a775-38ff8ed849b7','BLOOD GROUP & RH','','100','10'),('5255031b-90ef-40f1-9e0b-2f87ab67dbbf','ANTI CCP (ACCP)','','550','10'),('53343f2e-5f5a-4a63-89ec-314afa790e9b','PNL02','ALLERGY FOOD PANEL 1 - SCREENING','900','25'),('53634609-56cd-4475-90a3-92ba91323e2d','ALLERGY GRASS PANEL - CONFIRMATORY','','1200','10'),('53d0f08f-4cab-4809-86ef-5cf4ca43dea4','CORTISOL SERUM','','900','10'),('541b6e02-b60f-4851-8a99-b70495e4bfb3','ANA TITRE (IMMUNOFLUORESCENCE)','','900','10'),('550c59ca-d02e-4901-b4ba-9348a39bdb45','CA 19.9','','650','10'),('551a47c3-1753-4b1f-bd9e-fed5aceeda97','EPSTEIN BARR VIRAL CAPSID ANTIGEN - IgG','','800','10'),('553cc25b-f3d4-4bfa-a7c9-ad5643039dc7','HPYA','HELICOBACTER PYLORI - IgA ','1200','25'),('555b4a52-7a7e-4752-85e6-4341fa0762eb','E22','ELEMENTS 22 (TOXIC AND NUTRIENTS)','2700','25'),('555e2cf4-b6b2-47ca-8d5c-0d4c0fbc0c84','SODIUM','','150','10'),('55e3448f-7e67-43be-b67c-a6030bf03f69','HIV - WESTERN BLOT','','1600','10'),('55f4d2c9-d7e1-46e5-8aeb-40eb0fe81ad1','AMH','ANTI MULLERIAN HORMONE','2000','10'),('56518a51-9c0e-4632-89a8-35d24a927015','MICROFILARIA','','200','10'),('5683af04-2e67-43ab-abd4-c1c345857800','ALR19','ALLERGY - SWEET VERNAL GRASS','750','25'),('5724c7b9-b58c-4fee-957d-2c806176620b','ADA','ADENOSINE DEAMINASE','975','25'),('574c82a1-c3bf-47dd-a10a-98c1dc89844f','MP SEMAR','','200','10'),('57e7217c-8da9-4a7e-b762-43fff10f75fb','RB_G','RUBELLA - IgG','450','25'),('587c1d0f-0f13-4163-9a29-429253b330e9','H4T','','1500','25'),('58c4ae44-b9b0-423d-872b-8e43dd0d795b','TESTOSTERONE','','850','10'),('58c70ea3-18f8-42b6-825c-42d5b1e5d178','BEAP','BLOOD ELEMENT ANALYSIS PROFILE ','1050','25'),('597fa135-e5a7-4189-99dd-05d03adcfac9','CREATINNE','','100','10'),('59998d57-4e6f-42ac-bbf9-c8294a5d76ad','KARYOTYPING COUPLES - WIFE','','1750','10'),('59c6a790-8b89-422b-8e19-66032aa03dbb','BODY FLUIDS','','400','10'),('59e2d22e-f1c8-4f2b-b5d1-0bcd86e7af5e','ANTI HEPATITIS C VIRUS (Anti HCV) - TOTAL','','500','10'),('5a64c8d6-84b0-4036-95e8-9692187c6ecd','TSH','THYROID STIMULATING HORMONE','300','25'),('5aa1022a-fb31-4b79-9158-8dcf29a8160f','DHEA - SULPHATE (DHEAS)','','500','10'),('5aa1a4d7-3cc7-4329-a817-6d3a104d3fe1','PPBS','','50','10'),('5b44958f-bd1b-4d19-b71b-8d6fdc4cc959','IgE','','500','10'),('5b610240-885d-4b47-a673-f495d1341b2a','CYTOMEGALO VIRUS (CMV) - IgM','','300','10'),('5b99dc1a-fd23-4b8f-89bd-c94f3be07645','SERUM GLOBULIN','','200','10'),('5c36d8ec-850b-43ec-8ad4-94d9a5b32d79','SOD','SODIUM','225','25'),('5c75f414-cdea-4f64-a5df-495b845b7f77','CG004','KARYOTYPING FOR AMBIGUOUS GENETALIA','4500','25'),('5d334776-ba30-49b4-b56e-626f30e98d5b','ALR11','ALLERGY - RED KIDNEY BEAN','750','25'),('5d3aa189-6b2c-4b05-b0cb-cbac12fca76c','PREGNANCY ASSOCIATED PLASMA PROTEIN A','','800','10'),('5e35882d-2f27-4f38-b059-f3dc0c03c728','HIGH SENSIVITY CRP','','500','10'),('5ee0e24d-52f2-4b5a-ae9d-ab1aa9651e76','APOLIPOPROTEIN - A1 (APO-A1)','','400','10'),('5f9b31f7-85f4-43b6-bb91-9648789774b0','SEX HORMONE BINDING GLOBULIN (SHBG)','','600','10'),('60883c08-09b8-483a-ba51-22b754b2fd17','T4','TOTAL THYROXINE','300','25'),('60a3708c-c609-4727-8da7-b38f49c49ae7','PNL04','ALLERGY MOLD PANEL - SCREENING','900','25'),('6223ec63-1237-4bdb-9718-69c2b527dc6b','GRAM STAIN','','200','10'),('6241e4fd-d53a-4bc3-bfc4-3f01d580de6d','PRL','PROLACTIN','450','25'),('6289fd30-bc9a-49dd-8d96-0c069d6ee6c3','GGT','GAMMA GLUTAMYL TRANSFERASE','300','25'),('63615fdc-d747-435f-9f86-82890f461f1b','ADIF','','3450','25'),('64ec262c-3f79-40d1-abca-bc5a712ecc0c','HB','','50','10'),('64fc48c6-c0db-4653-ad60-7a7515f7d87a','FTES','FREE TESTOSTERONE','975','25'),('6552c200-6945-4d5f-a7b3-7fa5cd8c8fb0','CD4','CD3/CD4/CD8','1200','25'),('667689c7-adf1-4cd3-af0d-c8409a36009b','ASAB','ANTI SPERM ANTIBODY ','750','25'),('667ff0a0-b607-4ea8-9820-3f84f675df26','VITAMIN A','','1100','10'),('66ebf1ad-d518-4cc8-ad9b-c832bd93fb6a','ASLO','','300','10'),('67933adf-67a0-4f4c-a765-cb784d462d24','INSULIN','','350','10'),('6812db93-5274-4c48-a6f5-62b5e96fdfc2','HAV','','650','10'),('682fcec0-a043-4f5a-8c51-ed62efedc757','NHEL','NEONATAL HEMOGLOBIN ELECTROPHORESIS','900','25'),('68bcb439-00be-46b5-9af3-94ecc9770beb','LEPTOSPIRAB-IgG -IgM','','2000','10'),('68bf0aac-df5e-4326-8ad9-2668bf1d74da','DHEA','DHEA - SULPHATE (DHEAS) ','750','25'),('6926e55a-c346-4b2f-8576-ba9ae7c11e9b','HBCT','ANTI HEPATITIS B CORE ANTIGEN (AHBc) - TOTAL','825','25'),('6937c226-a8c8-40e1-987c-cbd73911473f','ALLERGY - SHRIMP','','500','10'),('696598bb-b76b-4cc3-aba0-308119d0910d','TG','THYROGLOBULIN','900','25'),('69c6cea8-a748-4e5c-b0e5-fa276faad5d1','URINE MICRO ALBUMIN','','350','10'),('69ef169b-cb04-4c3f-9339-1145f722cb06','ANTI HEPATITIS A VIRUS (ANTI HAV) - IGM','','600','10'),('6a0878b1-c87a-4e32-a5fe-632e8648d3f0','ALLERGY - ORCHARD GRASS','','500','10'),('6b2eaf1e-5d23-4817-83a9-4c7e8137125d','PSA','PROSTATE SPECIFIC ANTIGEN','800','10'),('6e0100fb-e3f3-4cf8-92f1-25bd94acf6bd','CHOL','TOTAL CHOLESTEROL','225','25'),('6f1dabc2-b1b6-4f58-834d-bbc1c76d4e63','ATP2C','ALLERGY TREE PANEL II - CONFIRMATORY','1800','25'),('6f650686-5cc4-4e80-9e4a-a0599d5db8ea','APLG','ANTI HEPATITIS C VIRUS (Anti HCV) - TOTAL ','900','25'),('6fa0354f-a18b-4502-8863-c92015783be6','HBCM','ANTI HEPATITIS B CORE ANTIGEN (AHBC) - IGM','825','25'),('6fe15749-5827-44df-bd0c-7edd7ddd4c8c','HC_G','HERPES SIMPLEX VIRUS (HSV)-IgG','450','25'),('70052404-60fe-4d9f-b5f6-26275c8b9eba','ALBUMIN - SERUM','','150','10'),('7040bbcd-789d-4788-a47d-5974b6d6a5e4','ADULT HEMOGLOBIN ELECTROPHORESIS','','600','10'),('70bb2880-a1a8-4520-88da-14c86e7d42de','CA 125','','1000','10'),('71edfc0e-49d7-4374-85c3-c7cfc5faea8e','ALLERGY - SPINACH','','500','10'),('72b4244d-ba07-4f76-a17f-efeb31371c0e','ALKP','ALKALINE PHOSPHATASE','225','25'),('72bec14f-b3f6-4760-aac2-76438a778560','FERRITIN','','400','10'),('73b45522-a0be-4e6e-aeda-f0eaf645bc9b','ALR18','ALLERGY - ORCHARD GRASS','750','25'),('74a2ed22-96ec-4648-a6f6-bcea7ccae09d','HS1M','HERPES SIMPLEX VIRUS I (HSV)-IgM ','450','25'),('7542c106-6b46-4b82-93c2-e25c9cf47203','TOXO GONDII - IgG','','300','10'),('7585d331-66cc-4d54-a5ae-0731bbfb2625','C 3 COMPLEMENT','','700','10'),('75c335b0-c848-43a9-93ed-6e997215d5d9','CNATP','','3000','25'),('7625faa8-a164-4fb9-ac58-9df550902d90','TPO','','900','10'),('76368222-0cea-42b1-bfec-630e67bfef0d','LDH','LACTATE DEHYDROGENASE','400','10'),('7694d527-09c0-4091-9565-6f1c053b9ea8','ALLERGY - SWEET VERNAL GRASS','','500','10'),('76b5b565-7743-430d-8459-735f2eeed480','BUN','BLOOD UREA NITROGEN','225','25'),('79233a5d-8f6c-4864-af77-7aa5a09db673','LEPTOSPIRA-IG M','','600','10'),('7955c0b1-ed1d-429c-8f86-5a5ae50db2d8','CALCIUM','','200','10'),('797aeed5-4385-4bd5-9b9a-2cfac2e0afa5','TUMOUR F','','3300','25'),('7986e5e5-bff4-46da-bcab-1802450bb58b','HEVM','ANTI HEPATITIS E VIRUS (Anti HEV) - IgM','975','25'),('79cdd315-568f-44ab-aacc-a317ccc15a8d','PNL05','ALLERGY TREE PANEL 1 - SCREENING','900','25'),('79f5e16e-7388-4b7d-9d67-c85751b71e72','BLOOD ELEMENT ANALYSIS PROFILE','','700','10'),('7a9e53ed-a378-4804-872b-d2f4b8cceb8b','ALLERGY - COCONUT','','500','10'),('7ad100f2-af7f-45e9-a2f7-8bd1446dd422','THYROGLOBULIN','','1100','10'),('7af83738-e75f-44a2-9ea3-fef4b34604b8','DG_M','DENGUE-IGM','750','25'),('7b27fce8-a426-4811-8cb2-ffc05570bec8',' URINE ROUTINE','','100','10'),('7c7ce500-94b6-4c7a-b256-d8be46c19f77','SEMEN ANALYSIS','','300','10'),('7c9e9118-cc71-4d5f-95b6-96867719abd0','ATP1C','ALLERGY TREE PANEL I - CONFIRMATORY','1800','25'),('80dc6ea8-e0c7-45c3-a050-56fe718bf9cf','HIV ELISA','','500','10'),('80df4f6e-0d16-41b5-b05f-17d17e4fd663','24 HRS URINE PROTEIN','','350','10'),('814487e5-a6b1-4b4b-a271-852c2d1f37a0','TFT','','450','25'),('81496669-08ae-497e-bf24-570817873ab4','E3','UNCONJUGATED ESTRIOL ','900','25'),('822477d7-0873-4b2f-a490-4f0e0f7d3773','ANTI PHOSPHOLIPID ANTIBODY (APL) - IgM','','600','10'),('82529976-baf7-49af-b49b-2459c976034a','PAPPA','PREGNANCY ASSOCIATED PLASMA PROTEIN A','1200','25'),('83527089-ce35-4a8c-ab62-e460310ab6c1','BILIRUBIN TOTAL & DIRECT','','200','10'),('839e6a8d-f9c0-4ecf-a588-df744754e30d','CG002','KARYOTYPING COUPLES - HUSBAND','2625','25'),('83af5698-ecff-4dbc-a441-78fd9ba08474','PREGNANCY','','4500','25'),('844bb77e-879e-43e9-8e3f-9ee943ca0781','ANTI CHLAMYDIA ANTIBODY IGM','','600','10'),('8456f287-9883-4264-8420-a7acb90f1ccb','ALR16','ALLERGY - COCKROACH','750','25'),('84c16241-b789-4c9a-849c-e3f6d4acc0c7','AC_M','CARDIOLIPIN ANTIBODY (ACL) - IgM','675','25'),('84e9fa8a-f7cd-4cd7-8b2f-89940ba256bf','BHCG','Beta HCG','600','25'),('85d97591-4d44-40b6-b241-3a64358af747','ANTI PHOSPHOLIPID ANTIBODY (APL) - IgG','','600','10'),('86496b65-9fe4-45f7-83a1-820d01d00547','ANTI HEPATITIS B CORE ANTIGEN (AHBC) - IGM','','550','10'),('869b6ddc-b9c0-46fc-9d01-6629b5e13119','ALLERGY GRASS PANEL - SCREENING','','600','10'),('86ff87d2-583c-4e3f-b21c-8c15f54ec999','PTH','INTACT PARATHYROID HORMONE ','1500','10'),('871395c7-8c7b-4963-bc1f-688964967ea3','TORCH  PROFILE IGG','','2000','10'),('87310b4f-c0b4-4725-9b0b-587abdfff63e','APOB','APOLIPOPROTEIN - B (APO-B) ','600','25'),('87c988c3-2a82-480e-9f13-00522ac35e7b','STOOL ROUTINE','','200','10'),('88766d71-4c61-4e7e-adbc-4c396aaea427','HPYG','HELICOBACTER PYLORI - IgG','1200','25'),('88cb162e-b3e4-46de-b93a-c165be5b44bc','ALANINE TRANSAMINASE (SGPT)','','150','10'),('88e01f38-9afa-4375-8794-331cab4582bc','MEASELS','','1350','10'),('890e9f5e-9094-415d-b0e0-cbe7714c68c1','HERPES SIMPLEX VIRUS II (HSV)-IgM','','300','10'),('892dfb2e-ba29-41c9-b6e9-66638f45554c','TIGE','TOTAL IgE','600','25'),('89bdb2c0-f884-43a8-84ce-288e0095f215','RBS','','50','10'),('8a18b36f-c212-4b37-b53e-68f089686fc1','TORCH  PROFILE IGM','','2000','10'),('8a5ff92b-0360-4a27-a187-505a7669cad3','LIPASE','','300','10'),('8afdd881-0f4a-4133-b572-4f4abcd446c3','FBHCG','FREE BETA HCG','1200','25'),('8b419aa7-bba9-43bc-993f-3b23d87aa954','ALLERGY TREE PANEL II - CONFIRMATORY','','1200','10'),('8b4d1831-de35-495a-98d3-95f47ee0cf9d','CHLORIDE','','150','10'),('8b897926-469c-4f0b-b567-ef25aacff255','SGOT','ASPARTATE AMINOTRANSFERASE','100','10'),('8bc1be6b-3437-4645-b86c-d012c2902166','CHLORIDE','','100','10'),('8be2c8cd-dcaa-4271-b745-5a63273c19d1','EBVCM','EPSTEIN BARR VIRAL CAPSID ANTIGEN - IgM','1200','25'),('8bfaf2c6-bfab-47b1-9af5-6247955d70fe','VITDC','25-OH VITAMIN D (TOTAL)','750','25'),('8c064026-c8b0-4af5-933b-7f3f819a92e0','VITAMIN D3 LEVEL','','1500','10'),('8c640c89-1569-4363-ae9c-d61e83fdb566','ELEMENTS 22 (TOXIC AND NUTRIENTS)','','1800','10'),('8c6f53a8-5180-4cd8-a202-6b6a86e8cada','APOLIPOPROTEIN - B (APO-B)','','400','10'),('8d671b89-2f3f-470c-9a12-f498f891a82f','ALLERGY FOOD PANEL I - CONFIRMATORY','','1800','10'),('8e3d26be-e9ed-4e3d-accd-87492a4efdcd','ALR01','ALLERGY - DERMATOPHAGOIDES FARINAE','750','25'),('8ea22aa8-c8cb-4a0e-a516-2a0d4608f8f2','ANDLC','ANDROSTENEDIONE','750','25'),('8eb151d7-42d9-477a-a977-5c4775b6ca32','HGH','HUMAN GROWTH HORMONE','675','25'),('8f7581b6-0737-41b8-8241-77d88a64c151','SALB','ALBUMIN - SERUM','225','25'),('90dc0547-56b3-4370-b817-f40624aa3c53','APOA','APOLIPOPROTEIN - A1 (APO-A1) ','600','25'),('916dbda9-027e-43b4-af7e-c3df59d07a76','ALLERGY MOLD PANEL - SCREENING','','600','10'),('92cdac1d-2516-4d1a-8d6c-39af0b46a4c1','ALLERGY - CABBAGE','','500','10'),('92d30e93-3de7-472c-9020-78c712b1d9ad','CARBONATES','','350','10'),('92fed148-8505-45cc-896c-f39e22d39469','CEA','CARCINO EMBRYONIC ANTIGEN','750','25'),('933d03e4-bddb-448e-8b1d-b39e9e2c20c3','ALLERGY FOOD PANEL 1 - SCREENING','','600','10'),('94e01b3b-ea21-49e6-95c1-6c9cb54303e8','TPHA','TREPONEMA PALLIDUM HAEMAGGLUTINATION','375','25'),('95370b28-94e6-4866-8143-b523d2ed1cec','ADENOSINE DEAMINASE','','650','10'),('965469f4-6249-4683-b6ce-c36714518ff9','PRL','PROLACTIN','400','10'),('96d5bd80-4ada-4e22-b2b5-1c38b343a529','CALCIUM','','150','10'),('9774191c-d671-4407-85d6-3a59b31d19a8','FPSA','FREE PSA','900','25'),('97a9b98e-b766-4597-b3c8-90a484f382bb','INTACT PARATHYROID HORMONE (PTH)','','650','10'),('97d3e294-8775-4ebc-9ccf-c71fc0f570de','ALLERGY TREE PANEL 2 - SCREENING','','600','10'),('9817d93b-a1de-4145-bf6b-22ad740d6973','ALLERGY - MANGO','','500','10'),('988a04b5-8a82-4b14-a5ef-268e3e34581e','ANTI MICROSOMAL ANTIBODY (AMA)','','450','10'),('98f6a356-c53f-47a4-b8ea-74e23d3263bb','INFERTILITY','','4500','25'),('99369a5e-c6b3-417d-b7ba-dbc7bc2d1dcb','ALR10','ALLERGY - EGG PLANT','750','25'),('99782c16-07f4-448a-963d-a04429209aa5','TRIPLE MAKER','','2500','10'),('9a034556-86ca-453c-8212-71ae7df8b103','ALR06','ALLERGY - LENTIL','750','25'),('9a58a494-2c64-4bb2-a66b-18953b2d452c','LPA','LIPOPROTEIN ','600','25'),('9b679d3b-188f-4526-aa92-64737c883516','LACTATE DEHYDROGENASE','','250','10'),('9bd88e9e-0291-4d27-9cae-4ee4419e6116','VITAMIN B12','','1100','10'),('9e148245-b02f-401c-b073-da802a9cb864','BLEEDING TIME','','50','10'),('9f77094b-dfc5-40fa-b9c6-b0ccf2378d53','ANTI NUCLEAR ANTIBODIES (ANA)','','400','10'),('9f9e0649-f54e-4ac9-8639-22912822a9e7','HB-TC-DC-ESR','','200','10'),('a0605bd4-5793-4993-8981-2fce9ccb6256','URIC ACID','','150','10'),('a1487633-6f06-4163-8807-ba85c2acf808','CHL','CHLORIDE','225','25'),('a21743cd-4ad7-48ab-9985-a80e0571eae1','BILIRUBIN -DIRECT','','150','10'),('a247ea4a-203f-4fd8-92a0-b3ecae2135bc','INSU','INSULIN','525','25'),('a274b016-03d2-4eac-a33b-7126cceb5d8d','TPHA','TREPONEMA PALLIDUM HAEMAGGLUTINATION','500','10'),('a33e18e3-9ad0-47c3-8cad-a5fa54273d9a','ANA SCREENING (IMMUNOFLUORESCENCE)','','800','10'),('a39fee02-f7e8-428b-a916-b11159146220','HIVE','HIV ELISA','750','25'),('a42aa0e2-46f9-4d93-8c16-56236a874bf8','TOTAL IgE','','400','10'),('a4985a7c-eb0d-4d3f-8152-2b9c496265b1','BENCE JANCE PROTEIN','','150','10'),('a4a7ec02-ead4-44ce-9011-9e6731f216be','COMPLETE HAEMOGRAM','COMPLET HAEMOGRAM','400','10'),('a4fa673c-179e-40b8-9389-34e3a20c9be9','RFAC','RHEUMATOID FACTOR (RF)','600','25'),('a56242e9-21ae-4c29-9b74-12b446d31f3e','SGOT','ASPARTATE AMINOTRANSFERASE','225','25'),('a56c5aa7-ee8c-4ae8-9522-c3ffb24545da','TOXO GONDII - IgM','','300','10'),('a6169374-1e03-483d-908f-e7a03116a21b','NEOT','NEOT','525','25'),('a616cbb7-c1d1-4a79-a755-34c0e2faa5f4','TORCH10','','2250','25'),('a688ba04-16ba-48a9-94cd-2e0f0bf17c1e','HDL CHOLESTEROL - DIRECT','','150','10'),('a743c9be-1bed-4730-933f-f0a5b302d11c','C-PEPTIDE','','1350','10'),('a76e52a2-c22d-437e-be44-29203c102e59','VALP','VALPROIC ACID','825','25'),('a7977bd8-336f-4791-95fd-9b08040e4589','ALLERGY - DERMATOPHAGOIDES PTERNYSSINUS','','500','10'),('a7a31682-5dc4-4996-8ec9-1d5c8900d817','ALR05','ALLERGY - PAPRIKA','750','25'),('a7db6f3a-f900-4ba2-9b93-b0f0fa02ff61','HEMOGRAM - 6 PART (DIFF)','','300','10'),('a82d2223-33ca-4c83-a658-de12a29577e7','C125','CA-125','900','25'),('a852390c-eef7-491b-8afb-df42611cd5e9','RB_M','RUBELLA - IgM','450','25'),('a865a1ea-bf8d-40f3-bcdd-60058262e6b9','HOMOCYSTEN','','700','10'),('a8b22542-28a1-454f-b856-74dcc23a69a0','HCHO','HDL CHOLESTEROL - DIRECT','225','25'),('a8cf7924-3c6f-4608-a128-36fd141f96b5','CREATININE - SERUM','','150','10'),('ac5f66eb-ce83-4bd9-904b-14d8e7ee0fd9','TX_G','TOXO GONDII - IgG','450','25'),('ad2c8b0b-c5ca-456f-b604-21a81df83602','ALLERGY MOLD PANEL - CONFIRMATORY','','1200','10'),('ad378b26-270e-4695-bdff-6b05f65bc080','AMPC','ALLERGY MOLD PANEL - CONFIRMATORY','1800','25'),('adcbea57-c5d6-4806-b884-46fc301f2851','AFP3C','ALLERGY FOOD PANEL III - CONFIRMATORY','2250','25'),('add39b16-0f2b-4250-8d1c-a6328b46d2d9','DENGUE-IGM','','500','10'),('ade4d3d5-e3c8-475a-ab09-93bc0947fc50','CA 15.3','','650','10'),('ae73d4f9-1529-41c3-b911-c39870f62710','FT3','FREE TRIIODOTHYRONINE','400','10'),('aeb22f2a-a91c-43d9-9c05-3123562b8f64','ALLERGY TREE PANEL 1 - SCREENING','','600','10'),('af0cb1e4-d3a9-486c-93a0-189a1dad71f8','HEPATITIS B ENVELOPE ANTIGEN (HBeAg)','','500','10'),('af1bb900-d36e-493e-9451-20d1d273009e','TEST','TESTOSTERONE','450','25'),('af914d40-19ea-4e09-8bcf-e097df7c03bd','THYROGLOBULIN (TG)','','600','10'),('b0be6cb3-ed55-471a-9bf0-90e26264becc','HBSAG','','200','10'),('b1606c38-2544-495f-82f4-9d1538253901','A.E.C','','200','10'),('b2a68e0c-0d59-4fbb-907e-7a06a9d4e766','PHOS','PHOSPHOROUS','225','25'),('b3dc6d80-7792-44df-9ec4-638bd721240c','HLA-B27','','800','10'),('b405cfd9-d52c-4bc3-ac1c-65217f4dc0e1','ANA','ANTI NUCLEAR ANTIBODIES','600','25'),('b40a1c0c-0175-438d-9efa-5636274b1234','ALLERGY - COCKROACH','','500','10'),('b46f804b-4bc1-4e1f-a7a9-b5ffe581a780','BTHAL','BETA-THALASSEMIA SCREENING','600','25'),('b49e61a6-42c2-4182-8a82-bfe402eb859c','IRON','','200','10'),('b4d15548-25fe-4dee-9639-e72b6f27f7e7','CG001','KARYOTYING','3000','25'),('b4e13362-7b7d-41ad-b0ff-6c43c2cd32ab','ANDROSTENEDIONE','','500','10'),('b5a7605b-456a-4022-a897-be077ebf5673','RUBELLA - IgM','','300','10'),('b5bd55f6-6d77-477f-8d67-8bc47864713f','MAGNESIUM','','200','10'),('b6ab202f-5e99-47fc-823a-294c20228d92','ALLERGY - PAPRIKA','','500','10'),('b7c8fd5b-4059-46e8-86b8-f94acb343260','ALKALINE PHOSPHATASE','','100','10'),('b8158104-a9a9-49f8-b131-1c392ef59957','URIC ACID','','200','10'),('b8d5aa98-290b-4f76-ac1c-98a01ded0b4b','PSA','PROSTATE SPECIFIC ANTIGEN','450','25'),('b8f69606-8006-4630-887b-2fb8da447c88','CORTISOL','','500','10'),('b9014f06-0654-492f-9d0e-abbc76c26ee4','RUBELLA - IgG','','300','10'),('b961be4c-23f7-4c43-a14e-b2ef5fec6f3c','NTSH','NEONATAL THYROID STIMULATING HORMONE # (TSH)','375','25'),('b962af36-52f9-4aa8-95e8-df78c66d7dec','GAMMA GLUTAMYL TRANSFERASE (GGT)','','200','10'),('ba336770-d69b-4f4e-8d21-cec67de0b304','FREE TESTOSTERONE','','650','10'),('ba844654-3bd3-41ad-966d-6cd23827b41a','HS2G','HERPES SIMPLEX VIRUS II (HSV)-IgG','450','25'),('ba925a7f-c05b-49e4-84c4-922d4d12eb0b','ALLERGY FOOD PANEL 3 - SCREENING','','600','10'),('badce613-2a99-4abb-97f7-37d55c478caf','VITE','VITAMIN E','1650','25'),('bb2d268a-c7ac-4ee2-89c3-c7aaaeb7cc3b',' PHOSPHOROUS','','300','10'),('bb83d541-318a-44e0-9bc3-6b97641a6170','LIVER FUNCTION TEST','','600','10'),('bcb9d5c4-f60c-441a-bd10-051108a2c96c','WEST','HIV - WESTERN BLOT','2400','25'),('bef01da4-d35a-4767-9215-80309e029974','17OH','17 OH PROGESTERONE','900','25'),('bfd27e5d-0b2f-4e2b-b511-a7efefec09da','ALLERGY - RED KIDNEY BEAN','','500','10'),('bff2b33d-2da8-4d32-9c0b-3ff1c66bb8a7','SODIUM','','150','10'),('c029e42b-e712-4471-afa4-7a63f31af7ba','ALLERGY - DERMATOPHAGOIDES FARINAE','','500','10'),('c0606124-5450-4aae-bf38-8a51c6804942','IRONPRO','','450','25'),('c0954f45-5b67-452a-be3b-eda82a419013','FBS','','50','10'),('c0a34a2c-f416-455b-b16e-dd9798a7ec6e','CARCINO EMBRYONIC ANTIGEN (CEA)','','500','10'),('c0b6184b-d597-47ae-a994-3d3612a45009','STD','','4200','25'),('c0b6eaf7-d099-429d-97a8-431322ec4403','ALLERGY ANIMAL PANEL - SCREENING','','600','10'),('c0bc9ea5-add7-4cc8-8cf9-8a6129fe6732','SGPT','ALANINE TRANSAMINASE','225','25'),('c0cebd88-1c0e-49f8-af71-a400c4e318fe','TESTOSTERONE','','300','10'),('c16cfec6-6f77-454d-afcd-ba5d0f2ae77f','URINE COPPER','','350','10'),('c1a2f15f-09ed-44fb-9a11-6602007b9b76','CARDIOLIPIN ANTIBODY (ACL) - IgM','','450','10'),('c1a4c5d5-8d9b-4f29-848c-5e21bbbdcada','AMYL','AMYLASE','450','25'),('c1a4e14b-1c5d-45d9-aee8-3b415560eda3','COMP CARD','','4200','25'),('c1cc9ece-ae78-4cd8-b631-86a7cfcf29f4','H5T','','1950','25'),('c23c4cd3-81a3-4096-902e-2ca3b97a772b','EBVNG','EPSTEIN BARR VIRAL NUCLEAR ANTIGEN - IgG','1200','25'),('c33115f9-1824-4afe-b823-7586a3bbf8a0','VITAMIN B-12','','350','10'),('c476284f-de3b-45eb-8919-a4cc556059ad','WIDAL TUBE METHOD','','300','10'),('c49ede25-5167-4905-b6dc-3e62c2b1682e','Beta HCG','','400','10'),('c4bbc864-cd82-476f-9ae2-1744cfda67ab','ALR03','ALLERGY - SPINACH','750','25'),('c57f47d9-2170-4861-a226-debbabd9831f','CARD MARK','','1800','25'),('c59e1b37-4afb-4ad2-8670-d2214602ee49','NEOT','','350','10'),('c5f6fbc1-1b09-4a62-adc8-b20c3e2a3fda','PT PTT','','700','10'),('c6836f0e-0e94-4397-b313-379fc6dccc90','P/S','','200','10'),('c6aedc90-673c-4b6d-9673-81a953798ceb','CARB','CARBAMAZEPINE / TEGRETOL','900','25'),('c6d32021-93f0-4c63-9f69-2ea65511a171','G6PD','GLUCOSE-6-PHOSPHATE DEHYDROGENASE','900','25'),('c8074def-52d4-4aff-98b2-faa335b57ed8','IGG','IMMUNOGLOBULIN G ','750','25'),('c80d8698-55b8-479b-bc7c-2cbf205f4d7b','HELICOBACTER PYLORI - IgG','','800','10'),('c8c5602d-c80d-48c1-8c39-be62b286ef63','TIBC','TOTAL IRON BINDING CAPACITY','300','25'),('c8f616ec-6962-4f6b-8a09-cca115319512','UROBILINOGEN','','150','10'),('c9052656-83dd-4509-b3a0-4d5dc99e94a5','LEPTOSPIRA IGM','','1150','10'),('c9952d19-17e6-426b-8d2b-56cc6141407a','HAVM','ANTI HEPATITIS A VIRUS (ANTI HAV) - IGM','900','25'),('c9ab61fe-ba59-4381-8081-1a6aa6553bb2','CHL_M','ANTI CHLAMYDIA ANTIBODY IGM','900','25'),('ca838c4a-ee4c-404a-84da-fb7e867cd73b','CPK','','350','10'),('ca88ad52-003e-40d4-a0e3-fc54a147a1d9','SERUM ACE','','850','10'),('cb235608-5950-4465-97d5-99bd8086c125','ALLERGY - TOMATO','','500','10'),('cbbed478-64c9-479f-9bca-fffe1c96efe1','BRUCELLA AB IGM','','1050','10'),('cc4cf329-69a1-46a8-8e9c-0ca573e58225','PHENYTOIN / DILANTIN / EPTOIN','','550','10'),('cd3f6917-fc81-47cf-b640-1f95dc31dfce','B-HCG','','500','10'),('cd9a1a4a-6cea-4e3e-a5c4-f5000bad5720','TYPHIDOT IGM','','600','10'),('cdb10567-788a-42dd-ade2-873f53362de0','EAG','HEPATITIS B ENVELOPE ANTIGEN (HBeAg)','750','25'),('cdedf20c-175e-4b49-adc2-ed9b9b1a77f1','CHICKENGUNYA','CHICKEN GUNYA','900','10'),('ce0c77a6-9575-43c9-b4ec-00c7189130ae','HERPES SIMPLEX VIRUS (HSV)-IgM','','300','10'),('ced6f4b4-5a5a-4bea-b287-a90878faae14','DC','','50','10'),('ceda4056-c05a-4fa6-9808-ce2a7109ca66','PNL01','ALLERGY ANIMAL PANEL - SCREENING','900','25'),('d041caba-f476-42d0-9eff-3d806e0aff64','AC_G','CARDIOLIPIN ANTIBODY (ACL) -IgG','675','25'),('d05720d0-655d-4991-b71d-4bc094b3594f','QUADRUPLE','','3500','10'),('d08283ee-7021-413d-9da9-c87c047dd2bd','PHOSPHOROUS','','150','10'),('d0b76739-51c8-40fe-93fe-7c5a4d9b0c31','LIPID CHOLESTEROL','','500','10'),('d159127a-3b9d-4646-9f65-9cca5e061e5a','PCR TB','','1800','10'),('d207f0de-635e-4284-8a80-3c16064cdf6c','Ig F1','','1900','10'),('d230f79c-10e1-4012-8c17-bff881d7ea2a','EAR SWAB C/S','','400','10'),('d2dccd91-11df-472a-be63-da30a597e85b','ALR02','ALLERGY - TOMATO','750','25'),('d30066d1-e8e4-4cf3-b808-314db76c0a84','HANGING DROP','','200','10'),('d3d8336c-c279-4fb7-a326-0dd1bf924ca7','LE CELLS','','300','10'),('d48038fa-f2b3-48f4-b550-faa856bbf7b9','URINE C/S','','300','10'),('d5c41955-b9fb-4fae-ac82-0e153be80376','VITAMIN K','','1100','10'),('d5e100d6-d8fb-4fb1-8703-d9273055a996','HERPES SIMPLEX VIRUS I (HSV)-IgM','','300','10'),('d68f9e09-8279-4bdf-8ce1-5616327e8db8','HERPES SIMPLEX VIRUS I (HSV)-IgG','','300','10'),('d6a710f0-df2f-492c-bfd6-ca10330d9e62','TOTAL IRON BINDING CAPACITY (TIBC)','','200','10'),('d6c13bd0-83d3-403e-808b-09eb1c41c0d8','PNL03','ALLERGY GRASS PANEL - SCREENING','900','25'),('d7d04f56-fdc6-468b-a4f8-f0a59695f2e5','ALBUMN','','100','10'),('d865ea6f-e737-4b70-b43b-50259a08431c','HOMO','HOMOCYSTEINE ','900','25'),('d9b3b744-fca6-4a34-ac7f-69d0834a3979','LEPTOSPIRA IGG','','1150','10'),('da7e6d3f-4d75-4b3c-b91c-8504fdc49a9d','CPK- MB','','350','10'),('dc458bc6-a124-4435-9887-af4419c43f61','VITAMIN E','','1100','10'),('dcf8f966-1370-4c1d-8677-46be6ac16780','FREE BETA HCG','','800','10'),('ddd052cd-6e6a-4c7e-8dcc-b1f00012f539','TOTAL TRIIODOTHYRONINE (T3)','','200','10'),('de632029-86eb-4928-8946-79e4fa69661c','PNL08','ALLERGY FOOD PANEL 3 - SCREENING','900','25'),('deca0caa-e494-4d57-bb92-d6734b76dd61','ANTI HEPATITIS E VIRUS (Anti HEV) - IgM','','650','10'),('dfad163b-a16e-413c-8ac2-b92af9af5104','CM_G','CYTOMEGALO VIRUS (CMV) - IgG','450','25'),('dff7e205-88b2-4e7c-8ba7-4babf69325a3','AFP','ALPHA FETO PROTEIN','750','25'),('e02fd793-3840-47e0-922f-22ad00e754d8','PNL07','ALLERGY FOOD PANEL 2 - SCREENING','900','25'),('e098216d-87d5-4d2d-a53b-a3508fa2dbac','COMPLEMENT 4 (C4)','','550','10'),('e0a4aad2-caca-4f61-9378-4252d061444f','AHEL','ADULT HEMOGLOBIN ELECTROPHORESIS','900','25'),('e1172c72-5bca-46ac-a65c-14e37d368292','ALPHA FETO PROTEIN (AFP)','','500','10'),('e145639f-49c4-49c5-ae3d-d4c96ed41e37','PROTEIN ELECTROPHORESIS','','500','10'),('e1e79bc5-226b-4eb5-80d5-62ea18e420f6','DENGUE-IGG','','500','10'),('e1f724e3-1c21-484a-be40-567c0f56d77c','ALLERGY - EGG PLANT','','500','10'),('e202b648-a216-4e56-b07b-9d86ea0d2b35','HLA B27 LEVEL','','1000','10'),('e206ce92-0185-4548-8200-0754bdbd113f','HERPES SIMPLEX VIRUS II (HSV)-IgG','','300','10'),('e3a443dc-7f60-44d8-ad48-dc70b1e5ce47','FREE PSA','','600','10'),('e4cf531d-ceb4-4658-af51-4dc2fba58534','HBST','ANTI HEPATITIS B SURFACE ANTIGEN (AHBS) - TOTAL','825','25'),('e4f16cf0-2e50-40c1-9499-45596c9806b3','H3T','','1350','25'),('e4fba110-ed30-460c-bae1-631ac833e765','ANTI CCP','','2000','10'),('e4fba79a-bdf4-4b28-afb3-3f4a9c47692b','CG003','KARYOTYPING COUPLES - WIFE','2625','25'),('e5344dce-19b4-405d-a81a-4088179e0e75','ESR(erythrocyte sedimentation rate)','','50','10'),('e57fb68b-a6f3-408a-9b93-2d4d06bf28c6','PAP SMEAR','','500','10'),('e607edda-751a-4059-a66a-5230b253e03f','ALLERGY - LENTIL','','500','10'),('e614151d-1086-4dfc-8c05-b76909a4d95d','25-OH VITAMIN D (TOTAL)','','500','10'),('e673a357-ae10-4682-823a-3dacb51d4d6c','ACCP','ANTI CCP ','825','25'),('e70941ec-711e-49b7-b0f6-f59b4c0600c5','TRIGLYCERIDES','','150','10'),('e72dae8f-1c98-44b9-bca3-d7fe6f2a2fc0','PROSTATE SPECIFIC ANTIGEN (PSA)','','300','10'),('e79df476-8f28-4088-972a-7100cd360a74','AFP1C','ALLERGY FOOD PANEL I - CONFIRMATORY','2700','25'),('e7b1a4d9-3e93-4e0b-ae95-57961cea225d','ANTI - DSDNA (DNA)','','450','10'),('e81cb9a0-7904-43b9-bb3e-3661e3e93dd3','KARYOTYPING COUPLES - HUSBAND','','1750','10'),('e848ccfa-d88f-4b6a-a8a9-5354cfbf9fc8','LDL','LDL CHOLESTEROL - DIRECT ','300','25'),('e99f4685-5325-4a16-be53-a539333d58e1','TOATL PROTEIN','','100','10'),('ea8b2823-4b6a-422b-b91b-63f7b00a9ea0','BLOOD C/S','','400','10'),('ec00f329-a920-4570-abdf-d0ca26407f4a','TREPONEMA PALLIDUM HAEMAGGLUTINATION','','250','10'),('ec718095-64a8-4390-8934-c327cf5dd677','ALLERGY - MUSHROOM','','500','10'),('ecc1e1ae-a57b-49fe-b0b8-8d1a55ae2e82','PROG','PROGESTERONE','675','25'),('ed11131e-70e2-48e0-9644-506790767bdf','TLFP','','1200','25'),('ee607ced-6a0c-414f-bb64-632ca17bfac2','AMA','ANTI MICROSOMAL ANTIBODY','675','25'),('ee774540-30e2-4489-a25b-8ae32f850dc4','CHL_G','ANTI CHLAMYDIA ANTIBODY IGG','900','25'),('eef350e6-387b-4d66-a474-ce3c37659fa7','UNCONJUGATED ESTRIOL (E3)','','600','10'),('ef869177-c7ca-4c99-9345-ff4861bdcfb9','ANTI HEPATITIS B CORE ANTIGEN (AHBc) - TOTAL','','550','10'),('ef892678-42b8-49dc-a29f-99252405b9ba','LDM','','350','10'),('efeed4d3-ecb8-4138-ae57-735efb5fec6f','PROGESTERONE','','750','10'),('f057315f-a78c-4891-bd51-237f812b29b2','PROLACTIN (PRL)','','300','10'),('f131a074-0f9e-4d05-ab75-667355df7135','MANTOUX TEST','','200','10'),('f16705c4-05d2-4605-ba30-34f103c23d1c','ANA','ANTI NUCLEAR ANTIBODIES','650','10'),('f17b7f9e-140d-434c-a038-1a80137ceaa1','IMMUNOGLOBULIN G (IGG)','','500','10'),('f1d744ba-7781-4ecc-a996-c0ebf31698ea','ALLERGY FOOD PANEL III - CONFIRMATORY','','1500','10'),('f2b6cea6-d070-419b-9e4b-1d076e4d4af9','TOTAL THYROXINE (T4)','','200','10'),('f2ebe843-78f1-426c-992f-95d5a2c6d859','ARTHRITIS','','3150','25'),('f3088fc0-1939-4d8a-b282-52b9ffc253b4','ANTI CHLAMYDIA ANTIBODY IGG','','600','10'),('f31b7fe5-f6a9-4e99-ba0f-52c7d6f86036','LIPOPROTEIN (LPA)','','400','10'),('f3253976-971d-4817-b076-264cf3cbfba8','WIDAL TEST','','200','10'),('f3897de5-5384-4300-84d0-9a4541976b7e','ALLERGY ANIMAL PANEL - CONFIRMATORY','','1200','10'),('f4635018-5df3-4261-a319-2ea1deb31eeb','HC_M','HERPES SIMPLEX VIRUS (HSV)-IgM','450','25'),('f4a7a356-67db-48c1-81ff-92535eadb70c','FT4','FREE THYROXINE','300','25'),('f552a543-2612-4df8-b2a6-e157c55dbfe0','HEP B','','3300','25'),('f71d3a9e-69d9-44e0-a57d-38c53fe08eec','EPSTEIN BARR VIRAL CAPSID ANTIGEN - IgM','','800','10'),('f7bf62a2-e209-4e22-82e0-1964d730a0f6',' RA FACTOR ','','300','10'),('f7eef966-78a1-4219-96aa-0e4756abf378','NEONATAL HEMOGLOBIN ELECTROPHORESIS','','600','10'),('f8a1ca0d-5abc-4e74-8881-5a0c908161b9','TC','','50','10'),('f93a9b8f-24d9-458b-b5fb-8145bb683ebd','AC_A','CARDIOLIPIN ANTIBODY (ACL) - IgA','825','25'),('fbaf2e18-90aa-49d5-a1f0-98be063c0b9d','TOXOPLASMA IGM','','650','10'),('fbb69c80-6108-4771-9aca-80f80b374852','PUS C/S','','400','10'),('fbc23eac-b8dd-48a6-bf05-e3e2f6a81b45','LASE','LIPASE','450','25'),('fc312af9-1e41-469f-a61e-c7df903f0236','PLATELET COUNT','','100','10'),('fc87da22-eb8d-4e28-9dc6-0db46ccb5a99','TX_M','TOXO GONDII - IgM','450','25'),('fca5a29c-60f7-4f53-b634-2fcfab789915','LDL CHOLESTEROL - DIRECT','','200','10'),('fcba3f01-ea4a-46e0-84ab-387817e67943','HIGH SENSITIVE C - REACTIVE PROTEIN (HsCRP)','','350','10'),('fce1bcce-b8c1-47f9-adfc-e3175567fc85','C199','CA 19.9','975','25'),('fce1cd99-3e60-4c2d-a7a4-f47225546da7','PHEN','PHENYTOIN / DILANTIN / EPTOIN','825','25'),('fdaace54-6b3f-4dc4-a42e-4e641eeabf9b','SEGB','SERUM GLOBULIN','300','25'),('fdae67dc-5868-4788-a719-0fec8e38adab','LH','LEUTINISING HORMONE','450','25'),('fe0cd98b-5c4f-48cf-8541-7e8f2de63748','ALR09','ALLERGY - MANGO','750','25'),('fe558e9d-8bc3-4c6d-80ba-710bcb258780','BETA-THALASSEMIA SCREENING','','400','10'),('fe5eee60-6252-42bf-bf6f-6a4286fdf04a','RHEUMATOID FACTOR (RF)','','400','10'),('ff0a4b04-4aa3-49c3-93a8-5c7cef9c5e21','THYROID STIMULATING HORMONE (TSH)','','200','10');
/*!40000 ALTER TABLE `pathology_tests` ENABLE KEYS */;
UNLOCK TABLES;

--
-- Table structure for table `pathology_time_slots`
--

DROP TABLE IF EXISTS `pathology_time_slots`;
/*!40101 SET @saved_cs_client     = @@character_set_client */;
/*!40101 SET character_set_client = utf8 */;
CREATE TABLE `pathology_time_slots` (
  `slotId` varchar(50) NOT NULL,
  `slotLabel` varchar(50) DEFAULT NULL,
  `slotDesc` varchar(50) DEFAULT NULL,
  PRIMARY KEY (`slotId`)
) ENGINE=InnoDB DEFAULT CHARSET=latin1;
/*!40101 SET character_set_client = @saved_cs_client */;

--
-- Dumping data for table `pathology_time_slots`
--

LOCK TABLES `pathology_time_slots` WRITE;
/*!40000 ALTER TABLE `pathology_time_slots` DISABLE KEYS */;
INSERT INTO `pathology_time_slots` VALUES ('af566565-addd-4406-8320-e0346cd8a6dd','Morning(8-12)',' '),('d1f9b950-7f62-4a44-ac6d-f484d6be1165','Afternoon(12-4PM)',' '),('f01ae510-8b23-449c-b96d-ccbd1f65ab4d','Evening(4-7PM)',' ');
/*!40000 ALTER TABLE `pathology_time_slots` ENABLE KEYS */;
UNLOCK TABLES;

--
-- Table structure for table `pathology_user_order`
--

DROP TABLE IF EXISTS `pathology_user_order`;
/*!40101 SET @saved_cs_client     = @@character_set_client */;
/*!40101 SET character_set_client = utf8 */;
CREATE TABLE `pathology_user_order` (
  `userId` varchar(50) DEFAULT NULL,
  `orderId` varchar(50) DEFAULT NULL,
  KEY `orderId` (`orderId`),
  CONSTRAINT `pathology_user_order_ibfk_1` FOREIGN KEY (`orderId`) REFERENCES `pathology_order_info` (`orderId`) ON DELETE CASCADE ON UPDATE CASCADE
) ENGINE=InnoDB DEFAULT CHARSET=latin1;
/*!40101 SET character_set_client = @saved_cs_client */;

--
-- Dumping data for table `pathology_user_order`
--

LOCK TABLES `pathology_user_order` WRITE;
/*!40000 ALTER TABLE `pathology_user_order` DISABLE KEYS */;
/*!40000 ALTER TABLE `pathology_user_order` ENABLE KEYS */;
UNLOCK TABLES;

--
-- Table structure for table `pathology_vendor`
--

DROP TABLE IF EXISTS `pathology_vendor`;
/*!40101 SET @saved_cs_client     = @@character_set_client */;
/*!40101 SET character_set_client = utf8 */;
CREATE TABLE `pathology_vendor` (
  `pathologyvendorId` varchar(40) NOT NULL,
  `firstName` varchar(30) DEFAULT NULL,
  `middleName` varchar(30) DEFAULT NULL,
  `lastName` varchar(30) DEFAULT NULL,
  `organization` varchar(30) DEFAULT NULL,
  `address1` varchar(30) DEFAULT NULL,
  `address2` varchar(30) DEFAULT NULL,
  `city` varchar(30) DEFAULT NULL,
  `pin` varchar(6) DEFAULT NULL,
  `state` varchar(30) DEFAULT NULL,
  `vatno` varchar(15) DEFAULT NULL,
  `cstno` varchar(15) DEFAULT NULL,
  `panno` varchar(10) DEFAULT NULL,
  `mobileNo` varchar(13) DEFAULT NULL,
  `email` varchar(30) DEFAULT NULL,
  `website` varchar(60) DEFAULT NULL,
  `imageOrVedio` varchar(50) DEFAULT NULL,
  `nativeState` varchar(30) DEFAULT NULL,
  `profileDesc` varchar(50) DEFAULT NULL,
  `expiryDate` datetime DEFAULT NULL,
  PRIMARY KEY (`pathologyvendorId`)
) ENGINE=InnoDB DEFAULT CHARSET=latin1;
/*!40101 SET character_set_client = @saved_cs_client */;

--
-- Dumping data for table `pathology_vendor`
--

LOCK TABLES `pathology_vendor` WRITE;
/*!40000 ALTER TABLE `pathology_vendor` DISABLE KEYS */;
INSERT INTO `pathology_vendor` VALUES ('065d393a-39b4-4586-82ce-bbb677cf5c44',NULL,NULL,NULL,NULL,NULL,NULL,NULL,NULL,NULL,NULL,NULL,NULL,NULL,NULL,NULL,NULL,NULL,NULL,NULL),('0ef83f36-8c9d-49ae-a812-4ec8df211608','andaju','','koti','kkk','ssdsd','kk','vij','521121','1','333','222222222222222','5555444444','9010410484','andraju.kotaiah@gmail.com','www.gooogle.com',NULL,'1','','2015-04-15 00:00:00'),('1542aa59-6487-4237-9976-9b8f4c34cd8e',NULL,NULL,NULL,NULL,NULL,NULL,NULL,NULL,NULL,NULL,NULL,NULL,NULL,NULL,NULL,NULL,NULL,NULL,NULL),('6b937cd1-93c8-4a01-933a-bd8e097d8049',NULL,NULL,NULL,NULL,NULL,NULL,NULL,NULL,NULL,NULL,NULL,NULL,NULL,NULL,NULL,NULL,NULL,NULL,NULL),('7db997b8-8c53-43df-8410-8fa511eef745',NULL,NULL,NULL,NULL,NULL,NULL,NULL,NULL,NULL,NULL,NULL,NULL,NULL,NULL,NULL,NULL,NULL,NULL,NULL),('91c8ed75-5492-4bd7-b25e-94b1720fc2d1',NULL,NULL,NULL,NULL,NULL,NULL,NULL,NULL,NULL,NULL,NULL,NULL,NULL,NULL,NULL,NULL,NULL,NULL,NULL),('afe022d5-fbef-4fad-bcdf-9fbee4e89498','andaju','','kkk','ddd','kkk','ddd','sdsd','521121','1','333','222','5555444444','9010410484','andraju.kotaiah@gmail.com','www.gooogle.com',NULL,'1','vzv','2015-04-16 00:00:00'),('b9fb3873-86db-4de6-b254-8c4c99bb1762',NULL,NULL,NULL,NULL,NULL,NULL,NULL,NULL,NULL,NULL,NULL,NULL,NULL,NULL,NULL,NULL,NULL,NULL,NULL);
/*!40000 ALTER TABLE `pathology_vendor` ENABLE KEYS */;
UNLOCK TABLES;

--
-- Table structure for table `pathology_vendor_order`
--

DROP TABLE IF EXISTS `pathology_vendor_order`;
/*!40101 SET @saved_cs_client     = @@character_set_client */;
/*!40101 SET character_set_client = utf8 */;
CREATE TABLE `pathology_vendor_order` (
  `vendorId` varchar(50) DEFAULT NULL,
  `orderId` varchar(50) DEFAULT NULL,
  KEY `vendorId` (`vendorId`),
  KEY `orderId` (`orderId`),
  CONSTRAINT `pathology_vendor_order_ibfk_1` FOREIGN KEY (`vendorId`) REFERENCES `vendor_profile` (`vendorId`) ON DELETE CASCADE ON UPDATE CASCADE,
  CONSTRAINT `pathology_vendor_order_ibfk_2` FOREIGN KEY (`orderId`) REFERENCES `order_info` (`orderId`) ON DELETE CASCADE ON UPDATE CASCADE
) ENGINE=InnoDB DEFAULT CHARSET=latin1;
/*!40101 SET character_set_client = @saved_cs_client */;

--
-- Dumping data for table `pathology_vendor_order`
--

LOCK TABLES `pathology_vendor_order` WRITE;
/*!40000 ALTER TABLE `pathology_vendor_order` DISABLE KEYS */;
/*!40000 ALTER TABLE `pathology_vendor_order` ENABLE KEYS */;
UNLOCK TABLES;

--
-- Table structure for table `pharma_order_details`
--

DROP TABLE IF EXISTS `pharma_order_details`;
/*!40101 SET @saved_cs_client     = @@character_set_client */;
/*!40101 SET character_set_client = utf8 */;
CREATE TABLE `pharma_order_details` (
  `orderId` varchar(40) DEFAULT NULL,
  `medicineName` varchar(50) DEFAULT NULL,
  `dosage` varchar(10) DEFAULT NULL,
  `quantity` varchar(12) DEFAULT NULL,
  `brand` varchar(30) DEFAULT NULL,
  `typeId` varbinary(40) DEFAULT NULL,
  `mrp` decimal(10,2) DEFAULT NULL,
  `discount` decimal(10,2) DEFAULT NULL,
  `netAmount` decimal(10,2) DEFAULT NULL,
  KEY `orderId` (`orderId`),
  CONSTRAINT `pharma_order_details_ibfk_1` FOREIGN KEY (`orderId`) REFERENCES `pharma_order_info` (`orderId`) ON DELETE CASCADE ON UPDATE CASCADE
) ENGINE=InnoDB DEFAULT CHARSET=latin1;
/*!40101 SET character_set_client = @saved_cs_client */;

--
-- Dumping data for table `pharma_order_details`
--

LOCK TABLES `pharma_order_details` WRITE;
/*!40000 ALTER TABLE `pharma_order_details` DISABLE KEYS */;
INSERT INTO `pharma_order_details` VALUES ('229337a1-73ca-4325-9002-3aed4a1c3f82','aa','aa','aa','aa','aa',NULL,NULL,NULL),('229337a1-73ca-4325-9002-3aed4a1c3f82','ss','ss','ss','ss','ss',NULL,NULL,NULL);
/*!40000 ALTER TABLE `pharma_order_details` ENABLE KEYS */;
UNLOCK TABLES;

--
-- Table structure for table `pharma_order_info`
--

DROP TABLE IF EXISTS `pharma_order_info`;
/*!40101 SET @saved_cs_client     = @@character_set_client */;
/*!40101 SET character_set_client = utf8 */;
CREATE TABLE `pharma_order_info` (
  `orderId` varchar(40) NOT NULL,
  `orderDate` datetime DEFAULT NULL,
  `totalQty` double(10,2) DEFAULT NULL,
  `totalDiscount` double(10,2) DEFAULT NULL,
  `totalNetAmount` double(10,2) DEFAULT NULL,
  `orderStatus` varchar(30) DEFAULT NULL,
  PRIMARY KEY (`orderId`)
) ENGINE=InnoDB DEFAULT CHARSET=latin1;
/*!40101 SET character_set_client = @saved_cs_client */;

--
-- Dumping data for table `pharma_order_info`
--

LOCK TABLES `pharma_order_info` WRITE;
/*!40000 ALTER TABLE `pharma_order_info` DISABLE KEYS */;
INSERT INTO `pharma_order_info` VALUES ('229337a1-73ca-4325-9002-3aed4a1c3f82','2015-04-15 14:22:37',NULL,NULL,NULL,'Ordered');
/*!40000 ALTER TABLE `pharma_order_info` ENABLE KEYS */;
UNLOCK TABLES;

--
-- Table structure for table `phathology_booking`
--

DROP TABLE IF EXISTS `phathology_booking`;
/*!40101 SET @saved_cs_client     = @@character_set_client */;
/*!40101 SET character_set_client = utf8 */;
CREATE TABLE `phathology_booking` (
  `pathology_name` varchar(60) NOT NULL DEFAULT '',
  `pathology_original_price` varchar(60) DEFAULT NULL,
  PRIMARY KEY (`pathology_name`)
) ENGINE=InnoDB DEFAULT CHARSET=latin1;
/*!40101 SET character_set_client = @saved_cs_client */;

--
-- Dumping data for table `phathology_booking`
--

LOCK TABLES `phathology_booking` WRITE;
/*!40000 ALTER TABLE `phathology_booking` DISABLE KEYS */;
INSERT INTO `phathology_booking` VALUES ('01a5327e-4290-4eb3-b5c8-3b33d5192258','800'),('02346953-2d59-4879-a96a-16971dec9ed1','300'),('05c7f745-1949-4a00-a618-3f5d6e371bdc','350'),('BLOOD C/S','800'),('LE CELLS','300'),('LIPASE','550'),('MP ANTIGEN','400');
/*!40000 ALTER TABLE `phathology_booking` ENABLE KEYS */;
UNLOCK TABLES;

--
-- Table structure for table `role`
--

DROP TABLE IF EXISTS `role`;
/*!40101 SET @saved_cs_client     = @@character_set_client */;
/*!40101 SET character_set_client = utf8 */;
CREATE TABLE `role` (
  `roleId` int(11) NOT NULL AUTO_INCREMENT,
  `roleName` varchar(30) DEFAULT NULL,
  PRIMARY KEY (`roleId`)
) ENGINE=InnoDB AUTO_INCREMENT=4 DEFAULT CHARSET=latin1;
/*!40101 SET character_set_client = @saved_cs_client */;

--
-- Dumping data for table `role`
--

LOCK TABLES `role` WRITE;
/*!40000 ALTER TABLE `role` DISABLE KEYS */;
INSERT INTO `role` VALUES (1,'admin'),(2,'customer'),(3,'vendor');
/*!40000 ALTER TABLE `role` ENABLE KEYS */;
UNLOCK TABLES;

--
-- Table structure for table `service_status`
--

DROP TABLE IF EXISTS `service_status`;
/*!40101 SET @saved_cs_client     = @@character_set_client */;
/*!40101 SET character_set_client = utf8 */;
CREATE TABLE `service_status` (
  `serviceId` varchar(50) DEFAULT NULL,
  `statusId` varchar(50) DEFAULT NULL,
  KEY `serviceId` (`serviceId`),
  KEY `statusId` (`statusId`),
  CONSTRAINT `service_status_ibfk_1` FOREIGN KEY (`serviceId`) REFERENCES `services` (`serviceId`) ON DELETE CASCADE ON UPDATE CASCADE,
  CONSTRAINT `service_status_ibfk_2` FOREIGN KEY (`statusId`) REFERENCES `status` (`statusId`) ON DELETE CASCADE ON UPDATE CASCADE
) ENGINE=InnoDB DEFAULT CHARSET=latin1;
/*!40101 SET character_set_client = @saved_cs_client */;

--
-- Dumping data for table `service_status`
--

LOCK TABLES `service_status` WRITE;
/*!40000 ALTER TABLE `service_status` DISABLE KEYS */;
INSERT INTO `service_status` VALUES ('158ff822-3af6-4b60-95a9-202c7e73eaae','a1bfd35f-47c9-4f66-b486-de9f8f148941'),('1b867019-e781-4726-930d-e3a44dbb6fac','82509de5-e98b-4ff7-b83c-c93dc604667e'),('21db609d-8a05-4a05-9f6d-4ef37e875ea8','9f196ee0-7aad-4eed-b876-b35cd1af2dc2'),('29d5b0e3-b3b0-4e43-8840-808750518242','e386c024-983c-46de-864e-8297484dc740'),('5f0415dd-7e67-4d2c-bdb8-6a5b58c4f94e','5d7be614-2379-4ba7-852c-16cc936b0931'),('687a7dae-464f-43a0-a617-4f93a986949f','2f802702-4f9d-4f5a-b508-4f7cdc74238b'),('6aac2225-8b45-4df7-8875-f712c07f2d49','96a2367a-7a23-458b-835c-6d6aafb73470'),('730fbb84-7784-4369-bf8d-2dfcfe1c4cab','f6a53b2a-c3bf-4d31-8101-da9a6a2eadb4'),('80c1bbf0-f570-4604-a795-818076dd87e5','75f25f83-d208-429c-884a-0832306c1942'),('a6c15070-aee6-40b9-bed6-48c844d86e18','2405524f-ecf4-48a8-ab8e-92d81eeba995'),('dd8d1e0f-cbe3-44ff-9cbc-1497e1680437','0ad53e94-9164-4514-86e6-ba09d680fb2b'),('f6e225dd-f7e1-4d68-a476-b885e37caf33','bacce358-caa1-49c4-82c9-cf64eaa39ea9'),('158ff822-3af6-4b60-95a9-202c7e73eaae','0a5f9119-3b05-4020-9ec3-8adb96ce163f'),('1b867019-e781-4726-930d-e3a44dbb6fac','02f1ac52-c358-40b9-b721-145e24c3cd6b'),('21db609d-8a05-4a05-9f6d-4ef37e875ea8','f3d18f0f-96f6-4cea-8012-fa4c443d1725'),('29d5b0e3-b3b0-4e43-8840-808750518242','e977f819-eadc-4c63-b3f7-f3201f97048f'),('5f0415dd-7e67-4d2c-bdb8-6a5b58c4f94e','da12c857-d62c-429b-9965-e3ba2ffb6acb'),('687a7dae-464f-43a0-a617-4f93a986949f','9b860bb0-e46e-475c-8a69-e398b3d26fe5'),('6aac2225-8b45-4df7-8875-f712c07f2d49','2a805773-a4af-4ca8-b07b-7775d1f89d36'),('730fbb84-7784-4369-bf8d-2dfcfe1c4cab','0110cec4-4381-4648-9bb2-98fc6bf1d56f'),('80c1bbf0-f570-4604-a795-818076dd87e5','ab3f4aec-84f4-4633-af3d-aaf7b9c6859f'),('a6c15070-aee6-40b9-bed6-48c844d86e18','358ad19c-94aa-4f6b-8b5c-c91fad573665'),('dd8d1e0f-cbe3-44ff-9cbc-1497e1680437','f3e1c162-f988-41a4-8d43-1606236bdc6a'),('f6e225dd-f7e1-4d68-a476-b885e37caf33','a1e6c535-7b6f-42cd-88fc-df872f53029d'),('158ff822-3af6-4b60-95a9-202c7e73eaae','b6252886-082a-4a40-be51-3ff6738651a1'),('1b867019-e781-4726-930d-e3a44dbb6fac','5b70ab5c-83bc-4049-9b8e-3e3ad304d962'),('21db609d-8a05-4a05-9f6d-4ef37e875ea8','1398b433-805f-46b8-8e09-7abf26ffffad'),('29d5b0e3-b3b0-4e43-8840-808750518242','e313c68b-6214-47c0-a322-569920f51130'),('5f0415dd-7e67-4d2c-bdb8-6a5b58c4f94e','89733a72-a7b1-4869-9e54-6eb0ab0d42de'),('687a7dae-464f-43a0-a617-4f93a986949f','27ecc6a0-d8df-46c4-8b23-27bcbd4f5960'),('6aac2225-8b45-4df7-8875-f712c07f2d49','9aaeb89b-c68f-42fb-8484-c7241c96baec'),('730fbb84-7784-4369-bf8d-2dfcfe1c4cab','75cfcd3a-7e2c-4a31-93ee-30fc43f45971'),('80c1bbf0-f570-4604-a795-818076dd87e5','09cca527-882a-47c1-95bb-80c8d653a088'),('a6c15070-aee6-40b9-bed6-48c844d86e18','ac30d9f9-20a1-4481-a88b-63e6b5dcff0a'),('dd8d1e0f-cbe3-44ff-9cbc-1497e1680437','924d1d12-4a49-4a50-aa77-d22c1b8a3312'),('f6e225dd-f7e1-4d68-a476-b885e37caf33','3e723591-36dd-401f-86b5-6f1b4285ef53'),('687a7dae-464f-43a0-a617-4f93a986949f','25e446a7-39e1-4ace-a2aa-46dd96f1f545'),('687a7dae-464f-43a0-a617-4f93a986949f','b43a1671-9b83-4639-9d15-c37d37b0f1cf'),('687a7dae-464f-43a0-a617-4f93a986949f','458fd4fd-5edc-4b89-807d-40be1a22dcb6'),('687a7dae-464f-43a0-a617-4f93a986949f','9da4f4ed-836f-41c4-89e6-8ba491479ea2'),('158ff822-3af6-4b60-95a9-202c7e73eaae','73dbea28-a941-4105-a62c-8fd8076dad19'),('1b867019-e781-4726-930d-e3a44dbb6fac','900b5843-139c-495f-a101-ff1dadccc550'),('21db609d-8a05-4a05-9f6d-4ef37e875ea8','a0522542-dbdc-4ead-8066-af07bef64a13'),('29d5b0e3-b3b0-4e43-8840-808750518242','5cacb1dc-1ff7-433d-8aa9-c8667b2caa92'),('5f0415dd-7e67-4d2c-bdb8-6a5b58c4f94e','b9179a1a-7b35-4f4c-8eb8-08662fa76855'),('687a7dae-464f-43a0-a617-4f93a986949f','1e19be65-4d1e-491f-974b-0d11eb9102f8'),('6aac2225-8b45-4df7-8875-f712c07f2d49','0ca4e315-ede6-4930-acf9-383a14f2f218'),('730fbb84-7784-4369-bf8d-2dfcfe1c4cab','68429fb6-acad-4f92-90fe-5aaef677ce16'),('80c1bbf0-f570-4604-a795-818076dd87e5','41eb97ae-d576-4b0c-9ba2-264b1a531142'),('a6c15070-aee6-40b9-bed6-48c844d86e18','d5bb2bd6-aedb-4e7e-a29e-838783483089'),('dd8d1e0f-cbe3-44ff-9cbc-1497e1680437','537a3f36-cb25-4ebd-a39e-935e3e47dc70'),('f6e225dd-f7e1-4d68-a476-b885e37caf33','725736cd-2039-483f-8a30-460232d539a3'),('158ff822-3af6-4b60-95a9-202c7e73eaae','1ae4c47d-5cc8-417a-a31f-c04da3d7cf96'),('1b867019-e781-4726-930d-e3a44dbb6fac','56eb0147-c060-49c9-af3d-b3eb9a8ae615'),('21db609d-8a05-4a05-9f6d-4ef37e875ea8','d8b8edaa-35e1-4321-89e9-037fd60530ea'),('29d5b0e3-b3b0-4e43-8840-808750518242','7d31b97a-e23b-473b-8d4e-f14646f0ca14'),('5f0415dd-7e67-4d2c-bdb8-6a5b58c4f94e','1d3f5670-89be-4df7-8657-cf85fcb09eb7'),('687a7dae-464f-43a0-a617-4f93a986949f','b75269bf-4a82-4b96-9d69-af6108a607bf'),('6aac2225-8b45-4df7-8875-f712c07f2d49','19c4d361-1828-47a5-aca2-45560ac5e160'),('730fbb84-7784-4369-bf8d-2dfcfe1c4cab','c2abcaef-8e4e-4a3d-a14c-62ab4d50a077'),('80c1bbf0-f570-4604-a795-818076dd87e5','4e5ec150-e3e4-4073-bc68-78049d42ae64'),('a6c15070-aee6-40b9-bed6-48c844d86e18','a15a9438-7ba6-496f-8515-48ceb0c8684b'),('dd8d1e0f-cbe3-44ff-9cbc-1497e1680437','fc18a45f-a8b0-41bd-88e3-e6fd83804b0a'),('f6e225dd-f7e1-4d68-a476-b885e37caf33','1fee7ad5-8ee9-43da-a1b4-81e6fd83834b'),('158ff822-3af6-4b60-95a9-202c7e73eaae','d2a3b5b3-4b1b-4075-9cc1-a9f8ff51b618'),('1b867019-e781-4726-930d-e3a44dbb6fac','4c60b1e6-c3d3-45d3-a2b6-acec1094068d'),('21db609d-8a05-4a05-9f6d-4ef37e875ea8','41bbdd9c-0e96-409f-a594-cf86caaf781c'),('29d5b0e3-b3b0-4e43-8840-808750518242','2b3e79ad-0c1f-4a30-b6ae-ca379b341a07'),('5f0415dd-7e67-4d2c-bdb8-6a5b58c4f94e','1e549e4b-31c7-455e-a6b8-1bf9b34de33e'),('687a7dae-464f-43a0-a617-4f93a986949f','50430412-2e24-4a7a-9cdf-bef673470c85'),('6aac2225-8b45-4df7-8875-f712c07f2d49','a5f5e94b-cb5a-47ad-8ce1-d1b5d20f1d7f'),('730fbb84-7784-4369-bf8d-2dfcfe1c4cab','4fb52808-65fd-4714-b167-96105b6513c3'),('80c1bbf0-f570-4604-a795-818076dd87e5','0ebe3c2a-147b-4a86-8867-d70fbd9ad0e8'),('a6c15070-aee6-40b9-bed6-48c844d86e18','8a87d07f-3958-494e-ace8-57b702dde8a4'),('dd8d1e0f-cbe3-44ff-9cbc-1497e1680437','bc12375d-896d-4d09-ba67-b3d1cf315f82'),('f6e225dd-f7e1-4d68-a476-b885e37caf33','38f0e81c-8820-4cd9-8435-268fbd9c4674'),('158ff822-3af6-4b60-95a9-202c7e73eaae','4cf1e929-02a5-4b71-ab21-5aeb00c903f6'),('1b867019-e781-4726-930d-e3a44dbb6fac','e942522c-c0fb-4a03-8723-543f2b5c3110'),('21db609d-8a05-4a05-9f6d-4ef37e875ea8','dbd4a43a-f003-4e04-ba63-52a2bc5100ab'),('29d5b0e3-b3b0-4e43-8840-808750518242','9d381f71-456e-452a-8ec0-315bcc95e73b'),('5f0415dd-7e67-4d2c-bdb8-6a5b58c4f94e','9a2ad794-8311-445f-9c39-400f7b17842e'),('687a7dae-464f-43a0-a617-4f93a986949f','fb485bf0-e9e7-45ca-b15b-aeea8d337a79'),('6aac2225-8b45-4df7-8875-f712c07f2d49','ff6c9ed6-d60e-420b-8f7b-cebdd4732241'),('730fbb84-7784-4369-bf8d-2dfcfe1c4cab','e5f1b884-82f4-4f34-a3eb-03af6fe55302'),('80c1bbf0-f570-4604-a795-818076dd87e5','840aefae-c844-4f83-9967-e0de946cd627'),('a6c15070-aee6-40b9-bed6-48c844d86e18','e3227cbf-279b-4d35-891d-3be4dca8b3d0'),('dd8d1e0f-cbe3-44ff-9cbc-1497e1680437','98155f67-f5b1-4041-8ea8-645358a7cb5e'),('f6e225dd-f7e1-4d68-a476-b885e37caf33','aadd2360-2e2b-4083-85c1-18228af377bf');
/*!40000 ALTER TABLE `service_status` ENABLE KEYS */;
UNLOCK TABLES;

--
-- Table structure for table `services`
--

DROP TABLE IF EXISTS `services`;
/*!40101 SET @saved_cs_client     = @@character_set_client */;
/*!40101 SET character_set_client = utf8 */;
CREATE TABLE `services` (
  `serviceId` varchar(40) NOT NULL,
  `serviceName` varchar(40) DEFAULT NULL,
  `serviceDesc` varchar(40) DEFAULT NULL,
  `pageName` varchar(40) DEFAULT NULL,
  `date` datetime DEFAULT NULL,
  PRIMARY KEY (`serviceId`)
) ENGINE=InnoDB DEFAULT CHARSET=latin1;
/*!40101 SET character_set_client = @saved_cs_client */;

--
-- Dumping data for table `services`
--

LOCK TABLES `services` WRITE;
/*!40000 ALTER TABLE `services` DISABLE KEYS */;
INSERT INTO `services` VALUES ('0','Beauty','','','2015-05-26 14:16:28'),('1','Health Care',NULL,NULL,'2015-05-22 12:57:49'),('158ff822-3af6-4b60-95a9-202c7e73eaae','Doctor','','doctorOrder','2015-05-23 13:12:28'),('1b867019-e781-4726-930d-e3a44dbb6fac','Electrician','','pageServices','2015-05-25 13:17:03'),('2','Up Keeping',NULL,NULL,'2015-05-24 13:10:23'),('21db609d-8a05-4a05-9f6d-4ef37e875ea8','PhysioTherapy','','pageServices','2015-05-23 13:08:04'),('29d5b0e3-b3b0-4e43-8840-808750518242','Home Care Taker','','pageServices','2015-05-23 13:11:12'),('3','Coming Soon',NULL,NULL,'2015-05-26 14:15:28'),('5f0415dd-7e67-4d2c-bdb8-6a5b58c4f94e','Pet Care','','pageServices','2015-05-25 13:21:09'),('687a7dae-464f-43a0-a617-4f93a986949f','Pathology','','pathologyOrder','2015-05-23 13:09:54'),('6aac2225-8b45-4df7-8875-f712c07f2d49','Nursing Care','','pageServices','2015-05-23 13:10:20'),('730fbb84-7784-4369-bf8d-2dfcfe1c4cab','Pest Control','','pageServices','2015-05-25 13:20:09'),('80c1bbf0-f570-4604-a795-818076dd87e5','Carpentry','','pageServices','2015-05-25 13:16:09'),('a6c15070-aee6-40b9-bed6-48c844d86e18','Plumber','','pageServices','2015-05-25 13:22:33'),('dd8d1e0f-cbe3-44ff-9cbc-1497e1680437','Painter','','pageServices','2015-05-25 13:19:09'),('f6e225dd-f7e1-4d68-a476-b885e37caf33','Fabrication(Iron or Alluminium)','','pageServices','2015-05-25 13:18:09');
/*!40000 ALTER TABLE `services` ENABLE KEYS */;
UNLOCK TABLES;

--
-- Table structure for table `services_category`
--

DROP TABLE IF EXISTS `services_category`;
/*!40101 SET @saved_cs_client     = @@character_set_client */;
/*!40101 SET character_set_client = utf8 */;
CREATE TABLE `services_category` (
  `categoryId` varchar(40) DEFAULT NULL,
  `serviceId` varchar(40) DEFAULT NULL,
  KEY `categoryId` (`categoryId`),
  KEY `serviceId` (`serviceId`),
  CONSTRAINT `services_category_ibfk_1` FOREIGN KEY (`categoryId`) REFERENCES `category` (`categoryId`) ON DELETE CASCADE ON UPDATE CASCADE,
  CONSTRAINT `services_category_ibfk_2` FOREIGN KEY (`serviceId`) REFERENCES `services` (`serviceId`) ON DELETE CASCADE ON UPDATE CASCADE
) ENGINE=InnoDB DEFAULT CHARSET=latin1;
/*!40101 SET character_set_client = @saved_cs_client */;

--
-- Dumping data for table `services_category`
--

LOCK TABLES `services_category` WRITE;
/*!40000 ALTER TABLE `services_category` DISABLE KEYS */;
INSERT INTO `services_category` VALUES ('5249d4a5-fad0-44ab-9570-68abd7b12513','687a7dae-464f-43a0-a617-4f93a986949f'),('5249d4a5-fad0-44ab-9570-68abd7b12513','6aac2225-8b45-4df7-8875-f712c07f2d49'),('5249d4a5-fad0-44ab-9570-68abd7b12513','29d5b0e3-b3b0-4e43-8840-808750518242'),('5249d4a5-fad0-44ab-9570-68abd7b12513','21db609d-8a05-4a05-9f6d-4ef37e875ea8'),('5249d4a5-fad0-44ab-9570-68abd7b12513','158ff822-3af6-4b60-95a9-202c7e73eaae'),('b213a572-e94a-4c8e-bd66-0a4767751fb5','a6c15070-aee6-40b9-bed6-48c844d86e18'),('b213a572-e94a-4c8e-bd66-0a4767751fb5','1b867019-e781-4726-930d-e3a44dbb6fac'),('b213a572-e94a-4c8e-bd66-0a4767751fb5','730fbb84-7784-4369-bf8d-2dfcfe1c4cab'),('b213a572-e94a-4c8e-bd66-0a4767751fb5','80c1bbf0-f570-4604-a795-818076dd87e5'),('b213a572-e94a-4c8e-bd66-0a4767751fb5','dd8d1e0f-cbe3-44ff-9cbc-1497e1680437'),('b213a572-e94a-4c8e-bd66-0a4767751fb5','f6e225dd-f7e1-4d68-a476-b885e37caf33'),('b213a572-e94a-4c8e-bd66-0a4767751fb5','5f0415dd-7e67-4d2c-bdb8-6a5b58c4f94e');
/*!40000 ALTER TABLE `services_category` ENABLE KEYS */;
UNLOCK TABLES;

--
-- Table structure for table `states`
--

DROP TABLE IF EXISTS `states`;
/*!40101 SET @saved_cs_client     = @@character_set_client */;
/*!40101 SET character_set_client = utf8 */;
CREATE TABLE `states` (
  `state_Id` int(11) NOT NULL AUTO_INCREMENT,
  `state_Name` varchar(100) DEFAULT NULL,
  PRIMARY KEY (`state_Id`)
) ENGINE=InnoDB AUTO_INCREMENT=36 DEFAULT CHARSET=latin1;
/*!40101 SET character_set_client = @saved_cs_client */;

--
-- Dumping data for table `states`
--

LOCK TABLES `states` WRITE;
/*!40000 ALTER TABLE `states` DISABLE KEYS */;
INSERT INTO `states` VALUES (1,'ANDHRA PRADESH'),(2,'ASSAM'),(3,'ARUNACHAL PRADESH'),(4,'GUJRAT'),(5,'BIHAR'),(6,'HARYANA'),(7,'HIMACHAL PRADESH'),(8,'JAMMU & KASHMIR'),(9,'KARNATAKA'),(10,'KERALA'),(11,'MADHYA PRADESH'),(12,'MAHARASHTRA'),(13,'MANIPUR'),(14,'MEGHALAYA'),(15,'MIZORAM'),(16,'NAGALAND'),(17,'ORISSA'),(18,'PUNJAB'),(19,'RAJASTHAN'),(20,'SIKKIM'),(21,'TAMIL NADU'),(22,'TRIPURA'),(23,'UTTAR PRADESH'),(24,'WEST BENGAL'),(25,'GOA'),(26,'PONDICHERY'),(27,'LAKSHDWEEP'),(28,'DAMAN & DIU'),(29,'DADRA & NAGAR'),(30,'CHANDIGARH'),(31,'ANDAMAN & NICOBAR'),(32,'UTTARANCHAL'),(33,'JHARKHAND'),(34,'CHATTISGARH'),(35,'TELANGANA');
/*!40000 ALTER TABLE `states` ENABLE KEYS */;
UNLOCK TABLES;

--
-- Table structure for table `status`
--

DROP TABLE IF EXISTS `status`;
/*!40101 SET @saved_cs_client     = @@character_set_client */;
/*!40101 SET character_set_client = utf8 */;
CREATE TABLE `status` (
  `statusId` varchar(40) NOT NULL,
  `statusName` varchar(50) DEFAULT NULL,
  `statusDesc` varchar(30) DEFAULT NULL,
  PRIMARY KEY (`statusId`)
) ENGINE=InnoDB DEFAULT CHARSET=latin1;
/*!40101 SET character_set_client = @saved_cs_client */;

--
-- Dumping data for table `status`
--

LOCK TABLES `status` WRITE;
/*!40000 ALTER TABLE `status` DISABLE KEYS */;
INSERT INTO `status` VALUES ('0110cec4-4381-4648-9bb2-98fc6bf1d56f','Confirmed',''),('02f1ac52-c358-40b9-b721-145e24c3cd6b','Confirmed',''),('09cca527-882a-47c1-95bb-80c8d653a088','Assigned',''),('0a5f9119-3b05-4020-9ec3-8adb96ce163f','Confirmed',''),('0ad53e94-9164-4514-86e6-ba09d680fb2b','Ordered',''),('0ca4e315-ede6-4930-acf9-383a14f2f218','Cancel',''),('0ebe3c2a-147b-4a86-8867-d70fbd9ad0e8','Paid',''),('1398b433-805f-46b8-8e09-7abf26ffffad','Assigned',''),('19c4d361-1828-47a5-aca2-45560ac5e160','Reject',''),('1ae4c47d-5cc8-417a-a31f-c04da3d7cf96','Reject',''),('1d3f5670-89be-4df7-8657-cf85fcb09eb7','Reject',''),('1e19be65-4d1e-491f-974b-0d11eb9102f8','Cancel',''),('1e549e4b-31c7-455e-a6b8-1bf9b34de33e','Paid',''),('1fee7ad5-8ee9-43da-a1b4-81e6fd83834b','Reject',''),('2405524f-ecf4-48a8-ab8e-92d81eeba995','Ordered',''),('25e446a7-39e1-4ace-a2aa-46dd96f1f545','Sample Collected',''),('27ecc6a0-d8df-46c4-8b23-27bcbd4f5960','Assigned',''),('2a805773-a4af-4ca8-b07b-7775d1f89d36','Confirmed',''),('2b3e79ad-0c1f-4a30-b6ae-ca379b341a07','Paid',''),('2f802702-4f9d-4f5a-b508-4f7cdc74238b','Ordered',''),('358ad19c-94aa-4f6b-8b5c-c91fad573665','Confirmed',''),('38f0e81c-8820-4cd9-8435-268fbd9c4674','Paid',''),('3e723591-36dd-401f-86b5-6f1b4285ef53','Assigned',''),('41bbdd9c-0e96-409f-a594-cf86caaf781c','Paid',''),('41eb97ae-d576-4b0c-9ba2-264b1a531142','Cancel',''),('458fd4fd-5edc-4b89-807d-40be1a22dcb6','Reports Uploaded',''),('4c60b1e6-c3d3-45d3-a2b6-acec1094068d','Paid',''),('4cf1e929-02a5-4b71-ab21-5aeb00c903f6','Closed',''),('4e5ec150-e3e4-4073-bc68-78049d42ae64','Reject',''),('4fb52808-65fd-4714-b167-96105b6513c3','Paid',''),('50430412-2e24-4a7a-9cdf-bef673470c85','Paid',''),('537a3f36-cb25-4ebd-a39e-935e3e47dc70','Cancel',''),('56eb0147-c060-49c9-af3d-b3eb9a8ae615','Reject',''),('5b70ab5c-83bc-4049-9b8e-3e3ad304d962','Assigned',''),('5cacb1dc-1ff7-433d-8aa9-c8667b2caa92','Cancel',''),('5d7be614-2379-4ba7-852c-16cc936b0931','Ordered',''),('68429fb6-acad-4f92-90fe-5aaef677ce16','Cancel',''),('725736cd-2039-483f-8a30-460232d539a3','Cancel',''),('73dbea28-a941-4105-a62c-8fd8076dad19','Cancel',''),('75cfcd3a-7e2c-4a31-93ee-30fc43f45971','Assigned',''),('75f25f83-d208-429c-884a-0832306c1942','Ordered',''),('7d31b97a-e23b-473b-8d4e-f14646f0ca14','Reject',''),('82509de5-e98b-4ff7-b83c-c93dc604667e','Ordered',''),('840aefae-c844-4f83-9967-e0de946cd627','Closed',''),('89733a72-a7b1-4869-9e54-6eb0ab0d42de','Assigned',''),('8a87d07f-3958-494e-ace8-57b702dde8a4','Paid',''),('900b5843-139c-495f-a101-ff1dadccc550','Cancel',''),('924d1d12-4a49-4a50-aa77-d22c1b8a3312','Assigned',''),('96a2367a-7a23-458b-835c-6d6aafb73470','Ordered',''),('98155f67-f5b1-4041-8ea8-645358a7cb5e','Closed',''),('9a2ad794-8311-445f-9c39-400f7b17842e','Closed',''),('9aaeb89b-c68f-42fb-8484-c7241c96baec','Assigned',''),('9b860bb0-e46e-475c-8a69-e398b3d26fe5','Confirmed',''),('9d381f71-456e-452a-8ec0-315bcc95e73b','Closed',''),('9da4f4ed-836f-41c4-89e6-8ba491479ea2','Reports Couriered',''),('9f196ee0-7aad-4eed-b876-b35cd1af2dc2','Ordered',''),('a0522542-dbdc-4ead-8066-af07bef64a13','Cancel',''),('a15a9438-7ba6-496f-8515-48ceb0c8684b','Reject',''),('a1bfd35f-47c9-4f66-b486-de9f8f148941','Ordered',''),('a1e6c535-7b6f-42cd-88fc-df872f53029d','Confirmed',''),('a5f5e94b-cb5a-47ad-8ce1-d1b5d20f1d7f','Paid',''),('aadd2360-2e2b-4083-85c1-18228af377bf','Closed',''),('ab3f4aec-84f4-4633-af3d-aaf7b9c6859f','Confirmed',''),('ac30d9f9-20a1-4481-a88b-63e6b5dcff0a','Assigned',''),('b43a1671-9b83-4639-9d15-c37d37b0f1cf','Lab Test In Progress',''),('b6252886-082a-4a40-be51-3ff6738651a1','Assigned',''),('b75269bf-4a82-4b96-9d69-af6108a607bf','Reject',''),('b9179a1a-7b35-4f4c-8eb8-08662fa76855','Cancel',''),('bacce358-caa1-49c4-82c9-cf64eaa39ea9','Ordered',''),('bc12375d-896d-4d09-ba67-b3d1cf315f82','Paid',''),('c2abcaef-8e4e-4a3d-a14c-62ab4d50a077','Reject',''),('d2a3b5b3-4b1b-4075-9cc1-a9f8ff51b618','Paid',''),('d5bb2bd6-aedb-4e7e-a29e-838783483089','Cancel',''),('d8b8edaa-35e1-4321-89e9-037fd60530ea','Reject',''),('da12c857-d62c-429b-9965-e3ba2ffb6acb','Confirmed',''),('dbd4a43a-f003-4e04-ba63-52a2bc5100ab','Closed',''),('e313c68b-6214-47c0-a322-569920f51130','Assigned',''),('e3227cbf-279b-4d35-891d-3be4dca8b3d0','Closed',''),('e386c024-983c-46de-864e-8297484dc740','Ordered',''),('e5f1b884-82f4-4f34-a3eb-03af6fe55302','Closed',''),('e942522c-c0fb-4a03-8723-543f2b5c3110','Closed',''),('e977f819-eadc-4c63-b3f7-f3201f97048f','Confirmed',''),('f3d18f0f-96f6-4cea-8012-fa4c443d1725','Confirmed',''),('f3e1c162-f988-41a4-8d43-1606236bdc6a','Confirmed',''),('f6a53b2a-c3bf-4d31-8101-da9a6a2eadb4','Ordered',''),('fb485bf0-e9e7-45ca-b15b-aeea8d337a79','Closed',''),('fc18a45f-a8b0-41bd-88e3-e6fd83804b0a','Reject',''),('ff6c9ed6-d60e-420b-8f7b-cebdd4732241','Closed','');
/*!40000 ALTER TABLE `status` ENABLE KEYS */;
UNLOCK TABLES;

--
-- Table structure for table `symptoms`
--

DROP TABLE IF EXISTS `symptoms`;
/*!40101 SET @saved_cs_client     = @@character_set_client */;
/*!40101 SET character_set_client = utf8 */;
CREATE TABLE `symptoms` (
  `symsptomsId` varchar(50) NOT NULL,
  `symptomsName` varchar(70) DEFAULT NULL,
  `symptomsDesc` varchar(100) DEFAULT NULL,
  PRIMARY KEY (`symsptomsId`)
) ENGINE=InnoDB DEFAULT CHARSET=latin1;
/*!40101 SET character_set_client = @saved_cs_client */;

--
-- Dumping data for table `symptoms`
--

LOCK TABLES `symptoms` WRITE;
/*!40000 ALTER TABLE `symptoms` DISABLE KEYS */;
INSERT INTO `symptoms` VALUES ('S0001','Fever',NULL),('S0002','Headache',NULL),('S0003','Vomiting',NULL),('S0004','Knee pain',NULL),('S0006','Back pain ',NULL),('S0007','Motions',NULL),('S0008','Dizziness',NULL),('S005','Heart',NULL);
/*!40000 ALTER TABLE `symptoms` ENABLE KEYS */;
UNLOCK TABLES;

--
-- Table structure for table `test_client`
--

DROP TABLE IF EXISTS `test_client`;
/*!40101 SET @saved_cs_client     = @@character_set_client */;
/*!40101 SET character_set_client = utf8 */;
CREATE TABLE `test_client` (
  `testClientId` varchar(50) NOT NULL,
  `testClientName` varchar(50) DEFAULT NULL,
  `testClientDesc` varchar(50) DEFAULT NULL,
  PRIMARY KEY (`testClientId`)
) ENGINE=InnoDB DEFAULT CHARSET=latin1;
/*!40101 SET character_set_client = @saved_cs_client */;

--
-- Dumping data for table `test_client`
--

LOCK TABLES `test_client` WRITE;
/*!40000 ALTER TABLE `test_client` DISABLE KEYS */;
INSERT INTO `test_client` VALUES ('B0001','HealthNest',NULL),('B0002','Thyrocare',NULL);
/*!40000 ALTER TABLE `test_client` ENABLE KEYS */;
UNLOCK TABLES;

--
-- Table structure for table `type`
--

DROP TABLE IF EXISTS `type`;
/*!40101 SET @saved_cs_client     = @@character_set_client */;
/*!40101 SET character_set_client = utf8 */;
CREATE TABLE `type` (
  `TypeId` varchar(40) NOT NULL,
  `TypeName` varchar(60) DEFAULT NULL,
  `TypeDesc` varchar(20) DEFAULT NULL,
  PRIMARY KEY (`TypeId`)
) ENGINE=InnoDB DEFAULT CHARSET=latin1;
/*!40101 SET character_set_client = @saved_cs_client */;

--
-- Dumping data for table `type`
--

LOCK TABLES `type` WRITE;
/*!40000 ALTER TABLE `type` DISABLE KEYS */;
INSERT INTO `type` VALUES ('T0001','tablet',NULL),('T0002','cyrup',NULL),('T0003','java',NULL);
/*!40000 ALTER TABLE `type` ENABLE KEYS */;
UNLOCK TABLES;

--
-- Table structure for table `user_role`
--

DROP TABLE IF EXISTS `user_role`;
/*!40101 SET @saved_cs_client     = @@character_set_client */;
/*!40101 SET character_set_client = utf8 */;
CREATE TABLE `user_role` (
  `roleId` int(3) DEFAULT NULL,
  `userId` varchar(40) DEFAULT NULL,
  KEY `roleId` (`roleId`),
  CONSTRAINT `user_role_ibfk_1` FOREIGN KEY (`roleId`) REFERENCES `role` (`roleId`) ON DELETE CASCADE ON UPDATE CASCADE
) ENGINE=InnoDB DEFAULT CHARSET=latin1;
/*!40101 SET character_set_client = @saved_cs_client */;

--
-- Dumping data for table `user_role`
--

LOCK TABLES `user_role` WRITE;
/*!40000 ALTER TABLE `user_role` DISABLE KEYS */;
INSERT INTO `user_role` VALUES (1,'1'),(2,'efa8a736-980d-47c9-bc4a-38918a34f9a3'),(2,'20e24f46-3af2-4b28-a6cf-74f91e8415a7'),(2,'60403f65-e352-4f0c-bda2-91507fb2aa9b'),(2,'f52f8a17-fa41-4e7c-b613-064fcd8af791'),(2,'6153b151-9173-4f40-b245-a55b7ea2d135'),(2,'f1989cea-e2ad-4378-beac-266594769c80'),(2,'ba8123fc-b3e6-4d79-98e0-c9b7cb75bd40'),(2,'a909d609-d31e-4e03-af35-73e9ba9873d9'),(2,'d689adb0-43e7-4456-92dc-5c6dc984e313'),(2,'c16d9a43-3381-462e-be01-aa0d4e59e8d9'),(2,'6997fd07-3e03-4ff9-9df5-5b1563bee4ec'),(2,'b532abe3-64b8-482b-83d4-f678d25cb122'),(2,'8a2fd3cc-75d1-41af-86c7-dca37c31bd91'),(2,'72462931-62c9-4f8c-83c6-63f181a2b461'),(2,'d9721ea7-c777-4e4a-94af-b5ee65a83be4'),(2,'55a47129-0621-4db7-9b1d-cc93e57857de'),(2,'f9b141aa-3877-4e25-a58b-0660f861fb0a'),(2,'66ad440c-5a89-4b02-a19d-764c26e9ec5a'),(2,'9ab92627-f952-4ff5-a5cb-6b6438890848'),(2,'008c4608-ba23-4de0-a86e-11c39af91632'),(2,'f161d3da-1154-4074-8b1d-64d7ad9cdffc'),(2,'a7eb5439-f481-40ca-8a3d-e8bd1b0923f8'),(2,'40ab8e31-afa3-4ae0-b3d3-52081e59d0be'),(2,'b8eca758-9883-474d-815a-50af996f0183'),(2,'a7f8354a-6d28-4735-83f9-28f7519ec42b'),(2,'2533f663-b86b-4e52-911d-54014659a1fd'),(2,'f625381a-d76a-44ac-8fe6-86792b39aed2'),(2,'32654843-f559-490f-affb-9f1d51fd7943'),(2,'2d24e3db-472a-4aea-b73e-66be3333e1bb'),(2,'bf595e9d-5be4-403a-a388-b483ed075347'),(2,'afb240c5-ea81-46cc-9f4f-3f522505364c'),(2,'b5ff4845-efe3-4075-9d56-2d2a90cfbe2d'),(2,'196b6654-fe72-43f5-ae1d-de9efc213ae9'),(2,'5e361fdc-c447-4cac-97f9-8cd34da2c623'),(2,'a0b8c584-bc46-4aac-95e3-f37f5220a61b'),(2,'eb44f8b3-2f4e-4abc-93c0-17e3de627ddc'),(2,'75be16c7-c83e-4720-8dfb-366a1510dfd3'),(2,'7236ba21-c905-4f70-ad0c-25efc5bf6813'),(2,'b8335fcd-6dc4-491b-a078-f76f826772f9'),(2,'2bd3868e-6976-4f6c-b0ed-4c642326dfdc'),(2,'0bd5d2aa-805d-4549-98d0-f2b207b1e38e'),(2,'e8ffd7d9-174d-4bb6-8f23-91af13c13e8e'),(2,'bd0e9c74-6181-429b-8a0b-717199c61a7d'),(2,'ab423eac-7258-40d3-a4c0-25055a978b80'),(2,'de972e9f-26b0-43b8-b431-8b4a61015ace'),(2,'1a2f347f-6928-4e13-8724-8915a8528449'),(2,'1c76c6fb-b2a6-4b9a-abd5-feffbef245eb'),(2,'0a4fee18-c12b-43ff-afd5-edd4d855afd7'),(2,'36642a8e-eb44-461c-bc59-2776a91a524e'),(2,'81f0270b-1146-4653-993a-988dfcc56b27'),(2,'19f64e83-bf44-4a18-9ff6-2331e224d933'),(2,'be1caa9c-8606-4c77-b53f-d78eddafee8a'),(2,'992651ab-6e1d-427e-bf29-6d9257252e43'),(2,'5e1787fa-80c3-4064-b9e9-06f2c6298f88'),(2,'aa48c70d-4026-401b-9d6d-a24997042958'),(2,'4ac61e50-1d5c-425e-86ca-16305399569f'),(2,'3613bc4a-b70c-41c3-820e-efbc3e5d7310'),(2,'d1916e95-da4d-4640-b463-1aff3224101c'),(2,'95e10ba5-85f6-4ca0-9d64-d4b80f5e59c1'),(2,'c4dde534-c84a-40d4-90b7-3b3bfbba945e'),(2,'b221d316-6cc8-422c-8fc7-eeab0ae0eeb0'),(2,'0a4d9795-cda8-40ee-9422-eaf07ce6f10e'),(2,'5dc5a05d-5bd8-420f-b6b3-2930755667a4'),(2,'f992a62b-2e9a-418b-a402-78e9bccf81c1'),(2,'3da461a4-7e80-4164-8e1e-b542fda3fe0f'),(2,'9e899077-a021-491b-80ab-bcd007430cc5'),(2,'a7dea442-a611-4d20-aeda-ecf019e3d214'),(2,'c448cc12-cfad-4683-9bbf-dbaaea77b119'),(2,'b789b1dd-ce98-4c50-b27f-3fb4cf540563'),(2,'53a601a3-b068-4c21-9c5e-45c7f8613192'),(2,'85ac5a43-8062-4568-91bf-a1edf4e93d0b'),(2,'ffcce0ea-3e35-4cc7-b4b3-d532f8629ec0'),(2,'933118b3-1251-4953-9783-1295b2c31d38'),(2,'f93d0092-04ff-4720-87d4-5cb4f44f8731'),(2,'7d099e37-7cf5-437d-88fa-0249a4faff25'),(2,'38197181-68c3-407c-95f2-445b3f83b87d'),(2,'18fb1a0e-b1d8-4651-a335-e3dfdd61cb89'),(2,'1a028481-7ef9-4fc6-9cbc-7e4fb38a0167'),(2,'ad13f356-70c2-4976-b301-9f04043c7de2'),(2,'616f8726-44f9-420a-8de0-ea36b89ad189'),(2,'ae581f03-b205-48c0-be01-b06f53c66d35'),(2,'32d729d9-26f0-4e02-9a56-bd28122deb42'),(2,'f3809468-65c9-4511-8d69-30de1ecbc592'),(2,'24513a9d-557c-4825-be71-2c8d2c9a6d5d'),(2,'04aafbcf-5720-4f8a-91ab-69372001fcc1'),(2,'289d97fd-b02d-4793-8ce9-bd5b7dab418e'),(2,'1548a4ba-8c5d-4b68-85d8-6fc0bfb9ad5d'),(2,'3cd636c4-fa27-4421-a8c3-cfc1edd276ba'),(2,'2ef7b33d-d082-4723-8579-029056b0910a'),(2,'5441cca5-dcfa-4a79-9a22-f7b72f1fe16f'),(2,'f97e77a3-5f33-41e1-b3d1-96f690e188c7'),(2,'347b75d8-7cfa-48fa-8d44-4485c4a78ecf'),(2,'363b7ca7-aa14-4924-901b-7c5009560b6d'),(2,'b22753f6-0582-4b43-99c0-247e3a9161f7'),(2,'2892c3c4-d520-4bda-984a-f722f076ee37'),(2,'510b5224-cd71-49f7-b168-d4813aca7a4b'),(2,'d0db0199-160c-409c-8a75-247046b5a231'),(2,'d0cd28b4-8c84-4d9b-839d-bd0076eddf79'),(2,'f12ffe57-28c5-4612-ac45-a0cc2b5c5ab5'),(2,'9f809b9f-8607-44f5-b757-1d26b9b4091f'),(2,'5b47dc28-3084-4ff9-8ce8-265da078d881'),(2,'0fcfe983-5149-4b81-a9b6-84e67ede2ce7'),(2,'a8f1107d-d911-4f29-b675-3af401da0f6d'),(2,'04258387-99eb-434f-9927-4600ab46c5dd'),(2,'21b37cf9-efae-4365-b8fd-54148728e0f3'),(2,'3d7a7d25-de0e-4583-adbc-610c0557c92c'),(2,'11a0b209-44e7-4373-963c-4f469b02bc61'),(2,'0b4e2866-a842-449b-9c52-26370baf1d25'),(2,'3811347b-4ecc-468c-928b-3495872b42fb'),(2,'5856e6d6-99db-4d8c-aef3-7ef8dcf8f08e'),(2,'3855ba20-9f6d-429f-b5f4-0dd2e56d1051'),(2,'87dac52c-d91b-4699-870c-98c38e57a1e1'),(2,'8c824874-dd5c-45c0-aa4d-160824f47a2c'),(2,'5abfb892-d1b6-4a3b-9cc4-adee2ae3cc9e'),(2,'cbe44f58-c45d-4611-be4f-9a64956dee15'),(2,'1464a277-d3a9-4790-97e3-22918ffad5ff'),(2,'7f283fb4-d8dd-4437-b17d-1d8abb2eea8a'),(2,'3cf793f1-02ea-411a-abce-4739a74774cc'),(2,'e4b3f39f-835a-411f-8370-b6b206aa983a'),(2,'d59535b6-c618-4de2-a845-64d91604dae2'),(2,'9b25301f-a671-4b0f-810e-ae45d66bdd53'),(2,'b19f3744-87a1-4979-998b-2ad19884860e'),(2,'553385c5-ebec-4fa9-9c73-72a06437d336'),(2,'b2d891f7-259b-44f7-ae5f-152095636356'),(2,'81e5ead2-60f5-470d-a827-bd7429538672'),(2,'c8307b8b-f7e5-409b-afb7-e66718b2c781'),(2,'87af3d32-4492-4340-a261-909b7badc452'),(2,'2fa265dd-2ebc-4c5e-aac4-3cb31e8c5f41'),(2,'f8371c19-63a2-4d07-8aa4-02fdfbe69372'),(2,'f9e35667-1df4-4e23-8f6d-72a8c02311ae'),(2,'800ffd91-30a2-4880-92e6-c8f39a59276e'),(2,'6ef2d762-70a5-44b5-a57f-ae94804619c7'),(2,'a21b1e2b-09eb-466e-a3b2-b682cff4c125'),(2,'f6212620-097e-4cce-b8fa-cadc4e0b07c7'),(2,'91734d3c-570c-4854-976b-300c4bc9b040'),(2,'207e9415-3c4f-4010-b5c5-37a9ceaf3b25'),(2,'104d194f-ade4-4350-9bbf-3052abce7b8a'),(2,'edfc5462-fe85-4a06-af09-c4ee4a78c993'),(2,'0cecaf1c-013c-4b3b-aaa7-70e5aa4267df'),(2,'94937b8f-8842-4d2e-a46d-de117a365b67'),(2,'461346cf-02fd-44e9-a131-5d0a3137c80a'),(2,'f1a80004-8b60-4a61-a9ed-1968b3875baf'),(2,'c305f137-ddb1-4265-a6a8-0b25d7519b70'),(2,'bce91fd3-6d99-471d-890c-a5503536bbf1'),(2,'c9c139a8-2eda-4d78-a69b-96872169a0a6'),(2,'de0ce79d-eab5-4d40-b3eb-211a555ac7ed'),(2,'2c374ac5-960b-406f-bf53-8d0489379b59'),(2,'451fb0f1-216e-45c7-b793-036c320a5575'),(2,'ced3fa4c-60d8-44d9-bc98-8a25e3885659'),(2,'8604a02f-e734-43d6-b852-1727b4acbf43'),(2,'a31ab851-ee66-4e5c-b59b-b56d3a9dc548'),(2,'3fffcb57-f672-499c-a14a-7a687bb6c750'),(2,'329065b9-1971-49e1-bf69-8b201ad75fdd'),(2,'613e589e-9a78-4f66-95af-ec118fb067c2'),(2,'c3ab8b27-6712-4d22-a2cb-3d9aa61036c4'),(2,'fe337637-159a-443b-859c-9aba193c4a32'),(2,'9021351b-9e2d-41fa-9554-86539d73f8fd'),(2,'7afcb15e-c43a-44be-8282-a33c23edb9e5'),(2,'60f0ca4a-f66b-4f26-9db4-a282b58317dc'),(2,'37300277-37fb-4076-9745-7358c7bfd60b'),(2,'2d850aa6-ac8f-45fe-a5e2-296b26d13b9d'),(2,'d044ce27-5895-4fc5-845c-874e74bf51d0'),(2,'17035f73-e0c4-4664-bdef-3dd26e77cc9c'),(2,'926ae502-8622-4804-8c88-df2d3573d233'),(2,'f7312b8e-3af4-4819-a9ec-a613fb8a1202'),(2,'7481346d-8bad-46a4-bcab-48cbb7167968'),(2,'1d47c474-93b4-454d-9c0f-044467a2cc41'),(2,'5acb7f1e-0fd9-4a3c-8848-891b9ca22287'),(2,'c4f2c6cd-af75-4fd5-88a4-38437d2c7b28'),(2,'fdf8bf7c-d8c1-46a3-8b14-4f0facb7f528'),(2,'cf4e7b2f-5e5d-4a59-90f0-2ca58b885362'),(2,'39450df7-1efe-49ca-92bc-e15dcdeb81db'),(2,'e6c51763-45e1-46cd-9972-660194b0d9e1'),(2,'db293182-9729-4306-b531-87c184c87f54'),(2,'7f5d03eb-e061-4fa6-b61e-ba6af1a05d8f'),(2,'37ac3982-a4c1-4c2b-abf6-ea5a0990fcd8'),(2,'3a1e0d2e-c303-4e7d-9b4d-0b7e2b6b9489'),(2,'d1d1770a-2af1-4bd6-87bd-0b5f69f8df3e'),(2,'bb0ddd9f-0669-45e0-b540-37a166572ef7'),(2,'9aae35a1-6da5-4e65-b284-fd49f3379359'),(2,'8afb0c9d-fd79-49fa-af17-507ba7d5050d'),(2,'9643bb49-86b8-4afd-9ffa-53a730cafec4'),(2,'d1230ecf-9c92-4858-a4b6-e55ac5c441c9'),(2,'ccc1c3f7-5599-4d95-a75f-dafb1f6e178b'),(2,'b8037434-aa86-454a-a371-2d359e7be183'),(2,'b0af1a08-bc5b-4be0-8aeb-e7224ec43526'),(2,'33ba04fe-8467-4e5d-bfc1-f40014b651b5'),(2,'8e8e4acf-90dc-4d97-8701-a8eea7ffc2b3'),(2,'84d5d525-cc64-4507-b427-f6146c28a93f'),(2,'36108831-fe92-46a8-ad2a-a911ac255ec2'),(2,'e80c7130-43aa-4f73-8c1a-b90016af425c'),(2,'26ab5fff-5746-4c0c-9fdc-0fdf25cd63f0'),(2,'2ee167b4-8ff0-4d81-b007-8b60e42e7a31'),(2,'aaff3cf1-2a6e-479d-a315-c2fa9358c0b8'),(2,'4c73b8d9-347d-415e-ba5c-1319dde67b34'),(2,'3b4621f8-e5f0-48b5-940b-74a4b9e641b1'),(2,'a8e2c30d-0ceb-4af1-ac51-95a42c9c0900'),(2,'da49fbc5-c192-4440-b3b3-c8f7bcae54b8'),(2,'500db6bd-d2d2-4b86-8370-fcff7347e01a'),(2,'062cd403-f4f2-415f-98c0-ffd4bb0dbf42'),(2,'b0a88da7-3fae-4775-8cf6-24865366aa61'),(2,'52952503-3bc5-4b4f-bb22-c8f0a6e29b44'),(2,'5fbdac72-7688-4031-b7e2-b1741c35e4b3'),(2,'e214cdcb-abc2-4e7a-b849-df10bb7bd069'),(2,'f32fb0fb-1704-49f6-b779-b76f4ad7413f'),(2,'e1100c99-12bf-4599-939a-689ad1bd698c'),(2,'1b997af3-8314-4d1c-bfc1-419c40e49314'),(2,'811c9df0-32d7-456a-8226-7c01d399dd41'),(2,'c3197e8a-b1dd-47f0-94f4-edaf852ff436'),(2,'800f3a0d-6003-45ac-bb25-1c2d74a08e6a'),(2,'8d529b88-6c1b-496e-b530-022236e5a729'),(2,'a25c2c8c-55da-42ed-87b8-74795497224a'),(2,'fa78d912-c434-4df0-ae5d-b07e631b1608'),(2,'90b40711-6119-47b7-ad66-7b81de170f1a'),(2,'263755e1-f4a0-4875-8ac5-ba7a41561055'),(2,'5cdeddaf-0198-4fc0-9098-6223e5616783'),(2,'6b1cd57c-0f41-44aa-9fa2-9d1a0727ea63'),(2,'9d7b4731-9df7-4f6e-9257-378bc143d215'),(2,'23d6610a-701a-45d0-b0dc-d68073f61481'),(2,'f0200b76-3b4c-4195-9053-583aa70124a6'),(2,'8373a09f-c3db-458c-8085-fecfc37fee2e'),(2,'faade2c5-d60d-49de-934a-cae7d244ee41'),(2,'f0c99bfd-edf7-4649-9bf1-db902775f79f'),(2,'cd3aeb9d-656d-45af-bdeb-a665c5e82fa0'),(2,'e6aafb3f-f088-4843-9b29-3b104f6e1634'),(2,'1a424822-0ac8-4c85-a8c4-00b7394e5d85'),(2,'611d1efd-1fec-4ad1-b73e-a175467ad528'),(2,'3e8b8703-547b-4f41-af6d-83550e40dd98'),(2,'fcce0387-a90b-4b42-8a2c-7aaa58d17c59'),(2,'1de888fa-c971-4aa9-a7ef-0230a72c90a6'),(2,'f1fd2ed0-6ec6-432b-be47-72c0f2993788'),(2,'99f1c5b6-61c5-43ea-95d7-ca35513157cd'),(2,'73fc4cda-075c-45bb-9338-2df0b3a88df4'),(2,'dbe96c59-acc1-4649-adab-1e4be28cc8f3'),(2,'91c54ba9-c4ac-4021-bd53-2a9cf79b3f76'),(2,'7135d737-ae12-4f79-9aa3-d27b4d043534'),(2,'b3b65ef7-f6eb-4ef5-81c6-6b6401c839a2'),(2,'8521bc52-4a82-4a68-9588-b6dd3e8780d2'),(2,'e8380751-b1ea-4687-8ff2-b7e488076b59'),(2,'1a5c5b2b-cc7f-4583-9e14-a36945aff4f4'),(2,'21c10126-ec84-4afb-a882-6576d6330f51'),(2,'f1987291-bfe3-4cb9-96c0-946c434d5822'),(2,'d1115c70-b994-4b96-8820-424c2de50957'),(2,'4e05ec6f-cf69-4cf0-b90d-6e8b71adf08d'),(2,'c15d68b1-c9a7-419a-ace4-f6467ad90826'),(2,'cdbe4c92-8b17-42e5-a128-b5acef62b417'),(2,'94c5fcf1-a8aa-4ba0-a20b-33132ad9977e'),(2,'140b25b4-4706-4d5e-8413-a23e5c56fc12'),(2,'449dd945-e146-4b99-99e0-4a7db65d641d'),(2,'961c9624-4f7d-4396-a2d7-52d29aaef2d4'),(2,'708cedad-bc60-405f-ace1-f48bffa1e5e5'),(2,'88d5713c-e022-43df-a632-50432e4dbe92'),(2,'62ac8d68-20e0-458c-91a7-bb8cb3422b95'),(2,'11d9c2fb-d5a2-47d8-99bd-39f79e1577e0'),(2,'e9d4bbe5-c873-492e-a96e-3d7aa8d73557'),(2,'0490e946-6423-48d5-a701-8a462b86e060'),(2,'24fe7120-d1c9-42b0-b78c-34cc81b441f6'),(2,'7c69cbfa-8384-4b6b-b562-b81111be9dc7'),(2,'3845f6c3-1bf7-46eb-914b-d585785060df'),(2,'86781e4d-d062-4ec8-beec-5b42ab78546f'),(2,'5627c1a9-d78b-4c2c-a606-a716f04739f6'),(2,'3ad303e5-8d48-4fc1-b5e6-afcd02de33aa'),(2,'650e1b48-2c47-46f5-a272-3727da89a09e'),(2,'6dfaa6c5-b3f1-47da-93d4-13b5b2a73eda'),(2,'b2d41f14-2a77-4b1d-8f93-bf8d50296c11'),(2,'ca196cc7-7a0c-4f6b-9f27-edf8aad473cd'),(2,'4a1ccb48-7f78-425b-b072-3e336a75fedf'),(2,'33800af1-b286-4b30-96de-810e904feae3'),(2,'c0ea6ec3-2a27-49a7-a21c-af52f831e488'),(2,'11d23a62-f203-49ee-8b52-de3c54090fc5'),(2,'b0ba4588-c47a-4afb-a9dd-c3bcfe5c7bc8'),(2,'6b00c3f6-14c1-4283-b9bc-52aa4428a6e5'),(2,'297cf6e0-0c85-4762-9014-fe783d43403e'),(2,'21da989e-5362-43bb-b0e9-8ff14827e2fa'),(2,'71d60e4f-8713-41dd-b840-b944a43b05a4'),(2,'963712ad-ed2e-4e70-97a8-70925da07bb3'),(2,'c96d88e2-43c3-42cc-9e0d-13daa9242fb4'),(2,'abf8fa74-3ae5-4e9e-8831-5817bab114a5'),(2,'9ce65c3e-26d1-4e5f-ae3f-05bc74a5c928'),(2,'f2580d3f-d2dd-4852-a3f8-cca4e9d65c44'),(2,'3a024662-defb-4ff6-9d02-e28e4e7ff683'),(2,'35024398-06f4-4af3-a068-ae223600dadf'),(2,'b419920d-08b1-45e7-bc3c-6cd2ad8d22c0'),(2,'fa5536c4-605d-4cb0-8a40-7926d681d6c1'),(2,'a585e810-f4ad-4f74-9c44-83ce07342eae'),(2,'c90bc471-aca7-47a3-aaea-f8b49ffc7f55'),(2,'3a3d3cac-0b1b-4b73-886d-169fb18a9423'),(2,'e1dd0dc7-26f5-4ddd-8a83-ce826c29c710'),(2,'7d3bdbbc-d65a-453d-bab1-a988f6201a46'),(2,'b6261c06-de8b-4c1e-8fcc-eccc240021f6'),(2,'fb349f05-1e19-4795-9b05-08cf7a78df0b'),(2,'86f0c939-8a0a-48f4-a203-3f2c487145bc'),(2,'c88ca412-1002-46b3-8149-63fc3cb3c73d'),(2,'45a2323f-f34b-46ec-9132-5143bd550553'),(2,'07588879-7301-4242-baab-8eff789a0a18'),(2,'b401f75b-d61e-4025-946b-9ee8abba5d99'),(2,'59186474-70f4-4cb0-a420-10403e536f2d'),(2,'d234c6d8-1679-4d69-8572-8cdb5ff1fb1f'),(2,'267e5117-7d57-46f3-a843-ac39d41b316a'),(2,'9a333083-cb33-4103-9ee8-727d984de60f'),(2,'229f7379-3baa-4310-b89a-c2fa935f9d01'),(2,'b62a3aa8-17da-4d99-9af3-680d73523fe4'),(2,'d7cb6406-848c-4e5f-9ecf-165a073b1631'),(2,'1ff32fda-60a3-4e44-b349-49dc3b29c5b1'),(2,'aeb18c8d-e4a9-47e8-b68d-93a1c9136dbf'),(2,'ab03274c-f60b-4d52-828c-471d208d34d9'),(2,'154cb7b6-9204-420b-aa05-70b5f75cd14a'),(2,'a5391496-6f42-41c4-b366-931d2822e615'),(2,'3fc22504-16cc-4f44-82ab-321d4460325a'),(2,'4de67445-458f-4b94-9721-8ac6f3512bee'),(2,'af905e5f-d5cd-44d8-8bce-c0653c48c8e0'),(2,'bea9b3a2-0685-4c92-9256-19be565b7a7a'),(2,'5bc724f2-d464-4b17-857b-2e4a08b0a22c'),(2,'d313c8ff-fb23-4946-882f-d762d446e982'),(2,'b8983883-6923-42b5-a541-d6fbc88fd99a'),(2,'062d19e9-612b-42a6-9a9a-44641367c91f'),(2,'e224eb55-8d72-4484-8229-8fb1851bf5ee'),(2,'7da55964-a8d0-41b5-a848-12fd7b94d2ba'),(2,'57f40909-72a7-4ec4-9f7f-f4db547b0a93'),(2,'d1614f59-d0c8-4a15-aee6-4d9da1435562'),(2,'0e0f0186-61ed-4858-a2ec-217f730a5f67'),(2,'538a2a08-63e6-46af-ae06-b90a71bfe260'),(2,'51d91803-6f1e-40da-9249-edcd30d745cf'),(2,'f52afe3f-6b64-462b-9a1d-c8c6e29759fb'),(2,'f08e65c6-01bd-4c91-99a0-01c73c34e4f6'),(2,'4bae9afc-2cce-4df0-ae93-3f34c89b654b'),(2,'576f16df-a0d5-45db-9ce5-b49e507d13f1'),(2,'9ba2f0d7-9679-4696-945c-a95faf2f1411'),(2,'48b89e5c-4a51-4e2c-a17c-633902545223'),(2,'dbf2098e-f966-4bb5-a5b5-53f5077aa38c'),(2,'94348691-abef-4b58-8b16-494802e2cbbf'),(2,'67e74b4d-23d8-434a-a9bd-340da9cd0144'),(2,'c654a40b-c813-488b-bfe3-d9d1a6e067a9'),(2,'5b798f3d-49f0-48fb-9a48-e41835677cd8'),(2,'32b1cfd8-f3ba-43eb-b916-e3432162d7eb'),(2,'537c2a98-5e46-4808-9c07-cb5f02c242a4'),(2,'abd4e6b6-d153-4be4-9834-724e247a454f'),(2,'8d7fe1d0-fc06-4dff-a621-28c21d49f25f'),(2,'af048f21-1411-42ea-9eba-11d6aba2026f'),(2,'e57c9e9c-0b0f-4e14-94c6-8d666bf78fcc'),(2,'1f38543c-c3fc-4211-9db8-15b989f387c9'),(2,'2d81dfda-080a-4e3c-a3bf-c2c60318ce15'),(2,'b504060e-a4be-41b6-833d-6157e0e17804'),(2,'f7277137-bc95-4d32-9dac-463ad574d355'),(2,'8ef0f550-0f04-4ff2-9c45-76df64f864f0'),(2,'71d718ef-187a-4668-92ae-3a33e280f1f9'),(2,'11f36877-1837-460a-8b99-fb7ac3dfb871'),(2,'745fed8d-b135-4cd0-b986-a05d881a07a1'),(2,'b88666ef-4784-4b06-92bb-610735632888'),(2,'a9e68c3e-6b38-4036-a785-73edd4288faa'),(2,'849580d7-514d-4de4-a13a-c0f1a2a13fdb'),(2,'ff418810-348a-4693-8e78-4015997dcc06'),(2,'a48a21f3-06fd-4fb8-bf02-ea5fbdb73cb0'),(2,'12cc1645-fb89-4c04-9534-7bff28f1672a'),(2,'9730625c-d9ff-4713-93d0-74c2659f920a'),(2,'822e694f-c232-467b-8b87-d593b13aff84'),(2,'1d740904-0780-4bb3-b74b-0e7d929d14ee'),(2,'54770f21-5937-437f-b57f-eafba27c4851'),(2,'eadad116-37c9-4450-ab25-907ad1609976'),(2,'237f7524-0329-45d8-830e-896994c93cb5'),(2,'36ddf6c9-2244-4b91-b1af-95e70aabf555'),(2,'0ba7089e-95f5-4835-aafc-4b4c238d4833'),(2,'1aa5cb29-c060-47ce-aad9-7fbb829b5d42'),(2,'5d9088f2-dbed-4beb-b861-9316e18c944b'),(2,'c2c20926-5b6c-4694-b94e-b5e57d875e61'),(2,'9424d0df-86bb-441f-9634-6558d72f4877'),(2,'ca9a5bf2-65da-4b5f-a60a-c88c5b56811c'),(2,'56971969-4c67-4043-897d-376222d6a325'),(2,'f30dea3a-e96f-467f-acd7-8ee2727e6ba3'),(2,'80ba6d72-cb59-41d9-a558-218ee92b2379'),(2,'0c73cbad-0aa8-419f-9770-6a684a24d615'),(2,'dc7890d2-09b7-4425-9285-1b0c4a42dc60'),(2,'e108ada8-96f4-4156-9994-fcf1c19d8857'),(2,'42411d61-d267-454e-aa9e-602ac07a1958'),(2,'cb9148a4-0d0a-4b8d-80ec-f8dedbab846e'),(2,'80799946-873c-454a-9818-923ffc0cedb3'),(2,'649b2a05-c8b9-4e2c-a191-c9951432e377'),(2,'c0dcdc70-7418-45d2-b315-a54a129f2b04'),(2,'82ecb68f-7fb2-45b7-a979-3b9ed3dd34fb'),(2,'66106c1b-5195-41fc-af84-c23bd411872c'),(2,'7c3da4e3-d35e-43a3-b657-a9dc186bb1e4'),(2,'35dc90de-2f30-454f-b10e-36a9155ef267'),(2,'752f8e3d-d1ae-46ad-b626-b4de1207d3c8'),(2,'dc180c80-0a09-424d-be6d-65f78f56d860'),(2,'d72ab40f-5465-4400-9e0f-86d785998fcf'),(2,'b8f84ae0-1b38-4de1-9b18-387a1e9e8cf8'),(2,'8b8bbd17-df25-4d41-9411-38c952e9576f'),(2,'6b29949e-e933-4436-bbde-24b1832af84f'),(2,'7e990ec4-7671-4723-9606-fbb9287fea5e'),(2,'1d8a7241-dbf6-4d13-9d64-0174d27f31d1'),(2,'1d4d044c-56a8-4de0-af95-181f0b4a8c3f'),(2,'e0fbf2fd-a9f3-480c-a1ad-e59280e97a65'),(2,'39378c38-7cd6-4ac9-9561-5c13b97c8059'),(2,'16b1c6e4-bb44-497a-a3e9-5cb0e35cc597'),(2,'c65b7995-a9ca-48f2-9e68-e9036c829cff'),(2,'107d2fd7-3af6-4cc1-a8cb-9812b1dd5ba9'),(2,'cb66413f-c9d0-4762-9290-a223d7788497'),(2,'6d3011e0-e6da-4760-8340-6f2f04da2e2a'),(2,'507680ff-7970-41d2-a5ba-a440e65c089e'),(2,'8411ea30-144c-475c-9831-568c9a6f8a46'),(2,'0cee0a8c-4f6a-4905-a14c-e2c022f7a77b'),(2,'5be4c020-b709-4915-bd23-539f913bde12'),(2,'1bfc20ae-ee1d-43dc-bbd7-82a41233b245'),(2,'95443625-75b9-4691-bd81-34cd831ffca2'),(2,'cb575eaf-1d0b-4073-8e61-752c95960513'),(2,'f1679121-0f29-4350-bcfb-9718eea24e94'),(2,'b761ea49-3349-430a-9720-6d126556b4b2'),(2,'375e2585-b390-4bab-b811-ae0bfab7b914'),(2,'38d66c7d-54bc-432f-92c4-28c7e34419f8'),(2,'b88af0a2-28a7-462f-9ed2-38b6940b40f2'),(2,'04ba7f17-c8ff-4222-a3a4-121b3cc23981'),(2,'23e61aaf-2cfe-4173-8bb8-82c7c7196803'),(2,'c01cfebd-f682-476f-9ccd-e0a0d169841b'),(2,'897183b5-abfb-44a3-8398-78212311a11d'),(2,'9e7b1fe5-b38f-46aa-9715-a2dd6e9ab012'),(2,'88edf27e-9776-4455-b99c-232b37c614ff'),(2,'74a51b71-ac32-491f-97dc-6e9bd94c9230'),(2,'f43bcf2a-ac70-4a92-b9ff-012e8752f484'),(2,'2634d1a9-e1a9-4e48-bdb7-c454bc560648'),(2,'a61c438c-d302-4b2c-92b3-f76e6c01b665'),(2,'6583a5e8-d270-4ee5-bde9-2b9e4d10f540'),(2,'5e163d2a-749e-4f1d-a865-89f7fdf840c1'),(2,'bb5d6143-634b-4fc6-b958-3f4923183e98'),(2,'f12893f0-b8b8-464d-941e-53f4b93d31d3'),(2,'f60de61f-52b3-46e2-b23f-5a5b045adc25'),(2,'39146c66-9912-4eff-8ce8-6dc45922f9ce'),(2,'a542a2f5-4366-4d01-b987-612193830e03'),(2,'80b0807e-384d-4a56-9d79-930a5d5a2e4a'),(2,'588061f9-d0b7-4b0b-a0b0-e99f32120e01'),(2,'db9f3de6-19e0-4ed0-9541-b23cb470f7aa'),(2,'e7373f8d-8797-4b1c-8789-cbebc2fe5cb8'),(2,'bea2bdc8-92a5-4102-bccf-e5ea79ce97fc'),(2,'84ece5bb-2887-4077-8f08-1aea7bee69f6'),(2,'d1c47e82-112c-4116-a4c2-9af09ad4be6e'),(2,'0f014bd6-c8dd-4e9b-8c1d-abf8dfb3e7e6'),(2,'4dd7e595-a4ba-482c-beb4-fe3cc98b0ec0'),(2,'76787762-68fd-4684-8ba2-14cc6dc3ac50'),(2,'9eeeda12-ef49-41b8-90b6-dc8c061c72ce'),(2,'1f76545f-5622-4917-be6b-9816b652ffef'),(2,'329a204c-95b8-43c3-bcba-3f29c22a3a10'),(2,'7d3f3a9f-0d5d-4273-95e0-4a0bdb4dd001'),(2,'67934818-cb45-4475-a7e3-ff305dedb005'),(2,'40b8783e-1cac-4b96-aa32-354007124cc4'),(2,'9d2feced-8d3b-466c-b3cd-8932245f68f4'),(2,'1fdaede3-1522-4de5-a63e-1319d04dd165'),(2,'816a1fef-f1f4-49ee-990d-c8f8e96ef80c'),(2,'5030eede-42a1-45b6-9c56-a27c80075eb2'),(2,'d68807a3-a856-4e05-be6d-90b21d7ef835'),(2,'1e4d482a-d086-41bb-8329-8c13563375db'),(2,'b5d8c16d-2ed5-4c08-a2bc-697de2124498'),(2,'5bd00fcd-683d-44d1-b95a-c44cfaeac0fd'),(2,'63af7b3e-0f53-41c3-9d76-1ee421d999f4'),(2,'0ed2cb4a-19ba-40aa-8857-288e94b06051'),(2,'e756c608-2146-4610-992c-a4b7a9a0f46d'),(2,'27f4124b-b507-4df1-8ee3-50b1e53f8648'),(2,'6b406568-c875-47bb-9756-a874260efbf5'),(2,'861ae407-e6ce-46f5-bfd0-290082da05b8'),(2,'f21e1ac2-abec-47e7-a2e0-cb8e659b2b37'),(2,'a228af73-eda3-4d26-a2e9-8c313e9ab99c'),(2,'4d3dc114-fe0c-46c7-8358-59d46dcc36b4'),(2,'daf32646-a4bf-4db1-8c1c-a0d67f5c0e79'),(2,'b92f9caf-23bf-4448-904e-7e6855e0bb8d'),(2,'4a926103-23b0-4c40-99ac-0abb8748a5c3'),(2,'d0be8634-1336-4bc9-95f6-0ee5025aaa71'),(2,'8cead587-abe3-4aa2-9d74-e08dcc30e34a'),(2,'c97d2c53-23e5-46aa-8e24-5aa26eb366d0'),(2,'69d37097-1c87-4049-bc47-3abb1eb69f79'),(2,'6850e751-87eb-4476-a619-e9d751684cf8'),(2,'5c367e4c-fe44-40c7-8d94-ee9ee96fa78e'),(2,'c4d976aa-e764-4afd-ab68-3ef9dbdedb01'),(2,'cefb899d-ccf7-4a4e-ba50-198feaf2be97'),(2,'388d80b6-855c-43dd-a31e-0120d274aa36'),(2,'10c787b5-49cd-4e1b-a4f9-4bd6a95422b6'),(2,'77bca3f5-ade3-4ea0-98f6-928a97367260'),(2,'c4e64e10-7170-49f5-81fa-9e7fc53428a0'),(2,'d9788476-3cfd-4928-83a5-9e27a0ccf3b5'),(2,'b3e6e51e-5a31-4466-864f-786d41db3e97'),(2,'c35c1127-7c11-4231-b282-75247b2853a9'),(2,'dd8704de-0ee6-4225-9603-53aa446b9e61'),(2,'9e9087ce-18c4-4720-b19d-18738285f1bd'),(2,'10d171a2-d19e-4a62-8a14-6b9e2ef47fba'),(2,'028f9e52-6892-478c-b1f6-fbe4c1190f23'),(2,'a1f999e4-1f94-4f84-ba2e-cefd89785d22'),(2,'58e3f7ab-6bfc-4e3a-8a20-c462b1ee06f8'),(2,'b0b8e70d-7c36-450c-8fba-6a2c6bbf2dc2'),(2,'a07e221e-8377-4a63-b660-f0612983ecfb'),(2,'1e65b7af-04b5-4e3b-a365-0a8774b73200'),(2,'7273e1a0-c15a-4f76-a722-26d46522eb57'),(2,'0c1a6c76-1083-497f-bb14-2f9c6482941a'),(2,'488d3f43-2ce6-471e-be78-8a55883d10f3'),(2,'b03facac-48e1-43e9-a376-1b296ecf627b'),(2,'5907a71d-5ed4-4728-bc70-ed8d38f97554'),(2,'efddd7b6-4400-4f79-8d0f-c09cebfbf96b'),(2,'9ab3ccc7-894c-436f-9354-2e96c9a3ae02'),(2,'6d10c60b-e686-4cd8-8613-c885711bce40'),(2,'8756ecbf-3e84-487b-a0b5-ed88291850fb'),(2,'99bae633-acd5-4544-bc91-d588c7180788'),(2,'c452692e-130c-4926-a02b-7ea65cbc47a5'),(2,'9ccd1895-20c7-408b-be74-1e15b60d74b3'),(2,'900e0aa3-a25c-4cd6-a46d-6b2261d2047c'),(2,'aa6c9994-8f4d-469a-ab17-43602bf1ee22'),(2,'594f13f1-2cf7-48e0-84ab-aa1a833839fa'),(2,'887cec02-1111-4db6-a1be-43900d4f59a2'),(2,'d74d6e4d-5deb-40f7-97e9-4899c5f98e9b'),(2,'85c90c98-0db6-4be7-b686-53986cd11b59'),(2,'921bf2c0-c553-4d2a-a59c-f380eeed1ae5'),(2,'05e2c428-bb11-406a-9fc7-14f698f8989d'),(2,'da2db8f6-dd79-47a2-985e-543f3ee38e41'),(2,'79906bd4-bf43-4a2f-9ced-9133efd6d906'),(2,'dc51d123-35b9-496b-b5d0-2023d1a10a40'),(2,'0ff52d38-f361-42d2-b1af-b2703cd7f5ae'),(2,'b1f937c8-ec78-48a3-8f6a-c86cae10164c'),(2,'15dc010f-a2ad-4412-9936-53a506fc79ca'),(2,'1cfc6392-9311-4a47-b2c4-70694959cf54'),(2,'1aa1148b-1bd5-4bfe-84d5-4768731e9859'),(2,'0e44acad-4f8d-4ddc-8f17-5040c68a7491'),(2,'65d518cc-7e72-457f-bccb-81feba63bdeb'),(2,'5f853e99-3b32-466f-8468-41e80218f992'),(2,'9220f880-9ec3-487f-b3e8-da3fb2efd328'),(2,'12873b88-4a79-4925-a263-06244782e518'),(2,'64a1c480-80e5-4971-86f8-2156f1b6bbce'),(2,'d929bfd5-6324-45a5-a21f-48be0312d1be'),(2,'9fdc2e5d-0c21-4551-b02a-ef3cbe6c36a9'),(2,'32e7b144-7c2b-49c7-8e57-3e30c0ad90f7'),(2,'71a15f27-f663-41e4-ae23-3666a7a05c5e'),(2,'25b6dc5d-df02-473d-8a69-08b3475f506b'),(2,'50506173-f4cd-4b00-9965-c2b1fc8a8af7'),(2,'2c4bb16c-9006-420d-8ca1-7f0abe590f21'),(2,'d07f42c4-0b08-42c5-932c-f6421d6bc082'),(2,'522c9ba5-b1d6-4002-a2ec-61053d573f54'),(2,'23b3d566-9e10-417d-8938-2fe63bd4db0b'),(2,'ce9d78d8-0386-4a69-8ca9-e3e368688065'),(2,'1a318f94-3363-48bc-a7db-3753af5a3377'),(2,'26e42491-fbc2-4bb0-8199-5c7007a39904'),(2,'425bab24-23c9-4e7b-821d-b00db80f236c'),(2,'3da1505e-a3be-43c7-83f0-f4d4559ff1cc'),(2,'5ad6cf67-c1dc-46da-9e39-32f67ab9301e'),(2,'9af97447-db08-41ae-b2f6-260bcf67f738'),(2,'a63656d1-71e2-441e-842f-0449ffebbf7c'),(2,'5a34bc26-c627-4792-a99f-45e8ebc00f7f'),(2,'2175c5a8-56bb-4ef6-98d6-f4b2c16135b6'),(2,'6ec66a90-cc4c-4b95-a4b3-4a3cf4178d59'),(2,'53ca0cbe-0d04-492e-b819-a452c7c31099'),(2,'89ac741a-75bb-43ec-8773-df3a3f18a283'),(2,'9c6b76b7-31ce-4e52-9e8b-5b0e105332fe'),(2,'e259ba2b-c62c-4130-977e-e37db0e082a0'),(2,'43fffd71-0db4-4e6e-8c34-48d4d59e323f'),(2,'0cdd0e0b-8f9a-461b-b772-e5faf3c5f470'),(2,'87e1ef9a-bbc5-4f9a-a69a-ee384e13297c'),(2,'2f9a73e6-5a7d-4ba8-80d0-ab35ad4e79ff'),(2,'4061c2b5-0cdf-453a-9786-c387d2e0cebf'),(2,'493965a0-c0fd-4c99-af25-12c3ee174a86'),(2,'79357038-6b60-44d2-aa86-f3a5278d57fb'),(2,'7e95f81d-00c4-4bca-afab-3054f7e7c6f2'),(2,'a7059688-0ca4-4046-96de-39f469f9ba5a'),(2,'ea3ba84d-44b7-4ccc-9d6c-bfa29ea4dcac'),(2,'d84bf351-301c-4e43-9207-6a39e073a1ad');
/*!40000 ALTER TABLE `user_role` ENABLE KEYS */;
UNLOCK TABLES;

--
-- Table structure for table `users`
--

DROP TABLE IF EXISTS `users`;
/*!40101 SET @saved_cs_client     = @@character_set_client */;
/*!40101 SET character_set_client = utf8 */;
CREATE TABLE `users` (
  `userId` int(11) NOT NULL,
  `userName` varchar(20) DEFAULT NULL,
  `password` varchar(20) DEFAULT NULL,
  PRIMARY KEY (`userId`)
) ENGINE=InnoDB DEFAULT CHARSET=latin1;
/*!40101 SET character_set_client = @saved_cs_client */;

--
-- Dumping data for table `users`
--

LOCK TABLES `users` WRITE;
/*!40000 ALTER TABLE `users` DISABLE KEYS */;
INSERT INTO `users` VALUES (1,'admin','admin!123');
/*!40000 ALTER TABLE `users` ENABLE KEYS */;
UNLOCK TABLES;

--
-- Table structure for table `vendor_category`
--

DROP TABLE IF EXISTS `vendor_category`;
/*!40101 SET @saved_cs_client     = @@character_set_client */;
/*!40101 SET character_set_client = utf8 */;
CREATE TABLE `vendor_category` (
  `vendorId` varchar(40) DEFAULT NULL,
  `categoryId` varchar(40) DEFAULT NULL,
  KEY `vendorId` (`vendorId`),
  KEY `categoryId` (`categoryId`),
  CONSTRAINT `vendor_category_ibfk_1` FOREIGN KEY (`vendorId`) REFERENCES `vendor_profile` (`vendorId`) ON DELETE CASCADE ON UPDATE CASCADE,
  CONSTRAINT `vendor_category_ibfk_2` FOREIGN KEY (`categoryId`) REFERENCES `category` (`categoryId`) ON DELETE CASCADE ON UPDATE CASCADE
) ENGINE=InnoDB DEFAULT CHARSET=latin1;
/*!40101 SET character_set_client = @saved_cs_client */;

--
-- Dumping data for table `vendor_category`
--

LOCK TABLES `vendor_category` WRITE;
/*!40000 ALTER TABLE `vendor_category` DISABLE KEYS */;
INSERT INTO `vendor_category` VALUES ('84d5d525-cc64-4507-b427-f6146c28a93f','5249d4a5-fad0-44ab-9570-68abd7b12513'),('36108831-fe92-46a8-ad2a-a911ac255ec2','5249d4a5-fad0-44ab-9570-68abd7b12513'),('85fa68ee-e305-4f98-896b-b9f81b7f05f5','b213a572-e94a-4c8e-bd66-0a4767751fb5'),('e78e4153-9364-4a8a-8406-fcd2ccc35233','b213a572-e94a-4c8e-bd66-0a4767751fb5'),('46480c3a-97a6-495f-9758-fd1f1ed6f7fd','b213a572-e94a-4c8e-bd66-0a4767751fb5'),('c7c5924d-1020-4a0d-98d9-b54f9ef6e8b0','b213a572-e94a-4c8e-bd66-0a4767751fb5'),('6b3afe90-cc10-4099-bd15-d25a87c683c1','b213a572-e94a-4c8e-bd66-0a4767751fb5'),('35e36d04-0b84-4f62-bdeb-89e39c89d662','b213a572-e94a-4c8e-bd66-0a4767751fb5'),('ce232f82-e55a-4d78-87ae-8d43166b73af','b213a572-e94a-4c8e-bd66-0a4767751fb5'),('ac25517e-47ac-4b59-91c0-b19e7f7b49c3','5249d4a5-fad0-44ab-9570-68abd7b12513'),('b7acb2b1-26c4-4d5e-9e91-8ddd56982867','b213a572-e94a-4c8e-bd66-0a4767751fb5'),('c5e6a152-a036-49d6-976a-ad63d711c6a3','5249d4a5-fad0-44ab-9570-68abd7b12513'),('45935ade-9a2d-473d-ae33-fc9038ca0ae0','5249d4a5-fad0-44ab-9570-68abd7b12513'),('112e49dd-3311-46ed-8de8-eac277c4109d','5249d4a5-fad0-44ab-9570-68abd7b12513'),('171aa186-7342-4263-9cdc-7f1be33fa9c1','b213a572-e94a-4c8e-bd66-0a4767751fb5'),('5be0ef02-8470-49b5-89ec-c508ca85052d','b213a572-e94a-4c8e-bd66-0a4767751fb5'),('81998f24-b2d2-443e-90ea-c16d5ad7422b','b213a572-e94a-4c8e-bd66-0a4767751fb5'),('62972477-43ef-468e-91e9-3c8c825b44f2','b213a572-e94a-4c8e-bd66-0a4767751fb5'),('d739828b-47bc-40a1-8870-b89156d7ec82','b213a572-e94a-4c8e-bd66-0a4767751fb5'),('b88666ef-4784-4b06-92bb-610735632888','5249d4a5-fad0-44ab-9570-68abd7b12513'),('a9e68c3e-6b38-4036-a785-73edd4288faa','b213a572-e94a-4c8e-bd66-0a4767751fb5'),('b8f84ae0-1b38-4de1-9b18-387a1e9e8cf8','b213a572-e94a-4c8e-bd66-0a4767751fb5'),('5bd00fcd-683d-44d1-b95a-c44cfaeac0fd','b213a572-e94a-4c8e-bd66-0a4767751fb5'),('0ed2cb4a-19ba-40aa-8857-288e94b06051','5249d4a5-fad0-44ab-9570-68abd7b12513'),('e756c608-2146-4610-992c-a4b7a9a0f46d','5249d4a5-fad0-44ab-9570-68abd7b12513'),('0e44acad-4f8d-4ddc-8f17-5040c68a7491','5249d4a5-fad0-44ab-9570-68abd7b12513'),('9220f880-9ec3-487f-b3e8-da3fb2efd328','b213a572-e94a-4c8e-bd66-0a4767751fb5'),('522c9ba5-b1d6-4002-a2ec-61053d573f54','b213a572-e94a-4c8e-bd66-0a4767751fb5'),('23b3d566-9e10-417d-8938-2fe63bd4db0b','b213a572-e94a-4c8e-bd66-0a4767751fb5'),('26e42491-fbc2-4bb0-8199-5c7007a39904','b213a572-e94a-4c8e-bd66-0a4767751fb5'),('425bab24-23c9-4e7b-821d-b00db80f236c','b213a572-e94a-4c8e-bd66-0a4767751fb5'),('e259ba2b-c62c-4130-977e-e37db0e082a0','b213a572-e94a-4c8e-bd66-0a4767751fb5'),('2f9a73e6-5a7d-4ba8-80d0-ab35ad4e79ff','5249d4a5-fad0-44ab-9570-68abd7b12513'),('4061c2b5-0cdf-453a-9786-c387d2e0cebf','b213a572-e94a-4c8e-bd66-0a4767751fb5');
/*!40000 ALTER TABLE `vendor_category` ENABLE KEYS */;
UNLOCK TABLES;

--
-- Table structure for table `vendor_experience`
--

DROP TABLE IF EXISTS `vendor_experience`;
/*!40101 SET @saved_cs_client     = @@character_set_client */;
/*!40101 SET character_set_client = utf8 */;
CREATE TABLE `vendor_experience` (
  `vendorId` varchar(40) DEFAULT NULL,
  `experianceId` varchar(40) DEFAULT NULL,
  KEY `vendorId` (`vendorId`),
  KEY `experianceId` (`experianceId`),
  CONSTRAINT `vendor_experience_ibfk_1` FOREIGN KEY (`vendorId`) REFERENCES `vendor_profile` (`vendorId`) ON DELETE CASCADE ON UPDATE CASCADE,
  CONSTRAINT `vendor_experience_ibfk_2` FOREIGN KEY (`experianceId`) REFERENCES `experience` (`experianceId`) ON DELETE CASCADE ON UPDATE CASCADE
) ENGINE=InnoDB DEFAULT CHARSET=latin1;
/*!40101 SET character_set_client = @saved_cs_client */;

--
-- Dumping data for table `vendor_experience`
--

LOCK TABLES `vendor_experience` WRITE;
/*!40000 ALTER TABLE `vendor_experience` DISABLE KEYS */;
INSERT INTO `vendor_experience` VALUES ('84d5d525-cc64-4507-b427-f6146c28a93f','E00001'),('36108831-fe92-46a8-ad2a-a911ac255ec2','E00001');
/*!40000 ALTER TABLE `vendor_experience` ENABLE KEYS */;
UNLOCK TABLES;

--
-- Table structure for table `vendor_order`
--

DROP TABLE IF EXISTS `vendor_order`;
/*!40101 SET @saved_cs_client     = @@character_set_client */;
/*!40101 SET character_set_client = utf8 */;
CREATE TABLE `vendor_order` (
  `vendorId` varchar(40) DEFAULT NULL,
  `orderId` varchar(40) DEFAULT NULL,
  KEY `vendorId` (`vendorId`),
  KEY `orderId` (`orderId`),
  CONSTRAINT `vendor_order_ibfk_1` FOREIGN KEY (`vendorId`) REFERENCES `vendor_profile` (`vendorId`) ON DELETE CASCADE ON UPDATE CASCADE,
  CONSTRAINT `vendor_order_ibfk_2` FOREIGN KEY (`orderId`) REFERENCES `order_info` (`orderId`) ON DELETE CASCADE ON UPDATE CASCADE
) ENGINE=InnoDB DEFAULT CHARSET=latin1;
/*!40101 SET character_set_client = @saved_cs_client */;

--
-- Dumping data for table `vendor_order`
--

LOCK TABLES `vendor_order` WRITE;
/*!40000 ALTER TABLE `vendor_order` DISABLE KEYS */;
INSERT INTO `vendor_order` VALUES ('84d5d525-cc64-4507-b427-f6146c28a93f','ESDEVF3DL8'),('4ead8b09-e15a-46b8-b239-91464dcd4bf8','AJFQ7K0EYM'),('85fa68ee-e305-4f98-896b-b9f81b7f05f5','GALOSNZN29'),('c5e6a152-a036-49d6-976a-ad63d711c6a3','D1GEILXHXZ'),('84d5d525-cc64-4507-b427-f6146c28a93f','ESDEVF3DL8'),('85fa68ee-e305-4f98-896b-b9f81b7f05f5','GALOSNZN29'),('84d5d525-cc64-4507-b427-f6146c28a93f','ESDEVF3DL8'),('84d5d525-cc64-4507-b427-f6146c28a93f','ESDEVF3DL8'),('84d5d525-cc64-4507-b427-f6146c28a93f','ESDEVF3DL8'),('84d5d525-cc64-4507-b427-f6146c28a93f','ESDEVF3DL8'),('84d5d525-cc64-4507-b427-f6146c28a93f','ESDEVF3DL8'),('c5e6a152-a036-49d6-976a-ad63d711c6a3','D1GEILXHXZ'),('84d5d525-cc64-4507-b427-f6146c28a93f','ESDEVF3DL8'),('45935ade-9a2d-473d-ae33-fc9038ca0ae0','CEL8Y0639A'),('85fa68ee-e305-4f98-896b-b9f81b7f05f5','GALOSNZN29'),('84d5d525-cc64-4507-b427-f6146c28a93f','ESDEVF3DL8'),('c5e6a152-a036-49d6-976a-ad63d711c6a3','IKWVJFULWX'),('4ead8b09-e15a-46b8-b239-91464dcd4bf8','AJFQ7K0EYM'),('c5e6a152-a036-49d6-976a-ad63d711c6a3','Q7O28I3D0M'),('c5e6a152-a036-49d6-976a-ad63d711c6a3','Q7O28I3D0M'),('c5e6a152-a036-49d6-976a-ad63d711c6a3','Q7O28I3D0M'),('c5e6a152-a036-49d6-976a-ad63d711c6a3','Q7O28I3D0M'),('c5e6a152-a036-49d6-976a-ad63d711c6a3','Q7O28I3D0M'),('e78e4153-9364-4a8a-8406-fcd2ccc35233','8BDLIC90Y8'),('36108831-fe92-46a8-ad2a-a911ac255ec2','LERELTNTJC'),('36108831-fe92-46a8-ad2a-a911ac255ec2','LERELTNTJC'),('6b3afe90-cc10-4099-bd15-d25a87c683c1','7BPPI9BG6H'),('c5e6a152-a036-49d6-976a-ad63d711c6a3','4YLDDRWRGN'),('b7acb2b1-26c4-4d5e-9e91-8ddd56982867','RN4RRPOZIC'),('46480c3a-97a6-495f-9758-fd1f1ed6f7fd','PB92RB6M8F'),('46480c3a-97a6-495f-9758-fd1f1ed6f7fd','PB92RB6M8F'),('46480c3a-97a6-495f-9758-fd1f1ed6f7fd','PB92RB6M8F'),('46480c3a-97a6-495f-9758-fd1f1ed6f7fd','PB92RB6M8F'),('46480c3a-97a6-495f-9758-fd1f1ed6f7fd','PB92RB6M8F'),('84d5d525-cc64-4507-b427-f6146c28a93f','AHQAMSIGDL'),('84d5d525-cc64-4507-b427-f6146c28a93f','BB5XV2Y59A'),('84d5d525-cc64-4507-b427-f6146c28a93f','BH951FDWRV'),('84d5d525-cc64-4507-b427-f6146c28a93f','BH951FDWRV'),('84d5d525-cc64-4507-b427-f6146c28a93f','AHQAMSIGDL'),('84d5d525-cc64-4507-b427-f6146c28a93f','BB5XV2Y59A'),('84d5d525-cc64-4507-b427-f6146c28a93f','BH951FDWRV'),('84d5d525-cc64-4507-b427-f6146c28a93f','BB5XV2Y59A'),('84d5d525-cc64-4507-b427-f6146c28a93f','AHQAMSIGDL'),('c7c5924d-1020-4a0d-98d9-b54f9ef6e8b0','VMACP2Z9OQ'),('171aa186-7342-4263-9cdc-7f1be33fa9c1','IFOWTREAZ6'),('6b3afe90-cc10-4099-bd15-d25a87c683c1','4CGKGVYSJR'),('c5e6a152-a036-49d6-976a-ad63d711c6a3','QQYFHYXLZH'),('171aa186-7342-4263-9cdc-7f1be33fa9c1','IFOWTREAZ6'),('171aa186-7342-4263-9cdc-7f1be33fa9c1','VKSIVSJN6H'),('171aa186-7342-4263-9cdc-7f1be33fa9c1','11521LUKDS'),('ce232f82-e55a-4d78-87ae-8d43166b73af','D5KR6CWK6D'),('171aa186-7342-4263-9cdc-7f1be33fa9c1','11521LUKDS'),('171aa186-7342-4263-9cdc-7f1be33fa9c1','VKSIVSJN6H'),('35e36d04-0b84-4f62-bdeb-89e39c89d662','1JTCNE7O78'),('ce232f82-e55a-4d78-87ae-8d43166b73af','D5KR6CWK6D'),('c5e6a152-a036-49d6-976a-ad63d711c6a3','LPG9AQP38I'),('c5e6a152-a036-49d6-976a-ad63d711c6a3','LPG9AQP38I'),('ce232f82-e55a-4d78-87ae-8d43166b73af','D5KR6CWK6D'),('d739828b-47bc-40a1-8870-b89156d7ec82','U3C40PCGIA'),('171aa186-7342-4263-9cdc-7f1be33fa9c1','PE0NHT6ETU'),('171aa186-7342-4263-9cdc-7f1be33fa9c1','VKSIVSJN6H'),('171aa186-7342-4263-9cdc-7f1be33fa9c1','11521LUKDS'),('e78e4153-9364-4a8a-8406-fcd2ccc35233','PLTP7XYBQI'),('a9e68c3e-6b38-4036-a785-73edd4288faa','PE0NHT6ETU'),('a9e68c3e-6b38-4036-a785-73edd4288faa','PE0NHT6ETU'),('a9e68c3e-6b38-4036-a785-73edd4288faa','PE0NHT6ETU'),('e78e4153-9364-4a8a-8406-fcd2ccc35233','PLTP7XYBQI'),('ce232f82-e55a-4d78-87ae-8d43166b73af','YX3HGMZC50'),('ce232f82-e55a-4d78-87ae-8d43166b73af','YX3HGMZC50'),('b88666ef-4784-4b06-92bb-610735632888','8V6FZ6NWS6'),('e78e4153-9364-4a8a-8406-fcd2ccc35233','6I34U7D22W'),('171aa186-7342-4263-9cdc-7f1be33fa9c1','2Z2CEZUHTG'),('ce232f82-e55a-4d78-87ae-8d43166b73af','D5KR6CWK6D'),('171aa186-7342-4263-9cdc-7f1be33fa9c1','VKSIVSJN6H'),('171aa186-7342-4263-9cdc-7f1be33fa9c1','11521LUKDS'),('e78e4153-9364-4a8a-8406-fcd2ccc35233','6I34U7D22W'),('d739828b-47bc-40a1-8870-b89156d7ec82','U3C40PCGIA'),('ce232f82-e55a-4d78-87ae-8d43166b73af','YX3HGMZC50'),('171aa186-7342-4263-9cdc-7f1be33fa9c1','2Z2CEZUHTG'),('b88666ef-4784-4b06-92bb-610735632888','8V6FZ6NWS6'),('e78e4153-9364-4a8a-8406-fcd2ccc35233','6I34U7D22W'),('112e49dd-3311-46ed-8de8-eac277c4109d','CBI3750XAW'),('171aa186-7342-4263-9cdc-7f1be33fa9c1','QR0GPCWNHF'),('c5e6a152-a036-49d6-976a-ad63d711c6a3','M1E879XYK7'),('e78e4153-9364-4a8a-8406-fcd2ccc35233','6I34U7D22W'),('171aa186-7342-4263-9cdc-7f1be33fa9c1','6ETOQB62DU'),('e78e4153-9364-4a8a-8406-fcd2ccc35233','PLTP7XYBQI'),('46480c3a-97a6-495f-9758-fd1f1ed6f7fd','DQEW8UWLHO'),('171aa186-7342-4263-9cdc-7f1be33fa9c1','D3O99NMKOL'),('e78e4153-9364-4a8a-8406-fcd2ccc35233','G50K2H5JKE'),('e78e4153-9364-4a8a-8406-fcd2ccc35233','6I34U7D22W'),('e78e4153-9364-4a8a-8406-fcd2ccc35233','6I34U7D22W'),('171aa186-7342-4263-9cdc-7f1be33fa9c1','2Z2CEZUHTG'),('171aa186-7342-4263-9cdc-7f1be33fa9c1','QR0GPCWNHF'),('171aa186-7342-4263-9cdc-7f1be33fa9c1','QR0GPCWNHF'),('171aa186-7342-4263-9cdc-7f1be33fa9c1','6ETOQB62DU'),('171aa186-7342-4263-9cdc-7f1be33fa9c1','6ETOQB62DU'),('171aa186-7342-4263-9cdc-7f1be33fa9c1','D3O99NMKOL'),('5be0ef02-8470-49b5-89ec-c508ca85052d','UXEH2MRQCI'),('5be0ef02-8470-49b5-89ec-c508ca85052d','RJ4SIT6DK2'),('5be0ef02-8470-49b5-89ec-c508ca85052d','03MYHP0WZG'),('ce232f82-e55a-4d78-87ae-8d43166b73af','Q8CS0QBS1R'),('ce232f82-e55a-4d78-87ae-8d43166b73af','0CYPVHNOCW'),('ce232f82-e55a-4d78-87ae-8d43166b73af','JGL1060LYV'),('6b3afe90-cc10-4099-bd15-d25a87c683c1','LA7NOM3EK3'),('ce232f82-e55a-4d78-87ae-8d43166b73af','0CYPVHNOCW'),('46480c3a-97a6-495f-9758-fd1f1ed6f7fd','J412HJS55N'),('46480c3a-97a6-495f-9758-fd1f1ed6f7fd','KNZGR7BVX7'),('c7c5924d-1020-4a0d-98d9-b54f9ef6e8b0','LFNJ96KUL3'),('171aa186-7342-4263-9cdc-7f1be33fa9c1','4AE3YID3S5'),('ce232f82-e55a-4d78-87ae-8d43166b73af','0X8NS0NLP9'),('e78e4153-9364-4a8a-8406-fcd2ccc35233','8W46N8WL3M'),('b88666ef-4784-4b06-92bb-610735632888','Y4PINDT1Y1'),('d739828b-47bc-40a1-8870-b89156d7ec82','EANF1ODE03'),('e78e4153-9364-4a8a-8406-fcd2ccc35233','7QWJ2PZJTM'),('e78e4153-9364-4a8a-8406-fcd2ccc35233','7QWJ2PZJTM'),('46480c3a-97a6-495f-9758-fd1f1ed6f7fd','VIDKGSHSN6'),('5be0ef02-8470-49b5-89ec-c508ca85052d','5HEQP9L7A4'),('171aa186-7342-4263-9cdc-7f1be33fa9c1','PQ3UGQVEJE'),('5be0ef02-8470-49b5-89ec-c508ca85052d','5HEQP9L7A4'),('ce232f82-e55a-4d78-87ae-8d43166b73af','E6OYLV5SWX'),('ce232f82-e55a-4d78-87ae-8d43166b73af','FIJD0AW4S4'),('ce232f82-e55a-4d78-87ae-8d43166b73af','B9DWX5BSNG'),('ce232f82-e55a-4d78-87ae-8d43166b73af','IHNS1YS5DQ'),('d739828b-47bc-40a1-8870-b89156d7ec82','912WF8O4A2'),('d739828b-47bc-40a1-8870-b89156d7ec82','EANF1ODE03'),('d739828b-47bc-40a1-8870-b89156d7ec82','2HCX5OKT8R'),('d739828b-47bc-40a1-8870-b89156d7ec82','EANF1ODE03'),('d739828b-47bc-40a1-8870-b89156d7ec82','EANF1ODE03'),('85fa68ee-e305-4f98-896b-b9f81b7f05f5','KWESE9ALZF'),('85fa68ee-e305-4f98-896b-b9f81b7f05f5','KWESE9ALZF'),('b8f84ae0-1b38-4de1-9b18-387a1e9e8cf8','UZ4NNLGNWD'),('d739828b-47bc-40a1-8870-b89156d7ec82','2HCX5OKT8R'),('d739828b-47bc-40a1-8870-b89156d7ec82','2HCX5OKT8R'),('d739828b-47bc-40a1-8870-b89156d7ec82','2HCX5OKT8R'),('d739828b-47bc-40a1-8870-b89156d7ec82','2HCX5OKT8R'),('46480c3a-97a6-495f-9758-fd1f1ed6f7fd','J412HJS55N'),('d739828b-47bc-40a1-8870-b89156d7ec82','2HCX5OKT8R'),('ce232f82-e55a-4d78-87ae-8d43166b73af','T56WGDOPRE'),('d739828b-47bc-40a1-8870-b89156d7ec82','B3PK2UESN8'),('171aa186-7342-4263-9cdc-7f1be33fa9c1','KNQHH90NWD'),('d739828b-47bc-40a1-8870-b89156d7ec82','SUMA7BOHJY'),('ce232f82-e55a-4d78-87ae-8d43166b73af','IHNS1YS5DQ'),('d739828b-47bc-40a1-8870-b89156d7ec82','SHOBLLY3XV'),('d739828b-47bc-40a1-8870-b89156d7ec82','MWUPHUIWGZ'),('c5e6a152-a036-49d6-976a-ad63d711c6a3','68HSLEODQR'),('5be0ef02-8470-49b5-89ec-c508ca85052d','P177TIL9ZZ'),('e78e4153-9364-4a8a-8406-fcd2ccc35233','0V7QWRDFN0'),('ce232f82-e55a-4d78-87ae-8d43166b73af','LABSM08GD7'),('d739828b-47bc-40a1-8870-b89156d7ec82','O9A1L5UNVO'),('c5e6a152-a036-49d6-976a-ad63d711c6a3','IBBTZMJ9EI'),('d739828b-47bc-40a1-8870-b89156d7ec82','1NEPYAWYMY'),('ce232f82-e55a-4d78-87ae-8d43166b73af','Y3W8TJP3XZ'),('e78e4153-9364-4a8a-8406-fcd2ccc35233','UZ4NNLGNWD'),('46480c3a-97a6-495f-9758-fd1f1ed6f7fd','HKKU6A5ZQF'),('b8f84ae0-1b38-4de1-9b18-387a1e9e8cf8','HQDBQ5GZ94'),('5be0ef02-8470-49b5-89ec-c508ca85052d','P177TIL9ZZ'),('171aa186-7342-4263-9cdc-7f1be33fa9c1','Z2JXHSQ2BC'),('b7acb2b1-26c4-4d5e-9e91-8ddd56982867','DDY685ZQYM'),('e78e4153-9364-4a8a-8406-fcd2ccc35233','B8VHVUR6OI'),('d739828b-47bc-40a1-8870-b89156d7ec82','VX5ZVGW69F'),('d739828b-47bc-40a1-8870-b89156d7ec82','OFCOBCVC1O'),('6b3afe90-cc10-4099-bd15-d25a87c683c1','I55OD8S42T'),('d739828b-47bc-40a1-8870-b89156d7ec82','DOPH9G089G'),('e78e4153-9364-4a8a-8406-fcd2ccc35233','00FWY3F7HA'),('ce232f82-e55a-4d78-87ae-8d43166b73af','7D20R0LBKJ'),('d739828b-47bc-40a1-8870-b89156d7ec82','T5FT67FGRF'),('d739828b-47bc-40a1-8870-b89156d7ec82','DF0GVTMIZ5'),('d739828b-47bc-40a1-8870-b89156d7ec82','2RRLHWL6C4'),('d739828b-47bc-40a1-8870-b89156d7ec82','15Z1D5JSYV'),('84d5d525-cc64-4507-b427-f6146c28a93f','AX8VL9V83G'),('5be0ef02-8470-49b5-89ec-c508ca85052d','WMPZD8J97Y'),('0ed2cb4a-19ba-40aa-8857-288e94b06051','5JML1GERMJ'),('d739828b-47bc-40a1-8870-b89156d7ec82','OG5G8O25LH'),('e78e4153-9364-4a8a-8406-fcd2ccc35233','8E9UYAFAHG'),('ce232f82-e55a-4d78-87ae-8d43166b73af','ZS5B27NUBJ'),('ce232f82-e55a-4d78-87ae-8d43166b73af','7EWVK3JLB1'),('b8f84ae0-1b38-4de1-9b18-387a1e9e8cf8','Q0N7WYOQWG'),('d739828b-47bc-40a1-8870-b89156d7ec82','YQ5GSUFZ48'),('d739828b-47bc-40a1-8870-b89156d7ec82','W4QI0OJGT2'),('d739828b-47bc-40a1-8870-b89156d7ec82','J349CRRQOV'),('0ed2cb4a-19ba-40aa-8857-288e94b06051','6L2MM99LK8'),('0ed2cb4a-19ba-40aa-8857-288e94b06051','YM1APKNQSX'),('0ed2cb4a-19ba-40aa-8857-288e94b06051','76G5Y9WM0T'),('171aa186-7342-4263-9cdc-7f1be33fa9c1','9D4EJRHBVD'),('d739828b-47bc-40a1-8870-b89156d7ec82','7N1K8AOHGV'),('62972477-43ef-468e-91e9-3c8c825b44f2','IZ4JCMERFR'),('d739828b-47bc-40a1-8870-b89156d7ec82','831L5TZLF2'),('d739828b-47bc-40a1-8870-b89156d7ec82','JWKO27KF0J'),('0ed2cb4a-19ba-40aa-8857-288e94b06051','NMH785V8CU'),('0ed2cb4a-19ba-40aa-8857-288e94b06051','L49JDUFEAO'),('0ed2cb4a-19ba-40aa-8857-288e94b06051','X3V7YET31A'),('0ed2cb4a-19ba-40aa-8857-288e94b06051','7B1UDYPNIB'),('0ed2cb4a-19ba-40aa-8857-288e94b06051','3VAH0R8DUD'),('0ed2cb4a-19ba-40aa-8857-288e94b06051','FIPZ3VOM9C'),('0ed2cb4a-19ba-40aa-8857-288e94b06051','5JML1GERMJ'),('0ed2cb4a-19ba-40aa-8857-288e94b06051','DVQV9STNC0'),('62972477-43ef-468e-91e9-3c8c825b44f2','GEKU5FZBC9'),('62972477-43ef-468e-91e9-3c8c825b44f2','OHXT4LKGNC'),('62972477-43ef-468e-91e9-3c8c825b44f2','IZKRI6PMQA'),('62972477-43ef-468e-91e9-3c8c825b44f2','77UOR1K5NS'),('62972477-43ef-468e-91e9-3c8c825b44f2','LJG8OJ95V5'),('ce232f82-e55a-4d78-87ae-8d43166b73af','18KRNAS8VI'),('e78e4153-9364-4a8a-8406-fcd2ccc35233','I1TWR4BVLR'),('171aa186-7342-4263-9cdc-7f1be33fa9c1','BFYY8RFMUN'),('62972477-43ef-468e-91e9-3c8c825b44f2','IHNEIHOQ1A'),('171aa186-7342-4263-9cdc-7f1be33fa9c1','EYLPC0VS9X'),('0ed2cb4a-19ba-40aa-8857-288e94b06051','IP15GQ7IKJ'),('62972477-43ef-468e-91e9-3c8c825b44f2','LMTUCGZ893'),('0ed2cb4a-19ba-40aa-8857-288e94b06051','4BYQNSUUA5'),('ce232f82-e55a-4d78-87ae-8d43166b73af','BJWDBSDLUS'),('84d5d525-cc64-4507-b427-f6146c28a93f','QUYMWMT76H'),('ac25517e-47ac-4b59-91c0-b19e7f7b49c3','QUYMWMT76H'),('0ed2cb4a-19ba-40aa-8857-288e94b06051','IP15GQ7IKJ'),('5be0ef02-8470-49b5-89ec-c508ca85052d','D9CECE2JX5'),('62972477-43ef-468e-91e9-3c8c825b44f2','R6HO2O2V8D'),('62972477-43ef-468e-91e9-3c8c825b44f2','P1R0B3ODWS'),('e78e4153-9364-4a8a-8406-fcd2ccc35233','I1TWR4BVLR'),('d739828b-47bc-40a1-8870-b89156d7ec82','D3BHPTYS0W'),('d739828b-47bc-40a1-8870-b89156d7ec82','D3BHPTYS0W'),('e78e4153-9364-4a8a-8406-fcd2ccc35233','4MOPKRLDI9'),('ac25517e-47ac-4b59-91c0-b19e7f7b49c3','GPP59GDWSC'),('ac25517e-47ac-4b59-91c0-b19e7f7b49c3','D5F7JL6U4H'),('b8f84ae0-1b38-4de1-9b18-387a1e9e8cf8','RRX3JYIGQE'),('0ed2cb4a-19ba-40aa-8857-288e94b06051','5HV34X0RZ6'),('0ed2cb4a-19ba-40aa-8857-288e94b06051','8Y4NNOPNUO'),('b8f84ae0-1b38-4de1-9b18-387a1e9e8cf8','RRX3JYIGQE'),('ac25517e-47ac-4b59-91c0-b19e7f7b49c3','XXO0P2R68R'),('ac25517e-47ac-4b59-91c0-b19e7f7b49c3','3NP8NRYL5P'),('ac25517e-47ac-4b59-91c0-b19e7f7b49c3','PP2USD4FQY'),('ac25517e-47ac-4b59-91c0-b19e7f7b49c3','NDRJDMMMLY'),('ac25517e-47ac-4b59-91c0-b19e7f7b49c3','NDRJDMMMLY'),('ac25517e-47ac-4b59-91c0-b19e7f7b49c3','760065HUNC'),('0e44acad-4f8d-4ddc-8f17-5040c68a7491','4IPG2XEWYW'),('ac25517e-47ac-4b59-91c0-b19e7f7b49c3','3NP8NRYL5P'),('ac25517e-47ac-4b59-91c0-b19e7f7b49c3','PP2USD4FQY'),('ac25517e-47ac-4b59-91c0-b19e7f7b49c3','NDRJDMMMLY'),('ac25517e-47ac-4b59-91c0-b19e7f7b49c3','760065HUNC'),('d739828b-47bc-40a1-8870-b89156d7ec82','GEKU5FZBC9'),('0ed2cb4a-19ba-40aa-8857-288e94b06051','RW4CVRB4LJ'),('171aa186-7342-4263-9cdc-7f1be33fa9c1','DQ0JQO5SI2'),('d739828b-47bc-40a1-8870-b89156d7ec82','CFLYU8R96V'),('d739828b-47bc-40a1-8870-b89156d7ec82','CFLYU8R96V'),('d739828b-47bc-40a1-8870-b89156d7ec82','CFLYU8R96V'),('85fa68ee-e305-4f98-896b-b9f81b7f05f5','QOMBKD7ATT'),('171aa186-7342-4263-9cdc-7f1be33fa9c1','DQ0JQO5SI2'),('5be0ef02-8470-49b5-89ec-c508ca85052d','D9CECE2JX5'),('e78e4153-9364-4a8a-8406-fcd2ccc35233','I1TWR4BVLR'),('0e44acad-4f8d-4ddc-8f17-5040c68a7491','4IPG2XEWYW'),('0ed2cb4a-19ba-40aa-8857-288e94b06051','8Y4NNOPNUO'),('0ed2cb4a-19ba-40aa-8857-288e94b06051','8Y4NNOPNUO'),('ac25517e-47ac-4b59-91c0-b19e7f7b49c3','D5F7JL6U4H'),('ac25517e-47ac-4b59-91c0-b19e7f7b49c3','XXO0P2R68R'),('ac25517e-47ac-4b59-91c0-b19e7f7b49c3','3NP8NRYL5P'),('ac25517e-47ac-4b59-91c0-b19e7f7b49c3','PP2USD4FQY'),('ac25517e-47ac-4b59-91c0-b19e7f7b49c3','760065HUNC'),('0ed2cb4a-19ba-40aa-8857-288e94b06051','5HV34X0RZ6'),('9220f880-9ec3-487f-b3e8-da3fb2efd328','831L5TZLF2'),('9220f880-9ec3-487f-b3e8-da3fb2efd328','831L5TZLF2'),('9220f880-9ec3-487f-b3e8-da3fb2efd328','831L5TZLF2'),('9220f880-9ec3-487f-b3e8-da3fb2efd328','831L5TZLF2'),('9220f880-9ec3-487f-b3e8-da3fb2efd328','831L5TZLF2'),('9220f880-9ec3-487f-b3e8-da3fb2efd328','831L5TZLF2'),('9220f880-9ec3-487f-b3e8-da3fb2efd328','831L5TZLF2'),('62972477-43ef-468e-91e9-3c8c825b44f2','831L5TZLF2'),('62972477-43ef-468e-91e9-3c8c825b44f2','831L5TZLF2'),('62972477-43ef-468e-91e9-3c8c825b44f2','831L5TZLF2'),('5be0ef02-8470-49b5-89ec-c508ca85052d','D9CECE2JX5'),('ce232f82-e55a-4d78-87ae-8d43166b73af','7D20R0LBKJ'),('9220f880-9ec3-487f-b3e8-da3fb2efd328','7G6EI8WF3X'),('9220f880-9ec3-487f-b3e8-da3fb2efd328','3N4M45YBQ5'),('e78e4153-9364-4a8a-8406-fcd2ccc35233','NWWOHQUE6I'),('0ed2cb4a-19ba-40aa-8857-288e94b06051','8Y4NNOPNUO'),('0ed2cb4a-19ba-40aa-8857-288e94b06051','GN3262LKCA'),('5be0ef02-8470-49b5-89ec-c508ca85052d','D9CECE2JX5'),('0ed2cb4a-19ba-40aa-8857-288e94b06051','GN3262LKCA'),('0ed2cb4a-19ba-40aa-8857-288e94b06051','OZ7E0M1GPM'),('112e49dd-3311-46ed-8de8-eac277c4109d','LERELTNTJC'),('0ed2cb4a-19ba-40aa-8857-288e94b06051','OZ7E0M1GPM'),('0ed2cb4a-19ba-40aa-8857-288e94b06051','OZ7E0M1GPM'),('b7acb2b1-26c4-4d5e-9e91-8ddd56982867','9QNXSRWCL5'),('d739828b-47bc-40a1-8870-b89156d7ec82','2RRLHWL6C4'),('d739828b-47bc-40a1-8870-b89156d7ec82','T5FT67FGRF'),('0ed2cb4a-19ba-40aa-8857-288e94b06051','OZ7E0M1GPM'),('171aa186-7342-4263-9cdc-7f1be33fa9c1','NX2NR0W573'),('ce232f82-e55a-4d78-87ae-8d43166b73af','ZT5W9UT10W'),('5be0ef02-8470-49b5-89ec-c508ca85052d','2GFWOT7X06'),('e78e4153-9364-4a8a-8406-fcd2ccc35233','B8VHVUR6OI'),('e78e4153-9364-4a8a-8406-fcd2ccc35233','00FWY3F7HA'),('ce232f82-e55a-4d78-87ae-8d43166b73af','ZT5W9UT10W'),('d739828b-47bc-40a1-8870-b89156d7ec82','Y438CVZ3S7'),('ce232f82-e55a-4d78-87ae-8d43166b73af','ZT5W9UT10W'),('171aa186-7342-4263-9cdc-7f1be33fa9c1','BQCPSXRJKW'),('171aa186-7342-4263-9cdc-7f1be33fa9c1','TCGPT54I0U'),('171aa186-7342-4263-9cdc-7f1be33fa9c1','XDT8WZ9G0R'),('171aa186-7342-4263-9cdc-7f1be33fa9c1','VOH5AN8CXX'),('d739828b-47bc-40a1-8870-b89156d7ec82','2HCX5OKT8R'),('d739828b-47bc-40a1-8870-b89156d7ec82','SHOBLLY3XV'),('d739828b-47bc-40a1-8870-b89156d7ec82','B3PK2UESN8'),('d739828b-47bc-40a1-8870-b89156d7ec82','1NEPYAWYMY'),('d739828b-47bc-40a1-8870-b89156d7ec82','YQ5GSUFZ48'),('d739828b-47bc-40a1-8870-b89156d7ec82','J349CRRQOV'),('d739828b-47bc-40a1-8870-b89156d7ec82','QKNT5F916X'),('6b3afe90-cc10-4099-bd15-d25a87c683c1','N392I4GUTT'),('171aa186-7342-4263-9cdc-7f1be33fa9c1','BKANAB4ZKH'),('e78e4153-9364-4a8a-8406-fcd2ccc35233','6XM37DEYD7'),('d739828b-47bc-40a1-8870-b89156d7ec82','V3W5MFC3P3'),('d739828b-47bc-40a1-8870-b89156d7ec82','V3W5MFC3P3'),('d739828b-47bc-40a1-8870-b89156d7ec82','V3W5MFC3P3'),('d739828b-47bc-40a1-8870-b89156d7ec82','V3W5MFC3P3'),('62972477-43ef-468e-91e9-3c8c825b44f2','1D6I2AUMBK'),('ce232f82-e55a-4d78-87ae-8d43166b73af','V2WLNNF0C9'),('d739828b-47bc-40a1-8870-b89156d7ec82','VX5ZVGW69F'),('0ed2cb4a-19ba-40aa-8857-288e94b06051','X3V7YET31A'),('0ed2cb4a-19ba-40aa-8857-288e94b06051','ORS2Q2IC9C'),('0ed2cb4a-19ba-40aa-8857-288e94b06051','ORNW1PSR0C'),('0ed2cb4a-19ba-40aa-8857-288e94b06051','7B1UDYPNIB'),('0ed2cb4a-19ba-40aa-8857-288e94b06051','3VAH0R8DUD'),('0ed2cb4a-19ba-40aa-8857-288e94b06051','Q7E4JFFLQV'),('0ed2cb4a-19ba-40aa-8857-288e94b06051','FH6TR3WCA2'),('0ed2cb4a-19ba-40aa-8857-288e94b06051','PCU9RG39S2'),('d739828b-47bc-40a1-8870-b89156d7ec82','PGEFOEHWIU'),('0ed2cb4a-19ba-40aa-8857-288e94b06051','YM1APKNQSX'),('0ed2cb4a-19ba-40aa-8857-288e94b06051','OUBY40UVYD'),('0ed2cb4a-19ba-40aa-8857-288e94b06051','DVQV9STNC0'),('0ed2cb4a-19ba-40aa-8857-288e94b06051','ZBJ5ZQH91Z'),('0ed2cb4a-19ba-40aa-8857-288e94b06051','FIPZ3VOM9C'),('0ed2cb4a-19ba-40aa-8857-288e94b06051','5JML1GERMJ'),('0ed2cb4a-19ba-40aa-8857-288e94b06051','AUV97HUUFM'),('0ed2cb4a-19ba-40aa-8857-288e94b06051','6L2MM99LK8'),('0ed2cb4a-19ba-40aa-8857-288e94b06051','JFOXK3VP4G'),('0ed2cb4a-19ba-40aa-8857-288e94b06051','L49JDUFEAO'),('0ed2cb4a-19ba-40aa-8857-288e94b06051','Y4PINDT1Y1'),('0ed2cb4a-19ba-40aa-8857-288e94b06051','393G58PMAY'),('0ed2cb4a-19ba-40aa-8857-288e94b06051','ZOB2YWHL4W'),('0ed2cb4a-19ba-40aa-8857-288e94b06051','ZM2QB50JP9'),('c5e6a152-a036-49d6-976a-ad63d711c6a3','68HSLEODQR'),('c5e6a152-a036-49d6-976a-ad63d711c6a3','68HSLEODQR'),('0ed2cb4a-19ba-40aa-8857-288e94b06051','Q4XFEECQMK'),('0ed2cb4a-19ba-40aa-8857-288e94b06051','8UBJXIR0MV'),('0ed2cb4a-19ba-40aa-8857-288e94b06051','NYQ2TRFSD5'),('0ed2cb4a-19ba-40aa-8857-288e94b06051','A6O73XT1OI'),('0ed2cb4a-19ba-40aa-8857-288e94b06051','PCGEWGF9CM'),('0ed2cb4a-19ba-40aa-8857-288e94b06051','DPB2I780GI'),('0ed2cb4a-19ba-40aa-8857-288e94b06051','3C7WPENLAC'),('0ed2cb4a-19ba-40aa-8857-288e94b06051','F5FSEZP03G'),('0ed2cb4a-19ba-40aa-8857-288e94b06051','G3C0MOSH5D'),('d739828b-47bc-40a1-8870-b89156d7ec82','VX5ZVGW69F'),('d739828b-47bc-40a1-8870-b89156d7ec82','VX5ZVGW69F'),('d739828b-47bc-40a1-8870-b89156d7ec82','ANF6SUSNB1'),('85fa68ee-e305-4f98-896b-b9f81b7f05f5','2IEZR7GLOD'),('ce232f82-e55a-4d78-87ae-8d43166b73af','V2WLNNF0C9'),('ce232f82-e55a-4d78-87ae-8d43166b73af','0X8NS0NLP9'),('d739828b-47bc-40a1-8870-b89156d7ec82','UD7ZHXBPTY'),('d739828b-47bc-40a1-8870-b89156d7ec82','XSNIWK9P4V'),('d739828b-47bc-40a1-8870-b89156d7ec82','V3W5MFC3P3'),('85fa68ee-e305-4f98-896b-b9f81b7f05f5','QOMBKD7ATT'),('85fa68ee-e305-4f98-896b-b9f81b7f05f5','1KTJN02O57'),('e78e4153-9364-4a8a-8406-fcd2ccc35233','PNP52U70JM'),('e78e4153-9364-4a8a-8406-fcd2ccc35233','PNP52U70JM'),('d739828b-47bc-40a1-8870-b89156d7ec82','QRAKGQMJHC'),('d739828b-47bc-40a1-8870-b89156d7ec82','BZBSVOWAMR'),('171aa186-7342-4263-9cdc-7f1be33fa9c1','3UFUDIAMKY'),('85fa68ee-e305-4f98-896b-b9f81b7f05f5','2IEZR7GLOD'),('d739828b-47bc-40a1-8870-b89156d7ec82','XSNIWK9P4V'),('171aa186-7342-4263-9cdc-7f1be33fa9c1','RQ5FJXJ2K7'),('81998f24-b2d2-443e-90ea-c16d5ad7422b','Q1KED3S3RJ'),('9220f880-9ec3-487f-b3e8-da3fb2efd328','IC0OJ7ZN63'),('9220f880-9ec3-487f-b3e8-da3fb2efd328','IC0OJ7ZN63'),('2f9a73e6-5a7d-4ba8-80d0-ab35ad4e79ff','ZNVRU10OHL'),('2f9a73e6-5a7d-4ba8-80d0-ab35ad4e79ff','ZNVRU10OHL'),('d739828b-47bc-40a1-8870-b89156d7ec82','QRAKGQMJHC'),('d739828b-47bc-40a1-8870-b89156d7ec82','BZBSVOWAMR'),('d739828b-47bc-40a1-8870-b89156d7ec82','UD7ZHXBPTY'),('171aa186-7342-4263-9cdc-7f1be33fa9c1','MTFABP2DJ5'),('4061c2b5-0cdf-453a-9786-c387d2e0cebf','HW0ROY9S7A'),('9220f880-9ec3-487f-b3e8-da3fb2efd328','GPX3VT5NRY'),('85fa68ee-e305-4f98-896b-b9f81b7f05f5','QW4UHZVN0P'),('62972477-43ef-468e-91e9-3c8c825b44f2','SVP7VISQ37'),('ce232f82-e55a-4d78-87ae-8d43166b73af','Y30IXCWGLQ');
/*!40000 ALTER TABLE `vendor_order` ENABLE KEYS */;
UNLOCK TABLES;

--
-- Table structure for table `vendor_packages`
--

DROP TABLE IF EXISTS `vendor_packages`;
/*!40101 SET @saved_cs_client     = @@character_set_client */;
/*!40101 SET character_set_client = utf8 */;
CREATE TABLE `vendor_packages` (
  `vendorId` varchar(50) DEFAULT NULL,
  `packageId` varchar(50) DEFAULT NULL,
  KEY `vendorId` (`vendorId`),
  KEY `packageId` (`packageId`),
  CONSTRAINT `vendor_packages_ibfk_1` FOREIGN KEY (`vendorId`) REFERENCES `vendor_profile` (`vendorId`) ON DELETE CASCADE ON UPDATE CASCADE,
  CONSTRAINT `vendor_packages_ibfk_2` FOREIGN KEY (`packageId`) REFERENCES `pathology_packages` (`packageId`) ON DELETE CASCADE ON UPDATE CASCADE
) ENGINE=InnoDB DEFAULT CHARSET=latin1;
/*!40101 SET character_set_client = @saved_cs_client */;

--
-- Dumping data for table `vendor_packages`
--

LOCK TABLES `vendor_packages` WRITE;
/*!40000 ALTER TABLE `vendor_packages` DISABLE KEYS */;
INSERT INTO `vendor_packages` VALUES ('36108831-fe92-46a8-ad2a-a911ac255ec2','d2674eb2-40bb-4e49-8ce4-56ed90e7bebb'),('36108831-fe92-46a8-ad2a-a911ac255ec2','79145014-b332-4ded-bddb-98069d65e24d'),('36108831-fe92-46a8-ad2a-a911ac255ec2','84c0c9cb-5f80-41e6-9f56-6de9cdde165e'),('36108831-fe92-46a8-ad2a-a911ac255ec2','9002afd8-3d17-4168-b798-7fd88b22f0d3'),('36108831-fe92-46a8-ad2a-a911ac255ec2','b7a0cd48-3d83-425d-a1c4-a0a4f15c9c52'),('36108831-fe92-46a8-ad2a-a911ac255ec2','9340a057-f63d-4830-80d3-8c393bba8111'),('36108831-fe92-46a8-ad2a-a911ac255ec2','1779d231-c9c1-4de4-ad23-f5cc74f2004c'),('36108831-fe92-46a8-ad2a-a911ac255ec2','3bd5c351-512b-4af6-850e-dc9548a1d3da'),('36108831-fe92-46a8-ad2a-a911ac255ec2','7ac822bb-38b7-45f8-a9a6-8ccc84469d22'),('84d5d525-cc64-4507-b427-f6146c28a93f','418e2d47-fb15-415a-991e-6bb6633e6448'),('84d5d525-cc64-4507-b427-f6146c28a93f','f13f37d6-9ae6-49e1-a574-767694d79858'),('84d5d525-cc64-4507-b427-f6146c28a93f','1802fec0-d2e0-4d35-9be7-960822ab9fb3'),('84d5d525-cc64-4507-b427-f6146c28a93f','953ab14d-7843-42e3-ac86-bd103e0200a0'),('84d5d525-cc64-4507-b427-f6146c28a93f','5c2841ad-e8e1-4d03-b67c-1104fb8fcebc'),('84d5d525-cc64-4507-b427-f6146c28a93f','81b8d8da-ca03-4fc2-b529-da0f36e54687'),('84d5d525-cc64-4507-b427-f6146c28a93f','59e75617-44d3-47d6-be0f-3db1978d8698'),('84d5d525-cc64-4507-b427-f6146c28a93f','3d195720-1770-4b0a-8df2-7485c8b7e959');
/*!40000 ALTER TABLE `vendor_packages` ENABLE KEYS */;
UNLOCK TABLES;

--
-- Table structure for table `vendor_profile`
--

DROP TABLE IF EXISTS `vendor_profile`;
/*!40101 SET @saved_cs_client     = @@character_set_client */;
/*!40101 SET character_set_client = utf8 */;
CREATE TABLE `vendor_profile` (
  `vendorId` varchar(40) NOT NULL DEFAULT '',
  `firstName` varchar(30) DEFAULT NULL,
  `middleName` varchar(30) DEFAULT NULL,
  `lastName` varchar(30) DEFAULT NULL,
  `organization` varchar(30) DEFAULT NULL,
  `address1` varchar(250) DEFAULT NULL,
  `address2` varchar(250) DEFAULT NULL,
  `city` varchar(30) DEFAULT NULL,
  `pin` varchar(6) DEFAULT NULL,
  `state` varchar(30) DEFAULT NULL,
  `vatno` varchar(15) DEFAULT NULL,
  `cstno` varchar(15) DEFAULT NULL,
  `panno` varchar(25) DEFAULT NULL,
  `mobileNo` varchar(13) DEFAULT NULL,
  `email` varchar(30) DEFAULT NULL,
  `website` varchar(60) DEFAULT NULL,
  `imageOrVedio` varchar(50) DEFAULT NULL,
  `nativeState` varchar(30) DEFAULT NULL,
  `profileDesc` varchar(50) DEFAULT NULL,
  `expiryDate` datetime DEFAULT NULL,
  `password` varchar(30) DEFAULT NULL,
  PRIMARY KEY (`vendorId`)
) ENGINE=InnoDB DEFAULT CHARSET=latin1;
/*!40101 SET character_set_client = @saved_cs_client */;

--
-- Dumping data for table `vendor_profile`
--

LOCK TABLES `vendor_profile` WRITE;
/*!40000 ALTER TABLE `vendor_profile` DISABLE KEYS */;
INSERT INTO `vendor_profile` VALUES ('0e44acad-4f8d-4ddc-8f17-5040c68a7491','chenakeshav','','pathology','thyrocare','No.825, 11th Cross,35th MainJ.P.Nagar 1st Phase, Jp Nagar, Bangalore - 560078,','','bangalore','560078','9','','','','9902690555','','',NULL,'','','2017-07-19 00:00:00',NULL),('0ed2cb4a-19ba-40aa-8857-288e94b06051','Dhanajeyan','','jayavel','spectrum physio private Ltd','p-103,9th main,sector 12,LIC colony','Jeevan Bhima Nagar','bangalore','560075','9','','','','9845275324','dhanajeyan@spectrumphysio.info','',NULL,'9','','2017-06-22 00:00:00',NULL),('112e49dd-3311-46ed-8de8-eac277c4109d','Dr Narayana','','Prasad','Healthnest','1132,23rd Main Road, 24th Cross Road, HSR Layout Sector2, Bengaluru, Karnataka - 560102','','Bangalore','560102','9','','','','9980031003','drprasad_sunku@yahoo.co.in','',NULL,'','','2017-05-07 00:00:00',NULL),('171aa186-7342-4263-9cdc-7f1be33fa9c1','Lakshman','','Ram','Individual ','#02,ck krishnappa buliding,kothnur main road,sonchigatta,jp nagar 8 phase, bangalore-62','','Bangalore','560062','9','','','','9964041659','','',NULL,'19','','2017-05-08 00:00:00',NULL),('23b3d566-9e10-417d-8938-2fe63bd4db0b','Divyanadan','','D','A R Engineering','68/1, 3rd Main, 10th Cross, Bommanahalli Industrial Area, Bangalore','','Bangalore','560068','9','','','','9663046537','','',NULL,'9','','2017-07-28 00:00:00',NULL),('26e42491-fbc2-4bb0-8199-5c7007a39904','Mahesh','','L','SMR Pest Control','284/1, 1st stage, Madhura Nagar, Varthur, Bangalore','','Bangalore','560087','9','','','','9036474054','','',NULL,'9','','2017-07-21 00:00:00',NULL),('2f9a73e6-5a7d-4ba8-80d0-ab35ad4e79ff','Swami','','G M N','Sumukha nursing Services','no 477,1st floor,45 cross ,jayanagar','8th block','bangalore','560082','9','','','','9880024265','','',NULL,'9','','2017-07-31 00:00:00',NULL),('35e36d04-0b84-4f62-bdeb-89e39c89d662','K','','Subramanyam','S.B.PEST CONTROL (HERBAL TREAT','S/O- H.V.krishna Murthy, # 41/2, 10th cross, Sadashiva Temple Street, Ramaswamy Palya, bangalore north,Murthi sevanagar.bangalore 560033','','Bangalore','560033','9','','','','7411700661\r\n','','',NULL,'9','','2017-05-08 00:00:00',NULL),('36108831-fe92-46a8-ad2a-a911ac255ec2','HealthNest','','','Healthnest','1132,23rd Main Road, 24th Cross Road, HSR Layout Sector2, Bengaluru, Karnataka - 560102','','Bangalore','521120','9','44444','3333','2222222','9844610979','','',NULL,'','','2015-07-23 00:00:00',NULL),('4061c2b5-0cdf-453a-9786-c387d2e0cebf','Jack on','','Block','Jack on Block','No 9, 1 main, 1st cross ,Lic colony','Jayanagar 3rd block ','bangalore','560011','9','','','','9538812399','','',NULL,'9','','2017-07-31 00:00:00',NULL),('425bab24-23c9-4e7b-821d-b00db80f236c','Rajendra','','N','GRS pest control','GRS pest control near govt college,varthur main road,Banglore-560087','','Banglore','560087','9','','','','7204973335','','',NULL,'','','2017-07-21 00:00:00',NULL),('45935ade-9a2d-473d-ae33-fc9038ca0ae0','Dr. Ashaf','','Ali','Curolive','kristal tavran, bellandur main road bangalore-560103','','Bangalore','560103','9','','','','9620842788\r\n','','',NULL,'','','2017-05-08 00:00:00',NULL),('46480c3a-97a6-495f-9758-fd1f1ed6f7fd','Azam','','Pasha','Individual ','26, RAJEEV GANDHINAGAR, BOMMANAHALLI,BANGALORE BBMP - 560068','','Bangalore','560068','9','','','CKKPP7732C','9845992378\r\n','','',NULL,'9','Jaquar certified\r\n','2017-05-07 00:00:00',NULL),('522c9ba5-b1d6-4002-a2ec-61053d573f54','Lokesh ','','Kumar','Ashirwad Plumbing Works','24, 2nd Cross, NGOs colony, Vrushabavatinagar, Bang','','Bangalore','560079','9','','','','8892755348','','',NULL,'9','','2017-07-25 00:00:00',NULL),('5bd00fcd-683d-44d1-b95a-c44cfaeac0fd','Bala','','krishna','Indivdual','#10,7th cross, pipeline,bahubalinagar,jalahalli','','bangalore','560013','9','','','','9035025851','','',NULL,'9','','2017-06-22 00:00:00',NULL),('5be0ef02-8470-49b5-89ec-c508ca85052d','Mohommed ','','Waseem ','Individual ','#15,salam manzeel, 6th cross jaynagar, 1st block, Someshwaranagar, Bangalore South, Jayanagar 3rd block, Bangalore - 560011','','Bangalore','560011','9','','','','8050783022\r\n','','',NULL,'9','','2017-05-27 00:00:00',NULL),('62972477-43ef-468e-91e9-3c8c825b44f2','David','','Lukeraj','Individual ','#32/68, Railway Paral road sanjeevappa colony mathikere, Bangalore  560054','','Bangalore','560054','9','','','','9573536342','8150016198','',NULL,'','','2017-06-04 00:00:00',NULL),('6b3afe90-cc10-4099-bd15-d25a87c683c1','Syed','','Shahabuddin','HKBN fabrication works','#131Government urdu School Madeenanagar,Mangammanaplya Bangalore south, Bommanahalli Bangalore 560068','','Bangalore','560068','9','','','EYCPS5941G','9901352416\r\n','9845992378','',NULL,'9','','2017-05-07 00:00:00',NULL),('81998f24-b2d2-443e-90ea-c16d5ad7422b','Syed Anzer ','','Hussain ','Individual ','#229, Hommadevanahalli, Gottegere,Bangalore South Taluk, 560083','','Bangalore','560083','9','','','','9916140077\r\n','syed anzer789@gmail.com','',NULL,'9','','2017-06-03 00:00:00',NULL),('84d5d525-cc64-4507-b427-f6146c28a93f','Thyrocare','','','','#75/2b,1st floor,link road, bellandur,bangalore-560103','','Bangalore','521120','9','44444','3333','2222222','9980031003','','',NULL,'1','','2015-11-19 00:00:00',NULL),('85fa68ee-e305-4f98-896b-b9f81b7f05f5','Selva','','Dorai','Jannani Enterprises','#34, LR Nagar Kormangla bangalore-560047','','Bangalore','560047','9','','','','9902065691\r\n','','',NULL,'','','2017-05-07 00:00:00',NULL),('9220f880-9ec3-487f-b3e8-da3fb2efd328','Prasanna','','Kumar','Vishwas pest control service','No 1051, ground floor 7th main3rd block','Near reliance fresh koramangala','bangalore','560034','9','','','','9620354021','','',NULL,'9','','2017-07-20 00:00:00',NULL),('a9e68c3e-6b38-4036-a785-73edd4288faa','V ','','Kumar','Floor Care Systems','#92/1 ORC Main Road Austin Town ','','Bangalore','560047','9','','','','9845042094','floorcare86@gmail.com','',NULL,'9','','2017-06-25 00:00:00',NULL),('ac25517e-47ac-4b59-91c0-b19e7f7b49c3','Ranganathan','','K','Tyrocare (Franchisee)','#75/2b,1st floor,link road, bellandur,bangalore-560103','','Bangalore','560103','9','','','BAMPK4099J','9844610979\r\n','','',NULL,'21','','2017-05-08 00:00:00',NULL),('b7acb2b1-26c4-4d5e-9e91-8ddd56982867','Syed','','Shamshuddin','Individual ','#131Government urdu School Madeenanagar,Mangammanaplya Bangalore south, Bommanahalli Bangalore 560068','','Bangalore','560068','9','','','EBJPS9272Q','9900656771','9739934804','',NULL,'','','2017-05-07 00:00:00',NULL),('b88666ef-4784-4b06-92bb-610735632888','Sukrit','','Debnath','Optra care','#285, ground Floor, 4th block,11th main koramangala','','Bangalore','560034','9','','','','9886150724','sukrit@optracare.com','',NULL,'9','','2017-06-11 00:00:00',NULL),('b8f84ae0-1b38-4de1-9b18-387a1e9e8cf8','Ranganatha','','R','Individual','No.20, Laksmi Narasimha Nilaya, 1st Main Road, Uttaralli','','Bangalore','560061','9','','','','990219649','','',NULL,'9','','2017-07-02 00:00:00',NULL),('c5e6a152-a036-49d6-976a-ad63d711c6a3','Dr.Mohit ','','Gaur','Curolive','kristal tavran, bellandur main road bangalore-560103','','Bangalore','560103','9','','','','9886507410','','',NULL,'','','2017-05-08 00:00:00',NULL),('c7c5924d-1020-4a0d-98d9-b54f9ef6e8b0','Ramu','','Charan','Karani interiors','#34,1ST MAIN, 2ND CROSS, SURYA RES, RAJESWARI NAGAR DEVASTHANA GATE BANGALORE 560098','','Bangalore','560098','9','','','BBGPC6072C','9535631110\r\n','','',NULL,'19','','2017-05-07 00:00:00',NULL),('ce232f82-e55a-4d78-87ae-8d43166b73af','G Girish','','Kumar','Individual ','#6,21st BLOCK, NANDI SANKEERNA,ADUGODI,POLICE QTRS,ADUGODI BABGALORE-560030','','Bangalore','560030','9','','','AMIPG8727A','9739062407\r\n','','',NULL,'9','','2017-05-08 00:00:00',NULL),('d739828b-47bc-40a1-8870-b89156d7ec82','Mohommed ','','M','goodrich ','#6/10,4th cross,1st main,maruthi nagar,madiwala new extension,Banglore-560068','','Bangalore','560068','9','','','','9916777706','goodrichpestcontrol@gmail.com','',NULL,'','','2017-06-05 00:00:00',NULL),('e259ba2b-c62c-4130-977e-e37db0e082a0','Ravindran','','S','Royal Pet Care','31, 1st cross, Opposite RBI layout water tank, Sriram layout, Puttenahalli, JPnagar 7th phase,Bang','','Bangalore','560078','9','','','','9986709490','','',NULL,'9','','2017-07-31 00:00:00',NULL),('e756c608-2146-4610-992c-a4b7a9a0f46d','Pramod','Kumar','Maurya','Balance Physiotherapy CLinic','#31/18, Loyala LAyout, Ward3 ','Shanthala town, near Lifestyle','bangalore','560047','9','','','','9019796808','','',NULL,'','','2017-06-30 00:00:00',NULL),('e78e4153-9364-4a8a-8406-fcd2ccc35233','K.V','','Murthy','Vijayalakshmi civil works','#756,Mahalingeshwar Layout Lakkasandra, Bangalore (B B M P), Bangalore 560030','','Bangalore','560030','9','','','ARDPM9891R','9242196258\r\n','','',NULL,'','','2017-05-07 00:00:00',NULL);
/*!40000 ALTER TABLE `vendor_profile` ENABLE KEYS */;
UNLOCK TABLES;

--
-- Table structure for table `vendor_service`
--

DROP TABLE IF EXISTS `vendor_service`;
/*!40101 SET @saved_cs_client     = @@character_set_client */;
/*!40101 SET character_set_client = utf8 */;
CREATE TABLE `vendor_service` (
  `vendorId` varchar(40) DEFAULT NULL,
  `serviceId` varchar(40) DEFAULT NULL,
  KEY `vendorId` (`vendorId`),
  KEY `serviceId` (`serviceId`),
  CONSTRAINT `vendor_service_ibfk_1` FOREIGN KEY (`vendorId`) REFERENCES `vendor_profile` (`vendorId`) ON DELETE CASCADE ON UPDATE CASCADE,
  CONSTRAINT `vendor_service_ibfk_2` FOREIGN KEY (`serviceId`) REFERENCES `services` (`serviceId`) ON DELETE CASCADE ON UPDATE CASCADE
) ENGINE=InnoDB DEFAULT CHARSET=latin1;
/*!40101 SET character_set_client = @saved_cs_client */;

--
-- Dumping data for table `vendor_service`
--

LOCK TABLES `vendor_service` WRITE;
/*!40000 ALTER TABLE `vendor_service` DISABLE KEYS */;
INSERT INTO `vendor_service` VALUES ('84d5d525-cc64-4507-b427-f6146c28a93f','687a7dae-464f-43a0-a617-4f93a986949f'),('36108831-fe92-46a8-ad2a-a911ac255ec2','687a7dae-464f-43a0-a617-4f93a986949f'),('85fa68ee-e305-4f98-896b-b9f81b7f05f5','1b867019-e781-4726-930d-e3a44dbb6fac'),('e78e4153-9364-4a8a-8406-fcd2ccc35233','a6c15070-aee6-40b9-bed6-48c844d86e18'),('46480c3a-97a6-495f-9758-fd1f1ed6f7fd','a6c15070-aee6-40b9-bed6-48c844d86e18'),('c7c5924d-1020-4a0d-98d9-b54f9ef6e8b0','80c1bbf0-f570-4604-a795-818076dd87e5'),('6b3afe90-cc10-4099-bd15-d25a87c683c1','f6e225dd-f7e1-4d68-a476-b885e37caf33'),('35e36d04-0b84-4f62-bdeb-89e39c89d662','730fbb84-7784-4369-bf8d-2dfcfe1c4cab'),('ce232f82-e55a-4d78-87ae-8d43166b73af','5f0415dd-7e67-4d2c-bdb8-6a5b58c4f94e'),('ac25517e-47ac-4b59-91c0-b19e7f7b49c3','687a7dae-464f-43a0-a617-4f93a986949f'),('b7acb2b1-26c4-4d5e-9e91-8ddd56982867','dd8d1e0f-cbe3-44ff-9cbc-1497e1680437'),('c5e6a152-a036-49d6-976a-ad63d711c6a3','21db609d-8a05-4a05-9f6d-4ef37e875ea8'),('c5e6a152-a036-49d6-976a-ad63d711c6a3','6aac2225-8b45-4df7-8875-f712c07f2d49'),('45935ade-9a2d-473d-ae33-fc9038ca0ae0','21db609d-8a05-4a05-9f6d-4ef37e875ea8'),('45935ade-9a2d-473d-ae33-fc9038ca0ae0','6aac2225-8b45-4df7-8875-f712c07f2d49'),('45935ade-9a2d-473d-ae33-fc9038ca0ae0','29d5b0e3-b3b0-4e43-8840-808750518242'),('c5e6a152-a036-49d6-976a-ad63d711c6a3','29d5b0e3-b3b0-4e43-8840-808750518242'),('112e49dd-3311-46ed-8de8-eac277c4109d','158ff822-3af6-4b60-95a9-202c7e73eaae'),('171aa186-7342-4263-9cdc-7f1be33fa9c1','80c1bbf0-f570-4604-a795-818076dd87e5'),('5be0ef02-8470-49b5-89ec-c508ca85052d','1b867019-e781-4726-930d-e3a44dbb6fac'),('81998f24-b2d2-443e-90ea-c16d5ad7422b','1b867019-e781-4726-930d-e3a44dbb6fac'),('62972477-43ef-468e-91e9-3c8c825b44f2','730fbb84-7784-4369-bf8d-2dfcfe1c4cab'),('d739828b-47bc-40a1-8870-b89156d7ec82','730fbb84-7784-4369-bf8d-2dfcfe1c4cab'),('b88666ef-4784-4b06-92bb-610735632888',NULL),('b88666ef-4784-4b06-92bb-610735632888','21db609d-8a05-4a05-9f6d-4ef37e875ea8'),('b88666ef-4784-4b06-92bb-610735632888',NULL),('b88666ef-4784-4b06-92bb-610735632888',NULL),('b88666ef-4784-4b06-92bb-610735632888',NULL),('a9e68c3e-6b38-4036-a785-73edd4288faa',NULL),('a9e68c3e-6b38-4036-a785-73edd4288faa',NULL),('a9e68c3e-6b38-4036-a785-73edd4288faa',NULL),('a9e68c3e-6b38-4036-a785-73edd4288faa','80c1bbf0-f570-4604-a795-818076dd87e5'),('a9e68c3e-6b38-4036-a785-73edd4288faa',NULL),('a9e68c3e-6b38-4036-a785-73edd4288faa',NULL),('a9e68c3e-6b38-4036-a785-73edd4288faa',NULL),('b8f84ae0-1b38-4de1-9b18-387a1e9e8cf8',NULL),('b8f84ae0-1b38-4de1-9b18-387a1e9e8cf8',NULL),('b8f84ae0-1b38-4de1-9b18-387a1e9e8cf8',NULL),('b8f84ae0-1b38-4de1-9b18-387a1e9e8cf8',NULL),('b8f84ae0-1b38-4de1-9b18-387a1e9e8cf8','a6c15070-aee6-40b9-bed6-48c844d86e18'),('b8f84ae0-1b38-4de1-9b18-387a1e9e8cf8',NULL),('b8f84ae0-1b38-4de1-9b18-387a1e9e8cf8',NULL),('5bd00fcd-683d-44d1-b95a-c44cfaeac0fd',NULL),('5bd00fcd-683d-44d1-b95a-c44cfaeac0fd',NULL),('5bd00fcd-683d-44d1-b95a-c44cfaeac0fd',NULL),('5bd00fcd-683d-44d1-b95a-c44cfaeac0fd',NULL),('5bd00fcd-683d-44d1-b95a-c44cfaeac0fd','a6c15070-aee6-40b9-bed6-48c844d86e18'),('5bd00fcd-683d-44d1-b95a-c44cfaeac0fd',NULL),('5bd00fcd-683d-44d1-b95a-c44cfaeac0fd',NULL),('0ed2cb4a-19ba-40aa-8857-288e94b06051',NULL),('0ed2cb4a-19ba-40aa-8857-288e94b06051','21db609d-8a05-4a05-9f6d-4ef37e875ea8'),('0ed2cb4a-19ba-40aa-8857-288e94b06051',NULL),('0ed2cb4a-19ba-40aa-8857-288e94b06051',NULL),('0ed2cb4a-19ba-40aa-8857-288e94b06051',NULL),('e756c608-2146-4610-992c-a4b7a9a0f46d',NULL),('e756c608-2146-4610-992c-a4b7a9a0f46d','21db609d-8a05-4a05-9f6d-4ef37e875ea8'),('e756c608-2146-4610-992c-a4b7a9a0f46d',NULL),('e756c608-2146-4610-992c-a4b7a9a0f46d',NULL),('e756c608-2146-4610-992c-a4b7a9a0f46d',NULL),('0e44acad-4f8d-4ddc-8f17-5040c68a7491',NULL),('0e44acad-4f8d-4ddc-8f17-5040c68a7491',NULL),('0e44acad-4f8d-4ddc-8f17-5040c68a7491',NULL),('0e44acad-4f8d-4ddc-8f17-5040c68a7491','687a7dae-464f-43a0-a617-4f93a986949f'),('0e44acad-4f8d-4ddc-8f17-5040c68a7491',NULL),('9220f880-9ec3-487f-b3e8-da3fb2efd328',NULL),('9220f880-9ec3-487f-b3e8-da3fb2efd328',NULL),('9220f880-9ec3-487f-b3e8-da3fb2efd328','730fbb84-7784-4369-bf8d-2dfcfe1c4cab'),('9220f880-9ec3-487f-b3e8-da3fb2efd328',NULL),('9220f880-9ec3-487f-b3e8-da3fb2efd328',NULL),('9220f880-9ec3-487f-b3e8-da3fb2efd328',NULL),('9220f880-9ec3-487f-b3e8-da3fb2efd328',NULL),('522c9ba5-b1d6-4002-a2ec-61053d573f54',NULL),('522c9ba5-b1d6-4002-a2ec-61053d573f54',NULL),('522c9ba5-b1d6-4002-a2ec-61053d573f54',NULL),('522c9ba5-b1d6-4002-a2ec-61053d573f54',NULL),('522c9ba5-b1d6-4002-a2ec-61053d573f54','a6c15070-aee6-40b9-bed6-48c844d86e18'),('522c9ba5-b1d6-4002-a2ec-61053d573f54',NULL),('522c9ba5-b1d6-4002-a2ec-61053d573f54',NULL),('23b3d566-9e10-417d-8938-2fe63bd4db0b',NULL),('23b3d566-9e10-417d-8938-2fe63bd4db0b',NULL),('23b3d566-9e10-417d-8938-2fe63bd4db0b',NULL),('23b3d566-9e10-417d-8938-2fe63bd4db0b',NULL),('23b3d566-9e10-417d-8938-2fe63bd4db0b',NULL),('23b3d566-9e10-417d-8938-2fe63bd4db0b',NULL),('23b3d566-9e10-417d-8938-2fe63bd4db0b','f6e225dd-f7e1-4d68-a476-b885e37caf33'),('26e42491-fbc2-4bb0-8199-5c7007a39904',NULL),('26e42491-fbc2-4bb0-8199-5c7007a39904',NULL),('26e42491-fbc2-4bb0-8199-5c7007a39904','730fbb84-7784-4369-bf8d-2dfcfe1c4cab'),('26e42491-fbc2-4bb0-8199-5c7007a39904',NULL),('26e42491-fbc2-4bb0-8199-5c7007a39904',NULL),('26e42491-fbc2-4bb0-8199-5c7007a39904',NULL),('26e42491-fbc2-4bb0-8199-5c7007a39904',NULL),('425bab24-23c9-4e7b-821d-b00db80f236c',NULL),('425bab24-23c9-4e7b-821d-b00db80f236c',NULL),('425bab24-23c9-4e7b-821d-b00db80f236c','730fbb84-7784-4369-bf8d-2dfcfe1c4cab'),('425bab24-23c9-4e7b-821d-b00db80f236c',NULL),('425bab24-23c9-4e7b-821d-b00db80f236c',NULL),('425bab24-23c9-4e7b-821d-b00db80f236c',NULL),('425bab24-23c9-4e7b-821d-b00db80f236c',NULL),('e259ba2b-c62c-4130-977e-e37db0e082a0',NULL),('e259ba2b-c62c-4130-977e-e37db0e082a0','5f0415dd-7e67-4d2c-bdb8-6a5b58c4f94e'),('e259ba2b-c62c-4130-977e-e37db0e082a0',NULL),('e259ba2b-c62c-4130-977e-e37db0e082a0',NULL),('e259ba2b-c62c-4130-977e-e37db0e082a0',NULL),('e259ba2b-c62c-4130-977e-e37db0e082a0',NULL),('e259ba2b-c62c-4130-977e-e37db0e082a0',NULL),('2f9a73e6-5a7d-4ba8-80d0-ab35ad4e79ff',NULL),('2f9a73e6-5a7d-4ba8-80d0-ab35ad4e79ff',NULL),('2f9a73e6-5a7d-4ba8-80d0-ab35ad4e79ff',NULL),('2f9a73e6-5a7d-4ba8-80d0-ab35ad4e79ff',NULL),('2f9a73e6-5a7d-4ba8-80d0-ab35ad4e79ff','6aac2225-8b45-4df7-8875-f712c07f2d49'),('4061c2b5-0cdf-453a-9786-c387d2e0cebf','1b867019-e781-4726-930d-e3a44dbb6fac'),('4061c2b5-0cdf-453a-9786-c387d2e0cebf','5f0415dd-7e67-4d2c-bdb8-6a5b58c4f94e'),('4061c2b5-0cdf-453a-9786-c387d2e0cebf','730fbb84-7784-4369-bf8d-2dfcfe1c4cab'),('4061c2b5-0cdf-453a-9786-c387d2e0cebf','80c1bbf0-f570-4604-a795-818076dd87e5'),('4061c2b5-0cdf-453a-9786-c387d2e0cebf','a6c15070-aee6-40b9-bed6-48c844d86e18'),('4061c2b5-0cdf-453a-9786-c387d2e0cebf','dd8d1e0f-cbe3-44ff-9cbc-1497e1680437'),('4061c2b5-0cdf-453a-9786-c387d2e0cebf','f6e225dd-f7e1-4d68-a476-b885e37caf33');
/*!40000 ALTER TABLE `vendor_service` ENABLE KEYS */;
UNLOCK TABLES;

--
-- Table structure for table `vendor_test`
--

DROP TABLE IF EXISTS `vendor_test`;
/*!40101 SET @saved_cs_client     = @@character_set_client */;
/*!40101 SET character_set_client = utf8 */;
CREATE TABLE `vendor_test` (
  `vendorId` varchar(50) DEFAULT NULL,
  `testId` varchar(50) DEFAULT NULL,
  KEY `vendorId` (`vendorId`),
  KEY `testId` (`testId`),
  CONSTRAINT `vendor_test_ibfk_1` FOREIGN KEY (`vendorId`) REFERENCES `vendor_profile` (`vendorId`) ON DELETE CASCADE ON UPDATE CASCADE,
  CONSTRAINT `vendor_test_ibfk_2` FOREIGN KEY (`testId`) REFERENCES `pathology_tests` (`testId`) ON DELETE CASCADE ON UPDATE CASCADE
) ENGINE=InnoDB DEFAULT CHARSET=latin1;
/*!40101 SET character_set_client = @saved_cs_client */;

--
-- Dumping data for table `vendor_test`
--

LOCK TABLES `vendor_test` WRITE;
/*!40000 ALTER TABLE `vendor_test` DISABLE KEYS */;
INSERT INTO `vendor_test` VALUES ('36108831-fe92-46a8-ad2a-a911ac255ec2','3459b4fe-839b-42b6-94c3-7d6ff950e53d'),('36108831-fe92-46a8-ad2a-a911ac255ec2','a4a7ec02-ead4-44ce-9011-9e6731f216be'),('36108831-fe92-46a8-ad2a-a911ac255ec2','64ec262c-3f79-40d1-abca-bc5a712ecc0c'),('36108831-fe92-46a8-ad2a-a911ac255ec2','f8a1ca0d-5abc-4e74-8881-5a0c908161b9'),('36108831-fe92-46a8-ad2a-a911ac255ec2','ced6f4b4-5a5a-4bea-b287-a90878faae14'),('36108831-fe92-46a8-ad2a-a911ac255ec2','e5344dce-19b4-405d-a81a-4088179e0e75'),('36108831-fe92-46a8-ad2a-a911ac255ec2','9f9e0649-f54e-4ac9-8639-22912822a9e7'),('36108831-fe92-46a8-ad2a-a911ac255ec2','c6836f0e-0e94-4397-b313-379fc6dccc90'),('36108831-fe92-46a8-ad2a-a911ac255ec2','b1606c38-2544-495f-82f4-9d1538253901'),('36108831-fe92-46a8-ad2a-a911ac255ec2','2ad909dc-eb01-40e6-93f9-09e7f66a69ba'),('36108831-fe92-46a8-ad2a-a911ac255ec2','fc312af9-1e41-469f-a61e-c7df903f0236'),('36108831-fe92-46a8-ad2a-a911ac255ec2','1de43494-63b5-47d0-bc36-c936d594add7'),('36108831-fe92-46a8-ad2a-a911ac255ec2','574c82a1-c3bf-47dd-a10a-98c1dc89844f'),('36108831-fe92-46a8-ad2a-a911ac255ec2','28cecd05-4f63-4d8a-925e-99439dc9538e'),('36108831-fe92-46a8-ad2a-a911ac255ec2','9e148245-b02f-401c-b073-da802a9cb864'),('36108831-fe92-46a8-ad2a-a911ac255ec2','1fc54bab-a574-4193-b884-86593fced6b4'),('36108831-fe92-46a8-ad2a-a911ac255ec2','c5f6fbc1-1b09-4a62-adc8-b20c3e2a3fda'),('36108831-fe92-46a8-ad2a-a911ac255ec2','042f4546-61c5-4a9d-809d-c851510f24d4'),('36108831-fe92-46a8-ad2a-a911ac255ec2','4c034d09-714a-401b-a311-f27a63bae8dd'),('36108831-fe92-46a8-ad2a-a911ac255ec2','5228ea37-3e1d-491b-a775-38ff8ed849b7'),('36108831-fe92-46a8-ad2a-a911ac255ec2','87c988c3-2a82-480e-9f13-00522ac35e7b'),('36108831-fe92-46a8-ad2a-a911ac255ec2','7b27fce8-a426-4811-8cb2-ffc05570bec8'),('36108831-fe92-46a8-ad2a-a911ac255ec2','220fb1f2-ac3b-4e33-94b0-8ced69a3fbdf'),('36108831-fe92-46a8-ad2a-a911ac255ec2','29af9be6-2a55-455d-b76f-ef013e6e2019'),('36108831-fe92-46a8-ad2a-a911ac255ec2','c8f616ec-6962-4f6b-8a09-cca115319512'),('36108831-fe92-46a8-ad2a-a911ac255ec2','a4985a7c-eb0d-4d3f-8152-2b9c496265b1'),('36108831-fe92-46a8-ad2a-a911ac255ec2','466aaf76-48f2-4073-813a-b8109b4517dc'),('36108831-fe92-46a8-ad2a-a911ac255ec2','80df4f6e-0d16-41b5-b05f-17d17e4fd663'),('36108831-fe92-46a8-ad2a-a911ac255ec2','c16cfec6-6f77-454d-afcd-ba5d0f2ae77f'),('36108831-fe92-46a8-ad2a-a911ac255ec2','7c7ce500-94b6-4c7a-b256-d8be46c19f77'),('36108831-fe92-46a8-ad2a-a911ac255ec2','e57fb68b-a6f3-408a-9b93-2d4d06bf28c6'),('36108831-fe92-46a8-ad2a-a911ac255ec2','6223ec63-1237-4bdb-9718-69c2b527dc6b'),('36108831-fe92-46a8-ad2a-a911ac255ec2','17e1fdc8-1ffc-4f29-9fba-d3763de0b89a'),('36108831-fe92-46a8-ad2a-a911ac255ec2','d30066d1-e8e4-4cf3-b808-314db76c0a84'),('36108831-fe92-46a8-ad2a-a911ac255ec2','d48038fa-f2b3-48f4-b550-faa856bbf7b9'),('36108831-fe92-46a8-ad2a-a911ac255ec2','2e8b99d2-0175-4e3b-ae4f-040837bf4368'),('36108831-fe92-46a8-ad2a-a911ac255ec2','43e88c16-7b00-404c-8e5e-22820e87fed1'),('36108831-fe92-46a8-ad2a-a911ac255ec2','fbb69c80-6108-4771-9aca-80f80b374852'),('36108831-fe92-46a8-ad2a-a911ac255ec2','ea8b2823-4b6a-422b-b91b-63f7b00a9ea0'),('36108831-fe92-46a8-ad2a-a911ac255ec2','59c6a790-8b89-422b-8e19-66032aa03dbb'),('36108831-fe92-46a8-ad2a-a911ac255ec2','35d12fe5-086f-43ae-bebe-94435e000ee4'),('36108831-fe92-46a8-ad2a-a911ac255ec2','d230f79c-10e1-4012-8c17-bff881d7ea2a'),('36108831-fe92-46a8-ad2a-a911ac255ec2','4c2f1863-edfe-43a9-81f5-f62b9fa666c0'),('36108831-fe92-46a8-ad2a-a911ac255ec2','23638df6-92f3-488e-a78c-efa2d1d50d20'),('36108831-fe92-46a8-ad2a-a911ac255ec2','f3253976-971d-4817-b076-264cf3cbfba8'),('36108831-fe92-46a8-ad2a-a911ac255ec2','29f68666-4e0c-4e2c-8d8a-9cd20e28b4d9'),('36108831-fe92-46a8-ad2a-a911ac255ec2','f7bf62a2-e209-4e22-82e0-1964d730a0f6'),('36108831-fe92-46a8-ad2a-a911ac255ec2','1096813e-272b-409a-a39f-d98ecf9bb7c2'),('36108831-fe92-46a8-ad2a-a911ac255ec2','66ebf1ad-d518-4cc8-ad9b-c832bd93fb6a'),('36108831-fe92-46a8-ad2a-a911ac255ec2','b0be6cb3-ed55-471a-9bf0-90e26264becc'),('36108831-fe92-46a8-ad2a-a911ac255ec2','2da9a606-dd0a-40de-80e5-cae1dff5e04b'),('36108831-fe92-46a8-ad2a-a911ac255ec2','d3d8336c-c279-4fb7-a326-0dd1bf924ca7'),('36108831-fe92-46a8-ad2a-a911ac255ec2','f131a074-0f9e-4d05-ab75-667355df7135'),('36108831-fe92-46a8-ad2a-a911ac255ec2','205b0cf9-f184-4f42-afd2-16bc9cd692c1'),('36108831-fe92-46a8-ad2a-a911ac255ec2','0319b938-7ff4-4f88-bcc6-a264d5aeb4e4'),('36108831-fe92-46a8-ad2a-a911ac255ec2','47eb1c5d-f1ae-4b2c-8827-6aa1782e13f1'),('36108831-fe92-46a8-ad2a-a911ac255ec2','c0954f45-5b67-452a-be3b-eda82a419013'),('36108831-fe92-46a8-ad2a-a911ac255ec2','5aa1a4d7-3cc7-4329-a817-6d3a104d3fe1'),('36108831-fe92-46a8-ad2a-a911ac255ec2','89bdb2c0-f884-43a8-84ce-288e0095f215'),('36108831-fe92-46a8-ad2a-a911ac255ec2','3038ea15-3be6-491f-b026-049d678703bf'),('36108831-fe92-46a8-ad2a-a911ac255ec2','597fa135-e5a7-4189-99dd-05d03adcfac9'),('36108831-fe92-46a8-ad2a-a911ac255ec2','b8158104-a9a9-49f8-b131-1c392ef59957'),('36108831-fe92-46a8-ad2a-a911ac255ec2','7955c0b1-ed1d-429c-8f86-5a5ae50db2d8'),('36108831-fe92-46a8-ad2a-a911ac255ec2','bb2d268a-c7ac-4ee2-89c3-c7aaaeb7cc3b'),('36108831-fe92-46a8-ad2a-a911ac255ec2','4785fa7c-e0f7-4356-b10d-0d8d9c57a22a'),('36108831-fe92-46a8-ad2a-a911ac255ec2','064fc11f-18df-4978-a1ff-ee40e920f4bf'),('36108831-fe92-46a8-ad2a-a911ac255ec2','ca838c4a-ee4c-404a-84da-fb7e867cd73b'),('36108831-fe92-46a8-ad2a-a911ac255ec2','da7e6d3f-4d75-4b3c-b91c-8504fdc49a9d'),('36108831-fe92-46a8-ad2a-a911ac255ec2','ef892678-42b8-49dc-a29f-99252405b9ba'),('36108831-fe92-46a8-ad2a-a911ac255ec2','40453a27-c457-4699-9941-316b124e3b42'),('36108831-fe92-46a8-ad2a-a911ac255ec2','555e2cf4-b6b2-47ca-8d5c-0d4c0fbc0c84'),('36108831-fe92-46a8-ad2a-a911ac255ec2','8bc1be6b-3437-4645-b86c-d012c2902166'),('36108831-fe92-46a8-ad2a-a911ac255ec2','bb83d541-318a-44e0-9bc3-6b97641a6170'),('36108831-fe92-46a8-ad2a-a911ac255ec2','83527089-ce35-4a8c-ab62-e460310ab6c1'),('36108831-fe92-46a8-ad2a-a911ac255ec2','e99f4685-5325-4a16-be53-a539333d58e1'),('36108831-fe92-46a8-ad2a-a911ac255ec2','d7d04f56-fdc6-468b-a4f8-f0a59695f2e5'),('36108831-fe92-46a8-ad2a-a911ac255ec2','8b897926-469c-4f0b-b567-ef25aacff255'),('36108831-fe92-46a8-ad2a-a911ac255ec2','2af5c019-88d6-4d70-b6a7-245dcb904029'),('36108831-fe92-46a8-ad2a-a911ac255ec2','b7c8fd5b-4059-46e8-86b8-f94acb343260'),('36108831-fe92-46a8-ad2a-a911ac255ec2','d0b76739-51c8-40fe-93fe-7c5a4d9b0c31'),('36108831-fe92-46a8-ad2a-a911ac255ec2','007793dc-2b4c-4c75-a03b-d7ad57cc22ea'),('36108831-fe92-46a8-ad2a-a911ac255ec2','3947c80a-6382-4bbc-9b42-4bd3135a6e04'),('36108831-fe92-46a8-ad2a-a911ac255ec2','7625faa8-a164-4fb9-ac58-9df550902d90'),('36108831-fe92-46a8-ad2a-a911ac255ec2','86ff87d2-583c-4e3f-b21c-8c15f54ec999'),('36108831-fe92-46a8-ad2a-a911ac255ec2','871395c7-8c7b-4963-bc1f-688964967ea3'),('36108831-fe92-46a8-ad2a-a911ac255ec2','8a18b36f-c212-4b37-b53e-68f089686fc1'),('36108831-fe92-46a8-ad2a-a911ac255ec2','4983c9cb-048b-4604-a2bd-1332bac357bd'),('36108831-fe92-46a8-ad2a-a911ac255ec2','efeed4d3-ecb8-4138-ae57-735efb5fec6f'),('36108831-fe92-46a8-ad2a-a911ac255ec2','56518a51-9c0e-4632-89a8-35d24a927015'),('36108831-fe92-46a8-ad2a-a911ac255ec2','a743c9be-1bed-4730-933f-f0a5b302d11c'),('36108831-fe92-46a8-ad2a-a911ac255ec2','69c6cea8-a748-4e5c-b0e5-fa276faad5d1'),('36108831-fe92-46a8-ad2a-a911ac255ec2','76368222-0cea-42b1-bfec-630e67bfef0d'),('36108831-fe92-46a8-ad2a-a911ac255ec2','4aeb2aa3-5bc4-4d61-a062-fd1cd6a94701'),('36108831-fe92-46a8-ad2a-a911ac255ec2','9bd88e9e-0291-4d27-9cae-4ee4419e6116'),('36108831-fe92-46a8-ad2a-a911ac255ec2','70bb2880-a1a8-4520-88da-14c86e7d42de'),('36108831-fe92-46a8-ad2a-a911ac255ec2','6b2eaf1e-5d23-4817-83a9-4c7e8137125d'),('36108831-fe92-46a8-ad2a-a911ac255ec2','7585d331-66cc-4d54-a5ae-0731bbfb2625'),('36108831-fe92-46a8-ad2a-a911ac255ec2','d9b3b744-fca6-4a34-ac7f-69d0834a3979'),('36108831-fe92-46a8-ad2a-a911ac255ec2','c9052656-83dd-4509-b3a0-4d5dc99e94a5'),('36108831-fe92-46a8-ad2a-a911ac255ec2','fbaf2e18-90aa-49d5-a1f0-98be063c0b9d'),('36108831-fe92-46a8-ad2a-a911ac255ec2','045864ad-831f-416b-b6fa-a2fd7cfc6859'),('36108831-fe92-46a8-ad2a-a911ac255ec2','6812db93-5274-4c48-a6f5-62b5e96fdfc2'),('36108831-fe92-46a8-ad2a-a911ac255ec2','0dede550-6813-42af-83c8-c4544350cd04'),('36108831-fe92-46a8-ad2a-a911ac255ec2','00df5e7a-b074-4745-8172-bd514aed1c72'),('36108831-fe92-46a8-ad2a-a911ac255ec2','cd9a1a4a-6cea-4e3e-a5c4-f5000bad5720'),('36108831-fe92-46a8-ad2a-a911ac255ec2','36b01013-e643-4ecb-8358-44825ffedd51'),('36108831-fe92-46a8-ad2a-a911ac255ec2','53d0f08f-4cab-4809-86ef-5cf4ca43dea4'),('36108831-fe92-46a8-ad2a-a911ac255ec2','8c064026-c8b0-4af5-933b-7f3f819a92e0'),('36108831-fe92-46a8-ad2a-a911ac255ec2','92d30e93-3de7-472c-9020-78c712b1d9ad'),('36108831-fe92-46a8-ad2a-a911ac255ec2','31e457a1-7cea-4593-874a-859380ec8108'),('36108831-fe92-46a8-ad2a-a911ac255ec2','298cb184-f20b-41a4-8322-bcc20ff59fcf'),('36108831-fe92-46a8-ad2a-a911ac255ec2','cbbed478-64c9-479f-9bca-fffe1c96efe1'),('36108831-fe92-46a8-ad2a-a911ac255ec2','0e071c97-2ce8-40c8-b070-2e9b62de404f'),('36108831-fe92-46a8-ad2a-a911ac255ec2','99782c16-07f4-448a-963d-a04429209aa5'),('36108831-fe92-46a8-ad2a-a911ac255ec2','0e8220c3-ba8f-481e-abdb-c006be999e5c'),('36108831-fe92-46a8-ad2a-a911ac255ec2','88e01f38-9afa-4375-8794-331cab4582bc'),('36108831-fe92-46a8-ad2a-a911ac255ec2','ca88ad52-003e-40d4-a0e3-fc54a147a1d9'),('36108831-fe92-46a8-ad2a-a911ac255ec2','f16705c4-05d2-4605-ba30-34f103c23d1c'),('36108831-fe92-46a8-ad2a-a911ac255ec2','e202b648-a216-4e56-b07b-9d86ea0d2b35'),('36108831-fe92-46a8-ad2a-a911ac255ec2','d159127a-3b9d-4646-9f65-9cca5e061e5a'),('36108831-fe92-46a8-ad2a-a911ac255ec2','e4fba110-ed30-460c-bae1-631ac833e765'),('36108831-fe92-46a8-ad2a-a911ac255ec2','5b44958f-bd1b-4d19-b71b-8d6fdc4cc959'),('36108831-fe92-46a8-ad2a-a911ac255ec2','d207f0de-635e-4284-8a80-3c16064cdf6c'),('36108831-fe92-46a8-ad2a-a911ac255ec2','0a7b881e-1256-428b-996a-ed1bbc5d7d18'),('36108831-fe92-46a8-ad2a-a911ac255ec2','0aa58697-4f02-4580-a98c-ded4d932cafe'),('36108831-fe92-46a8-ad2a-a911ac255ec2','5e35882d-2f27-4f38-b059-f3dc0c03c728'),('36108831-fe92-46a8-ad2a-a911ac255ec2','1596f307-d06b-4d24-a50f-d7325a1143fd'),('36108831-fe92-46a8-ad2a-a911ac255ec2','23ab0189-1ee7-46b9-bd82-f9d3a4bf43eb'),('36108831-fe92-46a8-ad2a-a911ac255ec2','ae73d4f9-1529-41c3-b911-c39870f62710'),('36108831-fe92-46a8-ad2a-a911ac255ec2','04449adc-4ac7-43b3-8885-eaa121224f82'),('36108831-fe92-46a8-ad2a-a911ac255ec2','16647763-46e8-4ec4-9fcd-3ef0a3774f5b'),('36108831-fe92-46a8-ad2a-a911ac255ec2','19dd4bea-1b53-4fa6-9669-5f5f58d21e37'),('36108831-fe92-46a8-ad2a-a911ac255ec2','965469f4-6249-4683-b6ce-c36714518ff9'),('36108831-fe92-46a8-ad2a-a911ac255ec2','58c4ae44-b9b0-423d-872b-8e43dd0d795b'),('36108831-fe92-46a8-ad2a-a911ac255ec2','0706141f-644a-4760-8b24-f5487aa4fc4d'),('36108831-fe92-46a8-ad2a-a911ac255ec2','29125182-fdbf-4754-a94d-8b6819eccd7c'),('36108831-fe92-46a8-ad2a-a911ac255ec2','0e6a7dbd-aaf8-46c8-8c74-3dd8ff651ffd'),('36108831-fe92-46a8-ad2a-a911ac255ec2','68bcb439-00be-46b5-9af3-94ecc9770beb'),('36108831-fe92-46a8-ad2a-a911ac255ec2','4c1deca9-4cf6-429c-a85a-d8a9cbfa18fb'),('36108831-fe92-46a8-ad2a-a911ac255ec2','0627b2c2-733e-4f73-aa78-7f845d94b343'),('36108831-fe92-46a8-ad2a-a911ac255ec2','2dbd4464-3145-42dd-8d12-1b9f5a79623e'),('36108831-fe92-46a8-ad2a-a911ac255ec2','cdedf20c-175e-4b49-adc2-ed9b9b1a77f1'),('36108831-fe92-46a8-ad2a-a911ac255ec2','238ba332-47b2-4462-b965-79603d2ef032'),('36108831-fe92-46a8-ad2a-a911ac255ec2','2a1e9564-5ddc-453c-bec2-2c24a20968f6'),('36108831-fe92-46a8-ad2a-a911ac255ec2','21dcf799-9b1c-4f4f-9d95-583576d640c6'),('36108831-fe92-46a8-ad2a-a911ac255ec2','14113628-161b-4f67-af04-6ae12a7ae32c'),('36108831-fe92-46a8-ad2a-a911ac255ec2','cd3f6917-fc81-47cf-b640-1f95dc31dfce'),('36108831-fe92-46a8-ad2a-a911ac255ec2','4e810348-acd6-4dc3-b881-d992f7e095d6'),('36108831-fe92-46a8-ad2a-a911ac255ec2','c476284f-de3b-45eb-8919-a4cc556059ad'),('36108831-fe92-46a8-ad2a-a911ac255ec2','a274b016-03d2-4eac-a33b-7126cceb5d8d'),('36108831-fe92-46a8-ad2a-a911ac255ec2','4351b91a-f9a6-47d0-8833-1eab68f73ec9'),('36108831-fe92-46a8-ad2a-a911ac255ec2','a865a1ea-bf8d-40f3-bcdd-60058262e6b9'),('36108831-fe92-46a8-ad2a-a911ac255ec2','d05720d0-655d-4991-b71d-4bc094b3594f'),('36108831-fe92-46a8-ad2a-a911ac255ec2','55f4d2c9-d7e1-46e5-8aeb-40eb0fe81ad1'),('36108831-fe92-46a8-ad2a-a911ac255ec2','7ad100f2-af7f-45e9-a2f7-8bd1446dd422'),('36108831-fe92-46a8-ad2a-a911ac255ec2','036c8197-3ae6-4fc7-ac90-812bcae44cd9'),('36108831-fe92-46a8-ad2a-a911ac255ec2','19cb84dc-730c-4338-8bcb-90db8fbcf7d0'),('36108831-fe92-46a8-ad2a-a911ac255ec2','ff0a4b04-4aa3-49c3-93a8-5c7cef9c5e21'),('36108831-fe92-46a8-ad2a-a911ac255ec2','ddd052cd-6e6a-4c7e-8dcc-b1f00012f539'),('36108831-fe92-46a8-ad2a-a911ac255ec2','a7db6f3a-f900-4ba2-9b93-b0f0fa02ff61'),('36108831-fe92-46a8-ad2a-a911ac255ec2','f2b6cea6-d070-419b-9e4b-1d076e4d4af9'),('36108831-fe92-46a8-ad2a-a911ac255ec2','09a9bf3d-97b8-4c7b-8cc3-6bc33db0bc5d'),('36108831-fe92-46a8-ad2a-a911ac255ec2','4f2fbfe0-bf13-4177-926f-106cf340f89c'),('36108831-fe92-46a8-ad2a-a911ac255ec2','e614151d-1086-4dfc-8c05-b76909a4d95d'),('36108831-fe92-46a8-ad2a-a911ac255ec2','3238613e-8e19-4f4d-b481-c4f36934387d'),('36108831-fe92-46a8-ad2a-a911ac255ec2','f057315f-a78c-4891-bd51-237f812b29b2'),('36108831-fe92-46a8-ad2a-a911ac255ec2','c33115f9-1824-4afe-b823-7586a3bbf8a0'),('36108831-fe92-46a8-ad2a-a911ac255ec2','9f77094b-dfc5-40fa-b9c6-b0ccf2378d53'),('36108831-fe92-46a8-ad2a-a911ac255ec2','5255031b-90ef-40f1-9e0b-2f87ab67dbbf'),('36108831-fe92-46a8-ad2a-a911ac255ec2','79f5e16e-7388-4b7d-9d67-c85751b71e72'),('36108831-fe92-46a8-ad2a-a911ac255ec2','19932a6c-9567-4bbe-b334-c732e869b24c'),('36108831-fe92-46a8-ad2a-a911ac255ec2','e72dae8f-1c98-44b9-bca3-d7fe6f2a2fc0'),('36108831-fe92-46a8-ad2a-a911ac255ec2','25bce90e-23c7-4a8e-bf87-a4bfbf9680f8'),('36108831-fe92-46a8-ad2a-a911ac255ec2','a8cf7924-3c6f-4608-a128-36fd141f96b5'),('36108831-fe92-46a8-ad2a-a911ac255ec2','8a5ff92b-0360-4a27-a187-505a7669cad3'),('36108831-fe92-46a8-ad2a-a911ac255ec2','c0cebd88-1c0e-49f8-af71-a400c4e318fe'),('36108831-fe92-46a8-ad2a-a911ac255ec2','175804a0-1826-49d1-9531-42b0a431f161'),('36108831-fe92-46a8-ad2a-a911ac255ec2','fe558e9d-8bc3-4c6d-80ba-710bcb258780'),('36108831-fe92-46a8-ad2a-a911ac255ec2','2570dee5-7876-45ee-be63-d04db64ae6d4'),('36108831-fe92-46a8-ad2a-a911ac255ec2','4f5131f0-73a7-47ac-8417-eb58dfc0c0ed'),('36108831-fe92-46a8-ad2a-a911ac255ec2','bff2b33d-2da8-4d32-9c0b-3ff1c66bb8a7'),('36108831-fe92-46a8-ad2a-a911ac255ec2','01364f56-285e-43f5-9842-e5de915eb2db'),('36108831-fe92-46a8-ad2a-a911ac255ec2','a42aa0e2-46f9-4d93-8c16-56236a874bf8'),('36108831-fe92-46a8-ad2a-a911ac255ec2','8b4d1831-de35-495a-98d3-95f47ee0cf9d'),('36108831-fe92-46a8-ad2a-a911ac255ec2','72bec14f-b3f6-4760-aac2-76438a778560'),('36108831-fe92-46a8-ad2a-a911ac255ec2','a0605bd4-5793-4993-8981-2fce9ccb6256'),('36108831-fe92-46a8-ad2a-a911ac255ec2','23fb91be-bc3b-4bcf-b137-5af5f601fab2'),('36108831-fe92-46a8-ad2a-a911ac255ec2','fcba3f01-ea4a-46e0-84ab-387817e67943'),('36108831-fe92-46a8-ad2a-a911ac255ec2','96d5bd80-4ada-4e22-b2b5-1c38b343a529'),('36108831-fe92-46a8-ad2a-a911ac255ec2','67933adf-67a0-4f4c-a765-cb784d462d24'),('36108831-fe92-46a8-ad2a-a911ac255ec2','988a04b5-8a82-4b14-a5ef-268e3e34581e'),('36108831-fe92-46a8-ad2a-a911ac255ec2','43b39b44-deef-4083-94e7-d7a94a9045b2'),('36108831-fe92-46a8-ad2a-a911ac255ec2','c49ede25-5167-4905-b6dc-3e62c2b1682e'),('36108831-fe92-46a8-ad2a-a911ac255ec2','a56c5aa7-ee8c-4ae8-9522-c3ffb24545da'),('36108831-fe92-46a8-ad2a-a911ac255ec2','fe5eee60-6252-42bf-bf6f-6a4286fdf04a'),('36108831-fe92-46a8-ad2a-a911ac255ec2','b3dc6d80-7792-44df-9ec4-638bd721240c'),('36108831-fe92-46a8-ad2a-a911ac255ec2','26e1ef0a-89f1-473d-9761-0131bbb003ff'),('36108831-fe92-46a8-ad2a-a911ac255ec2','7040bbcd-789d-4788-a47d-5974b6d6a5e4'),('36108831-fe92-46a8-ad2a-a911ac255ec2','b5a7605b-456a-4022-a897-be077ebf5673'),('36108831-fe92-46a8-ad2a-a911ac255ec2','88cb162e-b3e4-46de-b93a-c165be5b44bc'),('36108831-fe92-46a8-ad2a-a911ac255ec2','c59e1b37-4afb-4ad2-8670-d2214602ee49'),('36108831-fe92-46a8-ad2a-a911ac255ec2','d08283ee-7021-413d-9da9-c87c047dd2bd'),('36108831-fe92-46a8-ad2a-a911ac255ec2','f31b7fe5-f6a9-4e99-ba0f-52c7d6f86036'),('36108831-fe92-46a8-ad2a-a911ac255ec2','5aa1022a-fb31-4b79-9158-8dcf29a8160f'),('36108831-fe92-46a8-ad2a-a911ac255ec2','3371d411-76f5-47ab-8b53-803190ad51f3'),('36108831-fe92-46a8-ad2a-a911ac255ec2','5ee0e24d-52f2-4b5a-ae9d-ab1aa9651e76'),('36108831-fe92-46a8-ad2a-a911ac255ec2','8c6f53a8-5180-4cd8-a202-6b6a86e8cada'),('36108831-fe92-46a8-ad2a-a911ac255ec2','b4e13362-7b7d-41ad-b0ff-6c43c2cd32ab'),('36108831-fe92-46a8-ad2a-a911ac255ec2','0b68919d-f8cc-4079-bea2-7c6ceb77d93a'),('36108831-fe92-46a8-ad2a-a911ac255ec2','c0a34a2c-f416-455b-b16e-dd9798a7ec6e'),('36108831-fe92-46a8-ad2a-a911ac255ec2','7542c106-6b46-4b82-93c2-e25c9cf47203'),('36108831-fe92-46a8-ad2a-a911ac255ec2','ce0c77a6-9575-43c9-b4ec-00c7189130ae'),('36108831-fe92-46a8-ad2a-a911ac255ec2','5b610240-885d-4b47-a673-f495d1341b2a'),('36108831-fe92-46a8-ad2a-a911ac255ec2','00b13ca9-f08a-408a-996e-4881ee42a755'),('36108831-fe92-46a8-ad2a-a911ac255ec2','97a9b98e-b766-4597-b3c8-90a484f382bb'),('36108831-fe92-46a8-ad2a-a911ac255ec2','8d671b89-2f3f-470c-9a12-f498f891a82f'),('36108831-fe92-46a8-ad2a-a911ac255ec2','b49e61a6-42c2-4182-8a82-bfe402eb859c'),('36108831-fe92-46a8-ad2a-a911ac255ec2','e1172c72-5bca-46ac-a65c-14e37d368292'),('36108831-fe92-46a8-ad2a-a911ac255ec2','48a89c98-7a6d-403e-8b06-57e578abe644'),('36108831-fe92-46a8-ad2a-a911ac255ec2','3fef111b-80b3-40e0-ba36-13a4dc7d439f'),('36108831-fe92-46a8-ad2a-a911ac255ec2','b8f69606-8006-4630-887b-2fb8da447c88'),('36108831-fe92-46a8-ad2a-a911ac255ec2','f1d744ba-7781-4ecc-a996-c0ebf31698ea'),('36108831-fe92-46a8-ad2a-a911ac255ec2','ba336770-d69b-4f4e-8d21-cec67de0b304'),('36108831-fe92-46a8-ad2a-a911ac255ec2','822477d7-0873-4b2f-a490-4f0e0f7d3773'),('36108831-fe92-46a8-ad2a-a911ac255ec2','b9014f06-0654-492f-9d0e-abbc76c26ee4'),('36108831-fe92-46a8-ad2a-a911ac255ec2','af0cb1e4-d3a9-486c-93a0-189a1dad71f8'),('36108831-fe92-46a8-ad2a-a911ac255ec2','0aae6e5e-83ae-4443-9af5-46270617ecb9'),('36108831-fe92-46a8-ad2a-a911ac255ec2','1e3b0644-4e19-44a6-8fae-39f8bcbeaad3'),('36108831-fe92-46a8-ad2a-a911ac255ec2','174052dd-ddfc-44cf-8a03-6ea0787ffe1a'),('36108831-fe92-46a8-ad2a-a911ac255ec2','e7b1a4d9-3e93-4e0b-ae95-57961cea225d'),('36108831-fe92-46a8-ad2a-a911ac255ec2','85d97591-4d44-40b6-b241-3a64358af747'),('36108831-fe92-46a8-ad2a-a911ac255ec2','59e2d22e-f1c8-4f2b-b5d1-0bcd86e7af5e'),('36108831-fe92-46a8-ad2a-a911ac255ec2','4a367837-fc4d-4923-9b15-6e05dcffb4e5'),('36108831-fe92-46a8-ad2a-a911ac255ec2','c1a2f15f-09ed-44fb-9a11-6602007b9b76'),('36108831-fe92-46a8-ad2a-a911ac255ec2','163c3838-0514-4cfa-9097-44d64aa68075'),('36108831-fe92-46a8-ad2a-a911ac255ec2','1512001d-1324-44fd-8805-35fc0d9de29b'),('36108831-fe92-46a8-ad2a-a911ac255ec2','e145639f-49c4-49c5-ae3d-d4c96ed41e37'),('36108831-fe92-46a8-ad2a-a911ac255ec2','69ef169b-cb04-4c3f-9339-1145f722cb06'),('36108831-fe92-46a8-ad2a-a911ac255ec2','078d9564-b661-44ed-bfbf-f51de2c47397'),('36108831-fe92-46a8-ad2a-a911ac255ec2','0b6f1174-6d27-4ca4-baaf-68a5268fd327'),('36108831-fe92-46a8-ad2a-a911ac255ec2','550c59ca-d02e-4901-b4ba-9348a39bdb45'),('36108831-fe92-46a8-ad2a-a911ac255ec2','d6a710f0-df2f-492c-bfd6-ca10330d9e62'),('36108831-fe92-46a8-ad2a-a911ac255ec2','108428cb-ec9d-4bbd-a4ab-7a89d271cf5c'),('36108831-fe92-46a8-ad2a-a911ac255ec2','95370b28-94e6-4866-8143-b523d2ed1cec'),('36108831-fe92-46a8-ad2a-a911ac255ec2','1b3a2b9a-0a2c-455f-a75f-a6b22cb7b1aa'),('36108831-fe92-46a8-ad2a-a911ac255ec2','20c30fc3-081b-4887-be1f-1035e829c4b7'),('36108831-fe92-46a8-ad2a-a911ac255ec2','deca0caa-e494-4d57-bb92-d6734b76dd61'),('36108831-fe92-46a8-ad2a-a911ac255ec2','29b3b8fb-115e-4706-9644-63d847852214'),('36108831-fe92-46a8-ad2a-a911ac255ec2','b5bd55f6-6d77-477f-8d67-8bc47864713f'),('36108831-fe92-46a8-ad2a-a911ac255ec2','2006dfd4-d8f7-4feb-92d6-aa1d770bcc68'),('36108831-fe92-46a8-ad2a-a911ac255ec2','80dc6ea8-e0c7-45c3-a050-56fe718bf9cf'),('36108831-fe92-46a8-ad2a-a911ac255ec2','e70941ec-711e-49b7-b0f6-f59b4c0600c5'),('36108831-fe92-46a8-ad2a-a911ac255ec2','af914d40-19ea-4e09-8bcf-e097df7c03bd'),('36108831-fe92-46a8-ad2a-a911ac255ec2','4f7578d9-da7a-4d65-90b9-9a4834de3139'),('36108831-fe92-46a8-ad2a-a911ac255ec2','d68f9e09-8279-4bdf-8ce1-5616327e8db8'),('36108831-fe92-46a8-ad2a-a911ac255ec2','d5e100d6-d8fb-4fb1-8703-d9273055a996'),('36108831-fe92-46a8-ad2a-a911ac255ec2','0e65f248-d685-471b-8529-f014ad85fb53'),('36108831-fe92-46a8-ad2a-a911ac255ec2','55e3448f-7e67-43be-b67c-a6030bf03f69'),('36108831-fe92-46a8-ad2a-a911ac255ec2','ade4d3d5-e3c8-475a-ab09-93bc0947fc50'),('36108831-fe92-46a8-ad2a-a911ac255ec2','2d7ab996-93e4-430b-8c07-5da08fa58821'),('36108831-fe92-46a8-ad2a-a911ac255ec2','1f680cbf-9636-493b-8550-846ce31385ab'),('36108831-fe92-46a8-ad2a-a911ac255ec2','cc4cf329-69a1-46a8-8e9c-0ca573e58225'),('36108831-fe92-46a8-ad2a-a911ac255ec2','e206ce92-0185-4548-8200-0754bdbd113f'),('36108831-fe92-46a8-ad2a-a911ac255ec2','128b7db0-6a81-4171-a2b9-8d39391e5350'),('36108831-fe92-46a8-ad2a-a911ac255ec2','b962af36-52f9-4aa8-95e8-df78c66d7dec'),('36108831-fe92-46a8-ad2a-a911ac255ec2','e098216d-87d5-4d2d-a53b-a3508fa2dbac'),('36108831-fe92-46a8-ad2a-a911ac255ec2','ec00f329-a920-4570-abdf-d0ca26407f4a'),('36108831-fe92-46a8-ad2a-a911ac255ec2','70052404-60fe-4d9f-b5f6-26275c8b9eba'),('36108831-fe92-46a8-ad2a-a911ac255ec2','890e9f5e-9094-415d-b0e0-cbe7714c68c1'),('36108831-fe92-46a8-ad2a-a911ac255ec2','86496b65-9fe4-45f7-83a1-820d01d00547'),('36108831-fe92-46a8-ad2a-a911ac255ec2','142e34a7-4271-4be5-b454-d9a77636e3a7'),('36108831-fe92-46a8-ad2a-a911ac255ec2','f7eef966-78a1-4219-96aa-0e4756abf378'),('36108831-fe92-46a8-ad2a-a911ac255ec2','e3a443dc-7f60-44d8-ad48-dc70b1e5ce47'),('36108831-fe92-46a8-ad2a-a911ac255ec2','ef869177-c7ca-4c99-9345-ff4861bdcfb9'),('36108831-fe92-46a8-ad2a-a911ac255ec2','4c1c3d90-7c21-406c-ae2f-163b1216a81a'),('36108831-fe92-46a8-ad2a-a911ac255ec2','30dae1b6-8129-4375-9510-878e5b89b0a1'),('36108831-fe92-46a8-ad2a-a911ac255ec2','a21743cd-4ad7-48ab-9985-a80e0571eae1'),('36108831-fe92-46a8-ad2a-a911ac255ec2','2287d41a-ab3b-44d6-9b36-7cd07b47b518'),('36108831-fe92-46a8-ad2a-a911ac255ec2','8c640c89-1569-4363-ae9c-d61e83fdb566'),('36108831-fe92-46a8-ad2a-a911ac255ec2','9b679d3b-188f-4526-aa92-64737c883516'),('36108831-fe92-46a8-ad2a-a911ac255ec2','5f9b31f7-85f4-43b6-bb91-9648789774b0'),('36108831-fe92-46a8-ad2a-a911ac255ec2','add39b16-0f2b-4250-8d1c-a6328b46d2d9'),('36108831-fe92-46a8-ad2a-a911ac255ec2','501e182c-c3bf-4911-9fb0-0e299f053656'),('36108831-fe92-46a8-ad2a-a911ac255ec2','f17b7f9e-140d-434c-a038-1a80137ceaa1'),('36108831-fe92-46a8-ad2a-a911ac255ec2','16a0d672-faef-4eb1-94db-0f2376ac72c4'),('36108831-fe92-46a8-ad2a-a911ac255ec2','1abe9615-ac2f-46a7-9a28-9cce7d434a72'),('36108831-fe92-46a8-ad2a-a911ac255ec2','a688ba04-16ba-48a9-94cd-2e0f0bf17c1e'),('36108831-fe92-46a8-ad2a-a911ac255ec2','79233a5d-8f6c-4864-af77-7aa5a09db673'),('36108831-fe92-46a8-ad2a-a911ac255ec2','351f5149-241c-47b0-bec2-38b472b017c3'),('36108831-fe92-46a8-ad2a-a911ac255ec2','23d4da37-3706-4baf-b1d3-a7779f709c90'),('36108831-fe92-46a8-ad2a-a911ac255ec2','5b99dc1a-fd23-4b8f-89bd-c94f3be07645'),('36108831-fe92-46a8-ad2a-a911ac255ec2','e1e79bc5-226b-4eb5-80d5-62ea18e420f6'),('36108831-fe92-46a8-ad2a-a911ac255ec2','eef350e6-387b-4d66-a474-ce3c37659fa7'),('36108831-fe92-46a8-ad2a-a911ac255ec2','fca5a29c-60f7-4f53-b634-2fcfab789915'),('36108831-fe92-46a8-ad2a-a911ac255ec2','3581f269-0da6-428a-acfa-be2199d42e9b'),('36108831-fe92-46a8-ad2a-a911ac255ec2','c80d8698-55b8-479b-bc7c-2cbf205f4d7b'),('36108831-fe92-46a8-ad2a-a911ac255ec2','933d03e4-bddb-448e-8b1d-b39e9e2c20c3'),('36108831-fe92-46a8-ad2a-a911ac255ec2','5d3aa189-6b2c-4b05-b0cb-cbac12fca76c'),('36108831-fe92-46a8-ad2a-a911ac255ec2','dcf8f966-1370-4c1d-8677-46be6ac16780'),('36108831-fe92-46a8-ad2a-a911ac255ec2','f3088fc0-1939-4d8a-b282-52b9ffc253b4'),('36108831-fe92-46a8-ad2a-a911ac255ec2','844bb77e-879e-43e9-8e3f-9ee943ca0781'),('36108831-fe92-46a8-ad2a-a911ac255ec2','ba925a7f-c05b-49e4-84c4-922d4d12eb0b'),('36108831-fe92-46a8-ad2a-a911ac255ec2','1f313764-e36e-411a-8639-0043a1145ecf'),('36108831-fe92-46a8-ad2a-a911ac255ec2','916dbda9-027e-43b4-af7e-c3df59d07a76'),('36108831-fe92-46a8-ad2a-a911ac255ec2','052f19ba-dc12-47c6-b87a-1e9c8a314c8e'),('36108831-fe92-46a8-ad2a-a911ac255ec2','869b6ddc-b9c0-46fc-9d01-6629b5e13119'),('36108831-fe92-46a8-ad2a-a911ac255ec2','97d3e294-8775-4ebc-9ccf-c71fc0f570de'),('36108831-fe92-46a8-ad2a-a911ac255ec2','26b990ed-7b71-4c75-9a3a-4130ceeef660'),('36108831-fe92-46a8-ad2a-a911ac255ec2','b40a1c0c-0175-438d-9efa-5636274b1234'),('36108831-fe92-46a8-ad2a-a911ac255ec2','f71d3a9e-69d9-44e0-a57d-38c53fe08eec'),('36108831-fe92-46a8-ad2a-a911ac255ec2','aeb22f2a-a91c-43d9-9c05-3123562b8f64'),('36108831-fe92-46a8-ad2a-a911ac255ec2','2fe0a59f-9aaa-4d47-be3b-9d52b29552c2'),('36108831-fe92-46a8-ad2a-a911ac255ec2','667ff0a0-b607-4ea8-9820-3f84f675df26'),('36108831-fe92-46a8-ad2a-a911ac255ec2','f3897de5-5384-4300-84d0-9a4541976b7e'),('36108831-fe92-46a8-ad2a-a911ac255ec2','dc458bc6-a124-4435-9887-af4419c43f61'),('36108831-fe92-46a8-ad2a-a911ac255ec2','d5c41955-b9fb-4fae-ac82-0e153be80376'),('36108831-fe92-46a8-ad2a-a911ac255ec2','53634609-56cd-4475-90a3-92ba91323e2d'),('36108831-fe92-46a8-ad2a-a911ac255ec2','ad2c8b0b-c5ca-456f-b604-21a81df83602'),('36108831-fe92-46a8-ad2a-a911ac255ec2','1c5e7119-c8a5-473c-b73c-f987f9bb87c7'),('36108831-fe92-46a8-ad2a-a911ac255ec2','8b419aa7-bba9-43bc-993f-3b23d87aa954'),('36108831-fe92-46a8-ad2a-a911ac255ec2','39c51885-b0b9-42a2-b74a-9b46fd100ef1'),('36108831-fe92-46a8-ad2a-a911ac255ec2','c0b6eaf7-d099-429d-97a8-431322ec4403'),('36108831-fe92-46a8-ad2a-a911ac255ec2','2ea574d7-cdc5-43c0-9eaa-74ba903342b5'),('36108831-fe92-46a8-ad2a-a911ac255ec2','551a47c3-1753-4b1f-bd9e-fed5aceeda97'),('36108831-fe92-46a8-ad2a-a911ac255ec2','a7977bd8-336f-4791-95fd-9b08040e4589'),('36108831-fe92-46a8-ad2a-a911ac255ec2','6a0878b1-c87a-4e32-a5fe-632e8648d3f0'),('36108831-fe92-46a8-ad2a-a911ac255ec2','7694d527-09c0-4091-9565-6f1c053b9ea8'),('36108831-fe92-46a8-ad2a-a911ac255ec2','c029e42b-e712-4471-afa4-7a63f31af7ba'),('36108831-fe92-46a8-ad2a-a911ac255ec2','cb235608-5950-4465-97d5-99bd8086c125'),('36108831-fe92-46a8-ad2a-a911ac255ec2','71edfc0e-49d7-4374-85c3-c7cfc5faea8e'),('36108831-fe92-46a8-ad2a-a911ac255ec2','92cdac1d-2516-4d1a-8d6c-39af0b46a4c1'),('36108831-fe92-46a8-ad2a-a911ac255ec2','b6ab202f-5e99-47fc-823a-294c20228d92'),('36108831-fe92-46a8-ad2a-a911ac255ec2','e607edda-751a-4059-a66a-5230b253e03f'),('36108831-fe92-46a8-ad2a-a911ac255ec2','2689428b-fece-4b7c-9fb9-8b526964c0df'),('36108831-fe92-46a8-ad2a-a911ac255ec2','0a790f99-fe61-4775-976d-f65b996c2a16'),('36108831-fe92-46a8-ad2a-a911ac255ec2','9817d93b-a1de-4145-bf6b-22ad740d6973'),('36108831-fe92-46a8-ad2a-a911ac255ec2','e1f724e3-1c21-484a-be40-567c0f56d77c'),('36108831-fe92-46a8-ad2a-a911ac255ec2','bfd27e5d-0b2f-4e2b-b511-a7efefec09da'),('36108831-fe92-46a8-ad2a-a911ac255ec2','4197e335-d7e8-46e7-bba1-a8ce6b898ca5'),('36108831-fe92-46a8-ad2a-a911ac255ec2','6937c226-a8c8-40e1-987c-cbd73911473f'),('36108831-fe92-46a8-ad2a-a911ac255ec2','7a9e53ed-a378-4804-872b-d2f4b8cceb8b'),('36108831-fe92-46a8-ad2a-a911ac255ec2','ec718095-64a8-4390-8934-c327cf5dd677'),('36108831-fe92-46a8-ad2a-a911ac255ec2','541b6e02-b60f-4851-8a99-b70495e4bfb3'),('36108831-fe92-46a8-ad2a-a911ac255ec2','a33e18e3-9ad0-47c3-8cad-a5fa54273d9a'),('36108831-fe92-46a8-ad2a-a911ac255ec2','51c0a9ce-cd3e-4cca-9884-cd37bba6affb'),('36108831-fe92-46a8-ad2a-a911ac255ec2','e81cb9a0-7904-43b9-bb3e-3661e3e93dd3'),('36108831-fe92-46a8-ad2a-a911ac255ec2','59998d57-4e6f-42ac-bbf9-c8294a5d76ad'),('36108831-fe92-46a8-ad2a-a911ac255ec2','44c85f96-ded7-40e5-9472-0f12467dace7'),('84d5d525-cc64-4507-b427-f6146c28a93f','814487e5-a6b1-4b4b-a271-852c2d1f37a0'),('84d5d525-cc64-4507-b427-f6146c28a93f','98f6a356-c53f-47a4-b8ea-74e23d3263bb'),('84d5d525-cc64-4507-b427-f6146c28a93f','83af5698-ecff-4dbc-a441-78fd9ba08474'),('84d5d525-cc64-4507-b427-f6146c28a93f','14290247-bcf4-4a7e-b8b0-c6660f59c7bb'),('84d5d525-cc64-4507-b427-f6146c28a93f','15d60248-50bd-4f1a-84d8-3bb29b4d91d5'),('84d5d525-cc64-4507-b427-f6146c28a93f','c0606124-5450-4aae-bf38-8a51c6804942'),('84d5d525-cc64-4507-b427-f6146c28a93f','2a948b18-753e-43cb-a94d-329429a0e593'),('84d5d525-cc64-4507-b427-f6146c28a93f','3dc32832-812e-40de-a797-d81a18e03ac1'),('84d5d525-cc64-4507-b427-f6146c28a93f','a616cbb7-c1d1-4a79-a755-34c0e2faa5f4'),('84d5d525-cc64-4507-b427-f6146c28a93f','ed11131e-70e2-48e0-9644-506790767bdf'),('84d5d525-cc64-4507-b427-f6146c28a93f','23e98ad7-0c4d-4fe0-a0ba-970ae70eea8d'),('84d5d525-cc64-4507-b427-f6146c28a93f','797aeed5-4385-4bd5-9b9a-2cfac2e0afa5'),('84d5d525-cc64-4507-b427-f6146c28a93f','e4f16cf0-2e50-40c1-9499-45596c9806b3'),('84d5d525-cc64-4507-b427-f6146c28a93f','587c1d0f-0f13-4163-9a29-429253b330e9'),('84d5d525-cc64-4507-b427-f6146c28a93f','c1cc9ece-ae78-4cd8-b631-86a7cfcf29f4'),('84d5d525-cc64-4507-b427-f6146c28a93f','3334ec69-5170-4a28-aa8b-ee013a76a9e0'),('84d5d525-cc64-4507-b427-f6146c28a93f','f2ebe843-78f1-426c-992f-95d5a2c6d859'),('84d5d525-cc64-4507-b427-f6146c28a93f','2efdc9f3-013d-4b85-bbce-2f915b29e788'),('84d5d525-cc64-4507-b427-f6146c28a93f','f552a543-2612-4df8-b2a6-e157c55dbfe0'),('84d5d525-cc64-4507-b427-f6146c28a93f','14072b26-3656-4402-b52f-d0929ab7f04f'),('84d5d525-cc64-4507-b427-f6146c28a93f','c1a4e14b-1c5d-45d9-aee8-3b415560eda3'),('84d5d525-cc64-4507-b427-f6146c28a93f','3c42265d-367d-4d54-a6b3-5ab8319671c1'),('84d5d525-cc64-4507-b427-f6146c28a93f','c57f47d9-2170-4861-a226-debbabd9831f'),('84d5d525-cc64-4507-b427-f6146c28a93f','27932743-b66f-4688-8f3e-d6747f2d09a6'),('84d5d525-cc64-4507-b427-f6146c28a93f','27159945-66fe-4196-bd5c-6269621d4d4d'),('84d5d525-cc64-4507-b427-f6146c28a93f','1f9f2d3a-47f8-405b-b779-804495987a52'),('84d5d525-cc64-4507-b427-f6146c28a93f','c0b6184b-d597-47ae-a994-3d3612a45009'),('84d5d525-cc64-4507-b427-f6146c28a93f','150ecf1f-5450-451e-b9cd-7684434f5017'),('84d5d525-cc64-4507-b427-f6146c28a93f','75c335b0-c848-43a9-93ed-6e997215d5d9'),('84d5d525-cc64-4507-b427-f6146c28a93f','19dd1d75-d70b-4ecd-b1d1-ad8f4482c97c'),('84d5d525-cc64-4507-b427-f6146c28a93f','3c44c7d1-f684-4706-9414-9de7beff0b56'),('84d5d525-cc64-4507-b427-f6146c28a93f','63615fdc-d747-435f-9f86-82890f461f1b'),('84d5d525-cc64-4507-b427-f6146c28a93f','36937ae7-57ee-4417-bdc8-0d0fad164946'),('84d5d525-cc64-4507-b427-f6146c28a93f','5a64c8d6-84b0-4036-95e8-9692187c6ecd'),('84d5d525-cc64-4507-b427-f6146c28a93f','3d061fee-8cb2-40d8-92d9-09aa4701de50'),('84d5d525-cc64-4507-b427-f6146c28a93f','3609020f-5ab0-4eb3-8bc4-a79238b9d839'),('84d5d525-cc64-4507-b427-f6146c28a93f','60883c08-09b8-483a-ba51-22b754b2fd17'),('84d5d525-cc64-4507-b427-f6146c28a93f','2fde5f91-7c45-438e-aa2f-64866b4af7a0'),('84d5d525-cc64-4507-b427-f6146c28a93f','f4a7a356-67db-48c1-81ff-92535eadb70c'),('84d5d525-cc64-4507-b427-f6146c28a93f','8bfaf2c6-bfab-47b1-9af5-6247955d70fe'),('84d5d525-cc64-4507-b427-f6146c28a93f','1614344e-2c5f-4253-9d26-ec84b27e4244'),('84d5d525-cc64-4507-b427-f6146c28a93f','6241e4fd-d53a-4bc3-bfc4-3f01d580de6d'),('84d5d525-cc64-4507-b427-f6146c28a93f','26df909d-0d3f-41b0-8276-12592925b135'),('84d5d525-cc64-4507-b427-f6146c28a93f','b405cfd9-d52c-4bc3-ac1c-65217f4dc0e1'),('84d5d525-cc64-4507-b427-f6146c28a93f','e673a357-ae10-4682-823a-3dacb51d4d6c'),('84d5d525-cc64-4507-b427-f6146c28a93f','58c70ea3-18f8-42b6-825c-42d5b1e5d178'),('84d5d525-cc64-4507-b427-f6146c28a93f','d865ea6f-e737-4b70-b43b-50259a08431c'),('84d5d525-cc64-4507-b427-f6146c28a93f','b8d5aa98-290b-4f76-ac1c-98a01ded0b4b'),('84d5d525-cc64-4507-b427-f6146c28a93f','2f320ce9-730d-498d-a4cc-37eb257213ef'),('84d5d525-cc64-4507-b427-f6146c28a93f','2260a6ad-515f-4515-a332-be54f62b0799'),('84d5d525-cc64-4507-b427-f6146c28a93f','fbc23eac-b8dd-48a6-bf05-e3e2f6a81b45'),('84d5d525-cc64-4507-b427-f6146c28a93f','af1bb900-d36e-493e-9451-20d1d273009e'),('84d5d525-cc64-4507-b427-f6146c28a93f','6552c200-6945-4d5f-a7b3-7fa5cd8c8fb0'),('84d5d525-cc64-4507-b427-f6146c28a93f','b46f804b-4bc1-4e1f-a7a9-b5ffe581a780'),('84d5d525-cc64-4507-b427-f6146c28a93f','2e6ecf4c-f488-4f39-ba6c-aa8b564aa58e'),('84d5d525-cc64-4507-b427-f6146c28a93f','c1a4c5d5-8d9b-4f29-848c-5e21bbbdcada'),('84d5d525-cc64-4507-b427-f6146c28a93f','5c36d8ec-850b-43ec-8ad4-94d9a5b32d79'),('84d5d525-cc64-4507-b427-f6146c28a93f','fdae67dc-5868-4788-a719-0fec8e38adab'),('84d5d525-cc64-4507-b427-f6146c28a93f','892dfb2e-ba29-41c9-b6e9-66638f45554c'),('84d5d525-cc64-4507-b427-f6146c28a93f','a1487633-6f06-4163-8807-ba85c2acf808'),('84d5d525-cc64-4507-b427-f6146c28a93f','4978c512-ae2c-47a0-87ad-292e1ba619dd'),('84d5d525-cc64-4507-b427-f6146c28a93f','0b4f23b4-7bbc-4a68-a67f-10998199c646'),('84d5d525-cc64-4507-b427-f6146c28a93f','a82d2223-33ca-4c83-a658-de12a29577e7'),('84d5d525-cc64-4507-b427-f6146c28a93f','2a56b746-17ab-4bd5-ad5d-df19a447336e'),('84d5d525-cc64-4507-b427-f6146c28a93f','18ddebf3-2e2a-4076-9be4-dfb36d2285a1'),('84d5d525-cc64-4507-b427-f6146c28a93f','a247ea4a-203f-4fd8-92a0-b3ecae2135bc'),('84d5d525-cc64-4507-b427-f6146c28a93f','ee607ced-6a0c-414f-bb64-632ca17bfac2'),('84d5d525-cc64-4507-b427-f6146c28a93f','76b5b565-7743-430d-8459-735f2eeed480'),('84d5d525-cc64-4507-b427-f6146c28a93f','84e9fa8a-f7cd-4cd7-8b2f-89940ba256bf'),('84d5d525-cc64-4507-b427-f6146c28a93f','fc87da22-eb8d-4e28-9dc6-0db46ccb5a99'),('84d5d525-cc64-4507-b427-f6146c28a93f','a4fa673c-179e-40b8-9389-34e3a20c9be9'),('84d5d525-cc64-4507-b427-f6146c28a93f','1f3784cb-f7cc-49a0-bd81-5245cceea711'),('84d5d525-cc64-4507-b427-f6146c28a93f','36502b82-5ca2-4f70-8ad4-1121bc3250d4'),('84d5d525-cc64-4507-b427-f6146c28a93f','e0a4aad2-caca-4f61-9378-4252d061444f'),('84d5d525-cc64-4507-b427-f6146c28a93f','a852390c-eef7-491b-8afb-df42611cd5e9'),('84d5d525-cc64-4507-b427-f6146c28a93f','c0bc9ea5-add7-4cc8-8cf9-8a6129fe6732'),('84d5d525-cc64-4507-b427-f6146c28a93f','a6169374-1e03-483d-908f-e7a03116a21b'),('84d5d525-cc64-4507-b427-f6146c28a93f','b2a68e0c-0d59-4fbb-907e-7a06a9d4e766'),('84d5d525-cc64-4507-b427-f6146c28a93f','9a58a494-2c64-4bb2-a66b-18953b2d452c'),('84d5d525-cc64-4507-b427-f6146c28a93f','68bf0aac-df5e-4326-8ad9-2668bf1d74da'),('84d5d525-cc64-4507-b427-f6146c28a93f','25caf956-05de-4c6d-93fb-69f299bdefa3'),('84d5d525-cc64-4507-b427-f6146c28a93f','90dc0547-56b3-4370-b817-f40624aa3c53'),('84d5d525-cc64-4507-b427-f6146c28a93f','87310b4f-c0b4-4725-9b0b-587abdfff63e'),('84d5d525-cc64-4507-b427-f6146c28a93f','8ea22aa8-c8cb-4a0e-a516-2a0d4608f8f2'),('84d5d525-cc64-4507-b427-f6146c28a93f','6e0100fb-e3f3-4cf8-92f1-25bd94acf6bd'),('84d5d525-cc64-4507-b427-f6146c28a93f','92fed148-8505-45cc-896c-f39e22d39469'),('84d5d525-cc64-4507-b427-f6146c28a93f','ac5f66eb-ce83-4bd9-904b-14d8e7ee0fd9'),('84d5d525-cc64-4507-b427-f6146c28a93f','f4635018-5df3-4261-a319-2ea1deb31eeb'),('84d5d525-cc64-4507-b427-f6146c28a93f','3d4f4a0d-5e37-4942-b153-7b79c4252927'),('84d5d525-cc64-4507-b427-f6146c28a93f','042de407-d970-4fec-af4f-67413880deff'),('84d5d525-cc64-4507-b427-f6146c28a93f','2c44ffd3-1d27-48bd-831b-741ea45b6dfd'),('84d5d525-cc64-4507-b427-f6146c28a93f','e79df476-8f28-4088-972a-7100cd360a74'),('84d5d525-cc64-4507-b427-f6146c28a93f','4a259373-991a-4b1a-8c56-6e81f1034bc3'),('84d5d525-cc64-4507-b427-f6146c28a93f','dff7e205-88b2-4e7c-8ba7-4babf69325a3'),('84d5d525-cc64-4507-b427-f6146c28a93f','ecc1e1ae-a57b-49fe-b0b8-8d1a55ae2e82'),('84d5d525-cc64-4507-b427-f6146c28a93f','3415ce77-60c0-41d4-ac8f-2e960b7e70fd'),('84d5d525-cc64-4507-b427-f6146c28a93f','1979f191-fe30-4449-ace7-c94b6f04bb8e'),('84d5d525-cc64-4507-b427-f6146c28a93f','adcbea57-c5d6-4806-b884-46fc301f2851'),('84d5d525-cc64-4507-b427-f6146c28a93f','64fc48c6-c0db-4653-ad60-7a7515f7d87a'),('84d5d525-cc64-4507-b427-f6146c28a93f','34ece2d5-8ee0-449a-9af8-de0556d1507d'),('84d5d525-cc64-4507-b427-f6146c28a93f','57e7217c-8da9-4a7e-b762-43fff10f75fb'),('84d5d525-cc64-4507-b427-f6146c28a93f','cdb10567-788a-42dd-ade2-873f53362de0'),('84d5d525-cc64-4507-b427-f6146c28a93f','43dc49ee-16b3-4fea-994f-d2fbecd25836'),('84d5d525-cc64-4507-b427-f6146c28a93f','4165574f-634d-47e7-a14e-c712c31ff44f'),('84d5d525-cc64-4507-b427-f6146c28a93f','4313fedb-84e6-4056-98a9-98d4d9d72d3a'),('84d5d525-cc64-4507-b427-f6146c28a93f','10b0165f-dab2-4e1e-926a-b2e98ebb3bfc'),('84d5d525-cc64-4507-b427-f6146c28a93f','6f650686-5cc4-4e80-9e4a-a0599d5db8ea'),('84d5d525-cc64-4507-b427-f6146c28a93f','07b23c48-5550-449f-8126-91a1cf4cd27d'),('84d5d525-cc64-4507-b427-f6146c28a93f','0bdada7e-9c29-491c-9842-1e7a5f9c6842'),('84d5d525-cc64-4507-b427-f6146c28a93f','84c16241-b789-4c9a-849c-e3f6d4acc0c7'),('84d5d525-cc64-4507-b427-f6146c28a93f','4368c010-f509-4e19-95e0-a432484993d9'),('84d5d525-cc64-4507-b427-f6146c28a93f','a56242e9-21ae-4c29-9b74-12b446d31f3e'),('84d5d525-cc64-4507-b427-f6146c28a93f','36c6c5a2-32c7-433d-af92-ab7bc77a3527'),('84d5d525-cc64-4507-b427-f6146c28a93f','c9952d19-17e6-426b-8d2b-56cc6141407a'),('84d5d525-cc64-4507-b427-f6146c28a93f','d041caba-f476-42d0-9eff-3d806e0aff64'),('84d5d525-cc64-4507-b427-f6146c28a93f','72b4244d-ba07-4f76-a17f-efeb31371c0e'),('84d5d525-cc64-4507-b427-f6146c28a93f','fce1bcce-b8c1-47f9-adfc-e3175567fc85'),('84d5d525-cc64-4507-b427-f6146c28a93f','c8c5602d-c80d-48c1-8c39-be62b286ef63'),('84d5d525-cc64-4507-b427-f6146c28a93f','4771e57a-1f43-450c-8a0a-8b5090a86c3a'),('84d5d525-cc64-4507-b427-f6146c28a93f','5724c7b9-b58c-4fee-957d-2c806176620b'),('84d5d525-cc64-4507-b427-f6146c28a93f','6fe15749-5827-44df-bd0c-7edd7ddd4c8c'),('84d5d525-cc64-4507-b427-f6146c28a93f','bef01da4-d35a-4767-9215-80309e029974'),('84d5d525-cc64-4507-b427-f6146c28a93f','7986e5e5-bff4-46da-bcab-1802450bb58b'),('84d5d525-cc64-4507-b427-f6146c28a93f','dfad163b-a16e-413c-8ac2-b92af9af5104'),('84d5d525-cc64-4507-b427-f6146c28a93f','0440bb99-082d-495e-9c41-b0c78c945067'),('84d5d525-cc64-4507-b427-f6146c28a93f','095706a3-0fb9-4830-8916-737b52ebbb34'),('84d5d525-cc64-4507-b427-f6146c28a93f','a39fee02-f7e8-428b-a916-b11159146220'),('84d5d525-cc64-4507-b427-f6146c28a93f','092ba044-d01d-4065-977c-0e2b878bc252'),('84d5d525-cc64-4507-b427-f6146c28a93f','696598bb-b76b-4cc3-aba0-308119d0910d'),('84d5d525-cc64-4507-b427-f6146c28a93f','667689c7-adf1-4cd3-af0d-c8409a36009b'),('84d5d525-cc64-4507-b427-f6146c28a93f','01fd9859-71dd-4940-9407-6cdf8b709dcf'),('84d5d525-cc64-4507-b427-f6146c28a93f','74a2ed22-96ec-4648-a6f6-bcea7ccae09d'),('84d5d525-cc64-4507-b427-f6146c28a93f','8eb151d7-42d9-477a-a977-5c4775b6ca32'),('84d5d525-cc64-4507-b427-f6146c28a93f','bcb9d5c4-f60c-441a-bd10-051108a2c96c'),('84d5d525-cc64-4507-b427-f6146c28a93f','4b2bd751-1532-463d-bef5-c5aaef2d0755'),('84d5d525-cc64-4507-b427-f6146c28a93f','a76e52a2-c22d-437e-be44-29203c102e59'),('84d5d525-cc64-4507-b427-f6146c28a93f','51ce20de-169b-4b37-ab9c-43a8c3d73d8d'),('84d5d525-cc64-4507-b427-f6146c28a93f','fce1cd99-3e60-4c2d-a7a4-f47225546da7'),('84d5d525-cc64-4507-b427-f6146c28a93f','ba844654-3bd3-41ad-966d-6cd23827b41a'),('84d5d525-cc64-4507-b427-f6146c28a93f','b961be4c-23f7-4c43-a14e-b2ef5fec6f3c'),('84d5d525-cc64-4507-b427-f6146c28a93f','6289fd30-bc9a-49dd-8d96-0c069d6ee6c3'),('84d5d525-cc64-4507-b427-f6146c28a93f','0c713585-bfce-498e-ba69-e56f7df66e9e'),('84d5d525-cc64-4507-b427-f6146c28a93f','94e01b3b-ea21-49e6-95c1-6c9cb54303e8'),('84d5d525-cc64-4507-b427-f6146c28a93f','8f7581b6-0737-41b8-8241-77d88a64c151'),('84d5d525-cc64-4507-b427-f6146c28a93f','0552edba-c643-4e78-a29f-caca22f44c2b'),('84d5d525-cc64-4507-b427-f6146c28a93f','6fa0354f-a18b-4502-8863-c92015783be6'),('84d5d525-cc64-4507-b427-f6146c28a93f','2c548d6a-141e-4c89-add0-79da69a26150'),('84d5d525-cc64-4507-b427-f6146c28a93f','682fcec0-a043-4f5a-8c51-ed62efedc757'),('84d5d525-cc64-4507-b427-f6146c28a93f','9774191c-d671-4407-85d6-3a59b31d19a8'),('84d5d525-cc64-4507-b427-f6146c28a93f','6926e55a-c346-4b2f-8576-ba9ae7c11e9b'),('84d5d525-cc64-4507-b427-f6146c28a93f','f93a9b8f-24d9-458b-b5fb-8145bb683ebd'),('84d5d525-cc64-4507-b427-f6146c28a93f','e4cf531d-ceb4-4658-af51-4dc2fba58534'),('84d5d525-cc64-4507-b427-f6146c28a93f','091c6de7-efa0-4f8d-813a-1b17a97ebb1b'),('84d5d525-cc64-4507-b427-f6146c28a93f','27ac3068-5d48-443c-a87b-9c2ab7f9b2ed'),('84d5d525-cc64-4507-b427-f6146c28a93f','555b4a52-7a7e-4752-85e6-4341fa0762eb'),('84d5d525-cc64-4507-b427-f6146c28a93f','3ca17ced-568b-4c03-afc4-4128ac24399a'),('84d5d525-cc64-4507-b427-f6146c28a93f','3fac35ec-5226-4960-a51f-55c583722a5c'),('84d5d525-cc64-4507-b427-f6146c28a93f','7af83738-e75f-44a2-9ea3-fef4b34604b8'),('84d5d525-cc64-4507-b427-f6146c28a93f','4bac10f9-8fbe-4b24-974a-09474b67ca99'),('84d5d525-cc64-4507-b427-f6146c28a93f','c8074def-52d4-4aff-98b2-faa335b57ed8'),('84d5d525-cc64-4507-b427-f6146c28a93f','c6d32021-93f0-4c63-9f69-2ea65511a171'),('84d5d525-cc64-4507-b427-f6146c28a93f','c6aedc90-673c-4b6d-9673-81a953798ceb'),('84d5d525-cc64-4507-b427-f6146c28a93f','a8b22542-28a1-454f-b856-74dcc23a69a0'),('84d5d525-cc64-4507-b427-f6146c28a93f','2db99f42-4bf7-4af3-a7fa-e814bbe1222d'),('84d5d525-cc64-4507-b427-f6146c28a93f','426d1ece-3fa8-4ef1-9ea3-a822691e162e'),('84d5d525-cc64-4507-b427-f6146c28a93f','3f9e7eae-2d73-428d-bdb4-ad7011d411b5'),('84d5d525-cc64-4507-b427-f6146c28a93f','fdaace54-6b3f-4dc4-a42e-4e641eeabf9b'),('84d5d525-cc64-4507-b427-f6146c28a93f','1f064fec-7551-4c30-8b30-33f53b6a102c'),('84d5d525-cc64-4507-b427-f6146c28a93f','81496669-08ae-497e-bf24-570817873ab4'),('84d5d525-cc64-4507-b427-f6146c28a93f','e848ccfa-d88f-4b6a-a8a9-5354cfbf9fc8'),('84d5d525-cc64-4507-b427-f6146c28a93f','553cc25b-f3d4-4bfa-a7c9-ad5643039dc7'),('84d5d525-cc64-4507-b427-f6146c28a93f','88766d71-4c61-4e7e-adbc-4c396aaea427'),('84d5d525-cc64-4507-b427-f6146c28a93f','53343f2e-5f5a-4a63-89ec-314afa790e9b'),('84d5d525-cc64-4507-b427-f6146c28a93f','82529976-baf7-49af-b49b-2459c976034a'),('84d5d525-cc64-4507-b427-f6146c28a93f','8afdd881-0f4a-4133-b572-4f4abcd446c3'),('84d5d525-cc64-4507-b427-f6146c28a93f','ee774540-30e2-4489-a25b-8ae32f850dc4'),('84d5d525-cc64-4507-b427-f6146c28a93f','c9ab61fe-ba59-4381-8081-1a6aa6553bb2'),('84d5d525-cc64-4507-b427-f6146c28a93f','de632029-86eb-4928-8946-79e4fa69661c'),('84d5d525-cc64-4507-b427-f6146c28a93f','22ea0e0b-1ee4-42ab-9b11-d07db259a725'),('84d5d525-cc64-4507-b427-f6146c28a93f','60a3708c-c609-4727-8da7-b38f49c49ae7'),('84d5d525-cc64-4507-b427-f6146c28a93f','e02fd793-3840-47e0-922f-22ad00e754d8'),('84d5d525-cc64-4507-b427-f6146c28a93f','d6c13bd0-83d3-403e-808b-09eb1c41c0d8'),('84d5d525-cc64-4507-b427-f6146c28a93f','4491c61b-cf32-4da9-a47f-831a21245494'),('84d5d525-cc64-4507-b427-f6146c28a93f','1b19ce2f-459b-4037-b144-dedb6729b28e'),('84d5d525-cc64-4507-b427-f6146c28a93f','8456f287-9883-4264-8420-a7acb90f1ccb'),('84d5d525-cc64-4507-b427-f6146c28a93f','8be2c8cd-dcaa-4271-b745-5a63273c19d1'),('84d5d525-cc64-4507-b427-f6146c28a93f','79cdd315-568f-44ab-aacc-a317ccc15a8d'),('84d5d525-cc64-4507-b427-f6146c28a93f','37afef16-f820-4b80-b896-acd902a88ed0'),('84d5d525-cc64-4507-b427-f6146c28a93f','38a72153-2d02-482c-ac83-91787936b2ed'),('84d5d525-cc64-4507-b427-f6146c28a93f','41787105-8d3f-4f47-8a47-7bf5b57b5a0a'),('84d5d525-cc64-4507-b427-f6146c28a93f','badce613-2a99-4abb-97f7-37d55c478caf'),('84d5d525-cc64-4507-b427-f6146c28a93f','4ab666a6-6752-4038-a04b-a298b04175db'),('84d5d525-cc64-4507-b427-f6146c28a93f','4238822b-732d-478f-9cde-4c4fa7ecd751'),('84d5d525-cc64-4507-b427-f6146c28a93f','ad378b26-270e-4695-bdff-6b05f65bc080'),('84d5d525-cc64-4507-b427-f6146c28a93f','7c9e9118-cc71-4d5f-95b6-96867719abd0'),('84d5d525-cc64-4507-b427-f6146c28a93f','6f1dabc2-b1b6-4f58-834d-bbc1c76d4e63'),('84d5d525-cc64-4507-b427-f6146c28a93f','0c9924a4-7da3-42f5-b1e0-390b9ba90739'),('84d5d525-cc64-4507-b427-f6146c28a93f','ceda4056-c05a-4fa6-9808-ce2a7109ca66'),('84d5d525-cc64-4507-b427-f6146c28a93f','c23c4cd3-81a3-4096-902e-2ca3b97a772b'),('84d5d525-cc64-4507-b427-f6146c28a93f','15b28efb-4e90-4cbc-bd15-3496b0adfc9c'),('84d5d525-cc64-4507-b427-f6146c28a93f','21963bf7-4153-4b85-9c8b-fc66cdbb182e'),('84d5d525-cc64-4507-b427-f6146c28a93f','73b45522-a0be-4e6e-aeda-f0eaf645bc9b'),('84d5d525-cc64-4507-b427-f6146c28a93f','5683af04-2e67-43ab-abd4-c1c345857800'),('84d5d525-cc64-4507-b427-f6146c28a93f','8e3d26be-e9ed-4e3d-accd-87492a4efdcd'),('84d5d525-cc64-4507-b427-f6146c28a93f','d2dccd91-11df-472a-be63-da30a597e85b'),('84d5d525-cc64-4507-b427-f6146c28a93f','c4bbc864-cd82-476f-9ae2-1744cfda67ab'),('84d5d525-cc64-4507-b427-f6146c28a93f','29a014b7-d1c3-467a-a8ff-c6e74c650002'),('84d5d525-cc64-4507-b427-f6146c28a93f','a7a31682-5dc4-4996-8ec9-1d5c8900d817'),('84d5d525-cc64-4507-b427-f6146c28a93f','9a034556-86ca-453c-8212-71ae7df8b103'),('84d5d525-cc64-4507-b427-f6146c28a93f','2e1d5042-bc6d-485d-8c6a-cb184df96b2a'),('84d5d525-cc64-4507-b427-f6146c28a93f','16cc7db2-9d7d-44c1-96fc-44fdf92b450f'),('84d5d525-cc64-4507-b427-f6146c28a93f','fe0cd98b-5c4f-48cf-8541-7e8f2de63748'),('84d5d525-cc64-4507-b427-f6146c28a93f','99369a5e-c6b3-417d-b7ba-dbc7bc2d1dcb'),('84d5d525-cc64-4507-b427-f6146c28a93f','5d334776-ba30-49b4-b56e-626f30e98d5b'),('84d5d525-cc64-4507-b427-f6146c28a93f','50770714-d8cd-4874-b398-ddc38612e586'),('84d5d525-cc64-4507-b427-f6146c28a93f','0737fd17-52d0-42d1-9f38-aa09139fc259'),('84d5d525-cc64-4507-b427-f6146c28a93f','06469811-8d4a-468f-ba0b-9310e55ac854'),('84d5d525-cc64-4507-b427-f6146c28a93f','0d0376f5-7260-4e0c-8fa0-3c1f8352cbc9'),('84d5d525-cc64-4507-b427-f6146c28a93f','16c12073-24af-4d3b-bd9f-13f0a8adc9c4'),('84d5d525-cc64-4507-b427-f6146c28a93f','40f57f1e-b529-4e4d-893a-ca3be2805bfd'),('84d5d525-cc64-4507-b427-f6146c28a93f','b4d15548-25fe-4dee-9639-e72b6f27f7e7'),('84d5d525-cc64-4507-b427-f6146c28a93f','839e6a8d-f9c0-4ecf-a588-df744754e30d'),('84d5d525-cc64-4507-b427-f6146c28a93f','e4fba79a-bdf4-4b28-afb3-3f4a9c47692b'),('84d5d525-cc64-4507-b427-f6146c28a93f','5c75f414-cdea-4f64-a5df-495b845b7f77');
/*!40000 ALTER TABLE `vendor_test` ENABLE KEYS */;
UNLOCK TABLES;
/*!40103 SET TIME_ZONE=@OLD_TIME_ZONE */;

/*!40101 SET SQL_MODE=@OLD_SQL_MODE */;
/*!40014 SET FOREIGN_KEY_CHECKS=@OLD_FOREIGN_KEY_CHECKS */;
/*!40014 SET UNIQUE_CHECKS=@OLD_UNIQUE_CHECKS */;
/*!40101 SET CHARACTER_SET_CLIENT=@OLD_CHARACTER_SET_CLIENT */;
/*!40101 SET CHARACTER_SET_RESULTS=@OLD_CHARACTER_SET_RESULTS */;
/*!40101 SET COLLATION_CONNECTION=@OLD_COLLATION_CONNECTION */;
/*!40111 SET SQL_NOTES=@OLD_SQL_NOTES */;

-- Dump completed on 2015-08-10  2:22:04
